1.415089069999999893e-01
4.455646099999999860e-02
2.903348299999999882e-02
5.101967000000000307e-02
1.726734869999999866e-01
1.082147700000000018e-01
1.973187829999999976e-01
1.877795989999999915e-01
5.511894720000000136e-01
2.991754249999999948e-01
1.708480460000000034e-01
1.092249849999999967e-01
2.045521900000000018e-02
6.266939200000000432e-02
2.897248459999999803e-01
1.757596230000000037e-01
2.469567380000000090e-01
1.491377459999999877e-01
5.581066900000000025e-02
6.969983100000000376e-02
5.357326919999999548e-01
2.992783780000000116e-01
2.521430989999999817e-01
2.471521269999999992e-01
4.596163030000000038e-01
1.270333690000000071e-01
4.286763579999999796e-01
6.372753150000000089e-01
8.744767709999999861e-01
6.916184699999999852e-01
5.520855569999999490e-01
3.881983379999999761e-01
3.162115599999999749e-02
4.498307579999999972e-01
6.694398259999999601e-01
4.423884209999999761e-01
5.997334720000000452e-01
5.703117899999999851e-01
2.565718419999999944e-01
4.893873180000000156e-01
8.871652000000000704e-03
-2.669494199999999928e-02
-8.499950400000000350e-02
-4.327525699999999753e-02
-2.898985700000000082e-02
-1.694645100000000126e-02
-2.540616500000000139e-02
1.664195219999999864e-01
3.646710080000000187e-01
2.081406050000000063e-01
4.528565600000000052e-02
5.934345500000000329e-02
-8.937861499999999459e-02
2.054059159999999939e-01
1.338071650000000057e-01
6.780343199999999682e-02
9.210722300000000196e-02
1.039939000000000002e-01
1.076520700000000060e-02
8.057548800000000067e-02
1.834980149999999866e-01
-1.741895200000000143e-02
5.519193900000000236e-02
1.235478329999999958e-01
1.616109890000000104e-01
1.478792999999999948e-03
6.211278199999999833e-02
2.684717679999999995e-01
5.670270459999999790e-01
3.074668389999999918e-01
2.296333580000000096e-01
1.344165210000000110e-01
-2.416785999999999934e-02
7.211211999999999830e-03
2.818880599999999959e-01
1.285066619999999937e-01
3.408247899999999886e-01
1.682370460000000012e-01
-9.062628999999999824e-02
1.968654579999999932e-01
1.370711540000000006e-01
5.573213899999999998e-02
-3.849152299999999971e-02
2.564082700000000145e-02
2.177409400000000078e-02
-1.696988600000000000e-02
8.671712199999999371e-02
1.551588560000000117e-01
4.271663569999999965e-01
2.006576579999999888e-01
1.189536380000000004e-01
3.643329499999999749e-02
3.931990900000000011e-02
9.331242700000000334e-02
2.245879580000000042e-01
7.536077200000000642e-02
1.146345329999999968e-01
2.316068840000000129e-01
4.421315900000000187e-02
1.370524180000000092e-01
-3.145324800000000309e-02
-2.588535999999999788e-03
-6.608919999999999899e-03
1.365193110000000043e-01
9.168655600000000239e-02
7.735196900000000653e-02
-5.234621000000000066e-03
4.041478500000000168e-02
1.541485270000000074e-01
6.871864599999999434e-02
8.264968400000000104e-02
5.861362800000000095e-02
2.772438500000000070e-02
2.061465900000000045e-02
5.820656200000000335e-02
1.055558159999999968e-01
-4.249903800000000287e-02
6.201877499999999821e-02
-8.749838599999999744e-02
8.943004699999999862e-02
8.329670100000000077e-02
5.896690899999999791e-02
-1.210043249999999959e-01
-7.999595599999999307e-02
2.011369209999999963e-01
-1.781119700000000083e-02
-1.588893429999999884e-01
9.598668900000000004e-02
2.986145720000000225e-01
1.752950869999999883e-01
9.868485899999999977e-02
-1.340503699999999986e-02
-2.201650999999999955e-02
-5.710777000000000214e-03
1.609289459999999894e-01
5.814132799999999907e-02
9.336803400000000253e-02
1.224884670000000036e-01
-4.202941000000000316e-02
2.705712699999999749e-01
9.092119640000000391e-01
8.246178899999999645e-01
5.468525189999999814e-01
7.074893859999999979e-01
8.814780100000000340e-01
6.523239730000000014e-01
8.813339869999999854e-01
9.416354559999999818e-01
9.891350460000000178e-01
9.491374209999999811e-01
9.249267730000000354e-01
8.526441759999999759e-01
2.218847700000000089e-01
8.917739730000000531e-01
9.665193730000000150e-01
8.750018229999999564e-01
9.262828229999999774e-01
9.147615319999999883e-01
6.410568079999999780e-01
8.823218830000000290e-01
4.616880859999999975e-01
2.828780100000000131e-01
1.288207979999999864e-01
1.599289580000000099e-01
3.759795329999999769e-01
1.274457810000000080e-01
4.096120420000000095e-01
5.610098089999999704e-01
8.046432279999999881e-01
6.276443980000000478e-01
4.952384759999999830e-01
2.726627830000000197e-01
3.494955000000000110e-03
3.475710309999999748e-01
5.904169849999999498e-01
3.640715489999999943e-01
4.882092860000000201e-01
4.719256869999999826e-01
2.839208630000000233e-01
4.458210699999999860e-01
9.316419630000000174e-01
8.628300519999999585e-01
6.200390279999999921e-01
7.611290059999999968e-01
9.069181280000000456e-01
7.015553770000000355e-01
9.240601149999999597e-01
9.597621450000000110e-01
9.992210270000000394e-01
9.671642790000000156e-01
9.350046330000000294e-01
8.710496399999999584e-01
3.048864419999999797e-01
9.293128299999999786e-01
9.798979899999999965e-01
9.068148620000000548e-01
9.566429720000000358e-01
9.425484370000000167e-01
7.117950360000000476e-01
9.135346909999999543e-01
7.283941600000000127e-01
5.278220190000000311e-01
2.245592949999999921e-01
4.747962450000000056e-01
6.158598929999999916e-01
3.144995600000000113e-01
6.394185300000000405e-01
7.986038989999999504e-01
9.397871700000000050e-01
8.214917299999999756e-01
7.143248599999999504e-01
5.508737350000000310e-01
5.401390699999999989e-02
6.560572300000000467e-01
8.656002729999999756e-01
6.448495300000000041e-01
7.680256810000000156e-01
7.279038810000000304e-01
3.250494959999999933e-01
6.459454159999999945e-01
1.474162750000000133e-01
1.880169110000000088e-01
5.407578600000000069e-02
-8.096868399999999910e-02
1.212682030000000050e-01
-2.728320700000000029e-02
1.508240240000000010e-01
2.143241670000000099e-01
5.220331369999999804e-01
2.615505779999999780e-01
1.874660810000000066e-01
5.582163600000000087e-02
2.019365600000000080e-02
1.384408440000000073e-01
2.812734760000000223e-01
1.173746120000000032e-01
1.858049129999999882e-01
1.361430260000000003e-01
2.816726799999999878e-02
1.266202869999999980e-01
6.575413300000000627e-02
4.969280100000000172e-02
4.854626199999999975e-02
-4.339999900000000160e-02
6.515268000000000448e-02
-7.793465800000000387e-02
-1.969929899999999998e-02
1.293724899999999962e-02
2.922430000000000166e-03
3.926619999999999590e-03
-3.093653999999999935e-03
-9.201218799999999476e-02
-5.763515200000000199e-02
-1.210794999999999927e-02
1.428874299999999958e-02
1.139429299999999978e-01
5.889975000000000072e-02
8.355463300000000315e-02
2.154805900000000135e-02
2.494082850000000073e-01
1.488202670000000061e-01
1.156957720000000023e-01
3.536491800000000213e-02
2.090252499999999958e-01
5.381645799999999757e-02
1.921440510000000101e-01
3.469125060000000094e-01
6.973120269999999454e-01
4.119696210000000081e-01
2.725316059999999818e-01
1.392190130000000026e-01
-2.509157000000000054e-02
1.647290540000000136e-01
4.045331160000000259e-01
1.629504250000000098e-01
3.111184759999999772e-01
3.070306979999999908e-01
1.050524109999999983e-01
2.663303920000000269e-01
7.868243299999999607e-01
6.428381450000000275e-01
3.557719830000000139e-01
5.128469639999999607e-01
7.549295560000000016e-01
4.679120350000000039e-01
7.504623860000000368e-01
8.390909389999999801e-01
9.492221029999999837e-01
8.891416850000000149e-01
8.029174129999999687e-01
6.665630070000000407e-01
1.538027339999999965e-01
7.381634990000000007e-01
8.569525540000000330e-01
7.347889069999999911e-01
8.221478340000000218e-01
8.009032379999999618e-01
5.297143060000000236e-01
7.540850890000000417e-01
1.006598689999999990e-01
3.780487600000000115e-02
2.915058900000000106e-02
-2.629012500000000099e-02
5.470377900000000099e-02
4.738973700000000122e-02
5.597015400000000113e-02
2.407577880000000004e-01
4.215259230000000246e-01
1.871710679999999960e-01
8.983463599999999549e-02
4.734257599999999733e-02
1.240342100000000058e-01
7.929108499999999726e-02
2.457686089999999990e-01
7.435713300000000581e-02
8.485204699999999989e-02
2.160234209999999933e-01
2.645948999999999871e-02
7.650332899999999492e-02
4.093319970000000030e-01
3.314104660000000147e-01
3.050848700000000080e-02
1.232749679999999987e-01
3.405135120000000182e-01
1.560443770000000119e-01
3.615652979999999794e-01
4.893377560000000126e-01
8.037900709999999949e-01
5.707778169999999651e-01
4.449113709999999999e-01
3.209353480000000092e-01
1.053133430000000037e-01
3.892444820000000028e-01
5.743994150000000243e-01
3.402422860000000049e-01
4.471788870000000249e-01
4.429518239999999940e-01
3.628481250000000213e-01
3.327943899999999955e-01
7.818933869999999953e-01
6.006151849999999959e-01
3.539287329999999954e-01
4.514891340000000142e-01
7.027187560000000000e-01
3.958344850000000137e-01
7.135329280000000107e-01
8.438755399999999796e-01
9.711231009999999886e-01
8.778927109999999923e-01
7.954700489999999569e-01
5.970889480000000082e-01
1.592879899999999904e-01
7.175659460000000101e-01
8.831667130000000476e-01
7.013714639999999445e-01
8.142447449999999920e-01
7.930069220000000030e-01
4.235056079999999779e-01
7.305332599999999621e-01
-2.629405599999999968e-02
-3.964941999999999946e-03
-1.858732700000000071e-02
-4.758748299999999987e-02
2.739084899999999836e-02
2.304386599999999966e-02
4.807242199999999660e-02
6.101675499999999891e-02
3.928244599999999864e-02
3.501142399999999932e-02
2.856573620000000258e-01
2.778811000000000128e-02
-7.200539300000000087e-02
1.564636199999999977e-01
-2.572618000000000040e-03
4.024571799999999977e-02
5.861737000000000197e-02
5.554553599999999952e-02
-7.333234000000000107e-03
2.625171700000000080e-02
-1.492669899999999987e-02
8.572622999999999702e-03
-6.597766400000000531e-02
1.387495199999999942e-02
-5.351103699999999741e-02
-3.852074999999999944e-03
3.580417300000000164e-02
2.167801590000000000e-01
1.497071030000000080e-01
3.554582199999999775e-02
1.707634900000000108e-02
1.925646500000000039e-02
1.210177820000000043e-01
1.233751399999999943e-01
1.024362550000000038e-01
4.677644799999999825e-02
1.671982150000000111e-01
5.572478899999999680e-02
-3.410619599999999835e-02
-3.102624999999999827e-02
-3.746021900000000293e-02
4.076633100000000287e-02
-1.156984599999999995e-02
6.109222200000000158e-02
-1.029431829999999937e-01
4.251710999999999685e-02
1.209715459999999992e-01
3.258949079999999832e-01
1.890863999999999878e-01
2.100404879999999974e-01
-4.199419499999999805e-02
1.285805899999999981e-02
1.312825089999999917e-01
1.416476839999999959e-01
-9.647644999999999832e-03
-1.706792999999999852e-02
3.271710299999999738e-02
5.043749999999999623e-03
2.295933000000000002e-03
5.816801600000000294e-02
2.011804319999999924e-01
7.270666500000000365e-02
8.356562999999999145e-03
1.148310830000000005e-01
9.836544699999999475e-02
3.861805099999999769e-01
2.070428260000000131e-01
9.892817199999999478e-02
-6.409715200000000446e-02
6.300227699999999542e-02
1.193017360000000054e-01
1.879091910000000032e-01
8.220264200000000632e-02
1.377704469999999903e-01
9.814115399999999434e-02
-2.336880499999999944e-02
8.378400599999999421e-02
1.316564259999999931e-01
-4.690060000000000019e-04
-6.159989000000000263e-03
6.169463599999999714e-02
-6.437504600000000521e-02
3.181298800000000038e-02
1.793602330000000078e-01
-8.112885999999999709e-03
5.921100499999999711e-02
-2.785978399999999855e-02
-8.816395700000000113e-02
5.346709100000000131e-02
2.820112999999999960e-03
-8.242565000000000308e-03
2.326368000000000047e-01
1.827327600000000149e-02
1.938651500000000000e-02
9.284652000000000183e-02
3.004866549999999914e-01
-8.538929500000000394e-02
-1.035586699999999950e-02
1.277809089999999981e-01
-6.612179999999999620e-03
1.058812699999999996e-01
6.223217899999999858e-02
-4.777633700000000205e-02
3.197420900000000343e-02
7.642449299999999612e-02
2.312405329999999981e-01
1.394199110000000075e-01
-8.933383999999999769e-02
9.459684999999999622e-02
4.320102900000000190e-02
-6.358059600000000311e-02
1.543259949999999936e-01
4.498906700000000064e-02
2.656577599999999928e-02
7.963096799999999642e-02
-7.194499499999999770e-02
1.116641240000000035e-01
4.002353300000000003e-02
-1.282751510000000039e-01
-9.969887000000000193e-03
2.221780000000000131e-04
-2.007818000000000103e-02
9.065484000000000389e-03
-8.629131999999999428e-03
1.984526849999999898e-01
9.811488899999999680e-02
4.006862800000000197e-02
2.445817299999999972e-02
5.873828700000000014e-02
6.553737999999999925e-03
2.115445700000000151e-02
2.892107099999999958e-02
2.844443699999999950e-02
-3.452910700000000332e-02
1.533295200000000039e-02
1.172110459999999993e-01
-2.782291599999999962e-02
-3.543894799999999790e-02
-4.473104700000000294e-02
-5.229269000000000278e-02
-3.100168999999999841e-02
-2.755514000000000140e-03
5.559893500000000210e-02
2.468083399999999872e-02
3.088139000000000162e-02
2.708321899999999866e-02
-8.477576400000000345e-02
-8.571690199999999760e-02
-1.542054730000000096e-01
1.930229300000000162e-02
3.679298000000000117e-03
3.489357800000000148e-02
-4.819163299999999761e-02
-9.869713600000000475e-02
1.946669159999999954e-01
-2.376424800000000170e-02
5.150986199999999654e-02
-5.219010999999999963e-03
6.043401000000000328e-03
-9.170008799999999904e-02
-8.858216000000000354e-03
-7.505765500000000090e-02
1.303034660000000067e-01
1.528950079999999989e-01
5.486545999999999784e-02
-5.834693000000000171e-03
-5.088031099999999751e-02
-4.881305600000000050e-02
-1.183955100000000024e-02
-9.643507000000000814e-03
-5.787389200000000317e-02
5.788828599999999713e-02
2.686395700000000081e-02
-4.297781199999999718e-02
-2.377094000000000082e-02
7.608961890000000006e-01
5.288071060000000267e-01
2.660504929999999990e-01
4.417648889999999939e-01
6.829926229999999654e-01
3.238397060000000049e-01
6.680255050000000194e-01
8.026017140000000216e-01
9.515848590000000051e-01
8.485154350000000401e-01
7.581504009999999738e-01
6.028079499999999813e-01
1.673063720000000087e-01
6.819832369999999644e-01
8.600689120000000187e-01
6.812305130000000375e-01
7.721148340000000276e-01
7.517087249999999665e-01
3.998861169999999854e-01
6.905258619999999903e-01
1.838935909999999951e-01
3.894132000000000149e-02
2.936479999999999993e-03
-1.493185999999999992e-02
1.336355969999999949e-01
8.037091700000000005e-02
1.236654890000000034e-01
3.053188969999999780e-01
4.704358180000000056e-01
2.573942779999999764e-01
2.820877019999999957e-01
7.506846200000000247e-02
-8.589615899999999971e-02
3.886436199999999952e-02
1.862665259999999878e-01
1.175261830000000063e-01
1.888007650000000093e-01
2.194674179999999974e-01
5.888945899999999817e-02
7.188919900000000085e-02
8.341485499999999886e-01
6.599484669999999831e-01
4.222906909999999958e-01
5.616101340000000386e-01
7.567519769999999646e-01
4.502443289999999987e-01
7.996999019999999625e-01
8.848182700000000178e-01
9.827252969999999976e-01
9.063352230000000231e-01
8.564563769999999909e-01
7.024674050000000447e-01
1.352162249999999954e-01
7.701326819999999573e-01
9.115337140000000504e-01
7.745731019999999578e-01
8.646905440000000054e-01
8.409454779999999685e-01
4.948495880000000069e-01
7.844388989999999673e-01
4.081003489999999734e-01
3.663547609999999732e-01
1.214963540000000009e-01
1.534174030000000077e-01
3.021980859999999769e-01
1.369923040000000092e-01
3.378964970000000179e-01
4.939380850000000267e-01
8.009616849999999788e-01
5.561539840000000456e-01
4.323182130000000067e-01
3.196200140000000078e-01
3.203749599999999864e-02
3.907600290000000087e-01
5.593501379999999967e-01
3.113454070000000184e-01
4.659098170000000039e-01
4.376285580000000008e-01
6.640075600000000522e-02
3.227772999999999892e-01
4.638933199999999840e-02
1.150689199999999947e-02
6.146837200000000029e-02
-1.637832869999999996e-01
7.601936000000000110e-03
1.234837200000000051e-01
1.335376400000000061e-02
1.353579700000000045e-02
1.928017119999999862e-01
4.017626299999999678e-02
-3.672306300000000023e-02
1.698565000000000144e-02
2.893260999999999836e-03
-1.040438299999999969e-02
2.543807199999999907e-02
3.721074900000000130e-02
2.361829899999999885e-02
4.063498200000000005e-02
-2.677668899999999935e-02
7.080746899999999788e-02
1.078250830000000021e-01
4.007961000000000162e-02
-3.042451599999999867e-02
-5.248860699999999962e-02
-1.236845020000000017e-01
-9.561692099999999361e-02
2.615072699999999861e-02
-7.865553299999999970e-02
3.577835399999999832e-02
-1.383584000000000029e-02
-5.716995500000000147e-02
-3.945510999999999636e-03
-1.320199099999999973e-02
-1.948382699999999870e-02
1.258041380000000098e-01
-1.763762099999999916e-02
-4.073763400000000173e-02
-8.612610800000000677e-02
-1.558737099999999917e-02
1.145383680000000015e-01
-1.000971779999999950e-01
-2.936531499999999947e-02
-4.634857099999999813e-02
1.937289849999999924e-01
5.745226199999999700e-02
-2.884123699999999874e-02
1.088258009999999998e-01
3.581261410000000089e-01
2.036821649999999984e-01
1.628772609999999954e-01
-6.567312799999999728e-02
3.317554100000000283e-02
1.940589359999999874e-01
1.747400219999999949e-01
2.079806929999999943e-01
2.524126059999999838e-01
5.297040399999999871e-02
-1.241256429999999938e-01
9.002267599999999592e-02
4.627081820000000234e-01
2.955920100000000161e-01
1.475042390000000092e-01
2.482710619999999868e-01
3.869201039999999869e-01
1.710118110000000136e-01
3.757952909999999758e-01
5.566376680000000299e-01
7.696180479999999990e-01
6.339297830000000245e-01
4.754732899999999929e-01
2.781818870000000166e-01
-1.291710199999999975e-02
3.926369029999999816e-01
5.190142269999999947e-01
3.791601809999999850e-01
5.124801829999999780e-01
4.963621300000000125e-01
2.060067899999999952e-01
4.015745009999999726e-01
4.277377699999999894e-02
3.324077699999999913e-02
-1.019681000000000060e-02
3.185996900000000187e-02
3.704115300000000027e-02
-4.272665800000000069e-02
-1.307014400000000055e-02
2.698422799999999899e-02
1.769137120000000007e-01
2.599991399999999897e-02
2.946243720000000232e-01
1.703225000000000051e-03
2.032481300000000060e-02
4.082860499999999698e-02
1.181645389999999990e-01
3.946831700000000276e-02
4.843457400000000107e-02
4.378703500000000193e-02
-7.466412000000000396e-03
1.887776299999999879e-02
2.244453289999999990e-01
-1.676239599999999885e-02
2.586695300000000156e-02
-2.239016200000000165e-02
1.227091069999999978e-01
4.577186300000000291e-02
1.007476979999999966e-01
2.762204380000000126e-01
5.582191680000000433e-01
3.060580860000000070e-01
1.933833560000000062e-01
7.661502000000000590e-02
-4.726516900000000271e-02
1.272204869999999932e-01
2.753670180000000189e-01
1.381651919999999922e-01
2.349117669999999936e-01
1.986907169999999889e-01
7.378789700000000507e-02
1.209592050000000002e-01
4.820798079999999985e-01
3.018901419999999725e-01
1.156044999999999989e-01
2.029593709999999995e-01
3.859308269999999763e-01
1.591289280000000028e-01
3.608257240000000143e-01
5.864874180000000381e-01
8.473672420000000205e-01
6.210377320000000090e-01
5.109595639999999772e-01
2.967998170000000213e-01
9.258443900000000448e-02
3.738259400000000232e-01
6.197061280000000227e-01
3.881842839999999906e-01
5.324766069999999907e-01
4.804062820000000178e-01
1.701874830000000005e-01
3.812692770000000175e-01
-5.061614400000000180e-02
-1.310802530000000077e-01
-9.466742499999999949e-02
3.433672100000000060e-02
-9.611960199999999843e-02
-7.223669800000000196e-02
8.171367100000000161e-02
5.264470400000000050e-02
2.241025599999999993e-02
-3.687545999999999879e-03
3.041313099999999950e-02
3.929543099999999872e-02
-2.904628000000000071e-02
3.332060500000000314e-02
-1.039962499999999984e-01
2.233505200000000107e-02
-2.547569100000000170e-02
1.246075399999999923e-02
1.214997999999999903e-03
-6.829245999999999928e-02
7.705810000000000003e-04
5.190133300000000088e-02
-1.319500600000000044e-02
2.647176000000000216e-03
8.047623499999999319e-02
1.094830370000000053e-01
1.481249209999999927e-01
-5.601964899999999775e-02
-2.285336899999999838e-02
4.630671999999999740e-03
-5.591750100000000140e-02
-3.287589400000000273e-02
-4.263044600000000239e-02
3.931424599999999714e-02
-9.165121999999999505e-03
-2.973926999999999907e-03
6.615066899999999528e-02
1.378077580000000024e-01
5.968041999999999792e-02
-4.237717999999999693e-03
5.150571999999999789e-02
-2.292530699999999894e-02
2.257994099999999921e-02
4.535941500000000015e-02
1.348023869999999957e-01
4.885603259999999892e-01
2.301305200000000051e-01
1.143828910000000004e-01
-1.100176899999999978e-02
-4.353281299999999659e-02
6.738868000000000288e-03
2.107188429999999890e-01
4.768562700000000126e-02
1.921772479999999950e-01
8.739552000000000431e-02
1.507881919999999876e-01
1.925580199999999895e-02
5.891638639999999816e-01
3.675369789999999859e-01
2.165083710000000050e-01
2.795235850000000188e-01
4.865380719999999881e-01
1.381216630000000056e-01
4.977225760000000276e-01
6.874473949999999611e-01
9.072166329999999945e-01
7.555355089999999940e-01
5.989604410000000101e-01
3.867019440000000197e-01
-2.272414500000000115e-02
4.824534329999999871e-01
7.322318820000000006e-01
4.645692439999999923e-01
6.419376110000000191e-01
6.037964179999999459e-01
1.392348969999999964e-01
5.022219190000000166e-01
2.727920600000000029e-02
3.707512400000000097e-02
-4.817504899999999757e-02
8.812303200000000392e-02
1.911200899999999925e-02
3.488883899999999788e-02
5.662849999999999828e-02
1.798353390000000107e-01
2.473962520000000109e-01
7.765706699999999629e-02
4.550021499999999663e-02
2.562790599999999891e-02
-3.126150700000000088e-02
-5.973379000000000189e-02
1.231339050000000018e-01
4.869763600000000248e-02
1.439607970000000015e-01
-9.523342000000000612e-03
-5.405631000000000151e-03
-1.618632849999999956e-01
1.222312950000000037e-01
2.981972899999999968e-02
-4.264102799999999749e-02
-2.918967999999999910e-02
6.402500799999999437e-02
-1.091916599999999925e-02
-1.823300099999999868e-02
1.156450019999999967e-01
3.768767020000000079e-01
1.917314860000000065e-01
8.659090199999999737e-02
2.966298300000000041e-02
-4.391807999999999823e-02
3.042615799999999829e-02
1.118256309999999948e-01
4.231222400000000244e-02
7.474510500000000612e-02
1.181455909999999943e-01
4.524456300000000153e-02
1.058225800000000064e-02
5.152091300000000151e-02
2.360503099999999854e-02
-1.324618399999999939e-02
6.445894300000000465e-02
5.823492400000000041e-02
1.078055970000000030e-01
1.563766610000000001e-01
1.299143610000000060e-01
3.935385559999999838e-01
3.062605079999999869e-01
1.230796589999999940e-01
-1.659489399999999892e-02
-1.421128700000000022e-01
-5.368613000000000378e-03
2.194417700000000082e-01
7.197492799999999358e-02
1.319007889999999905e-01
1.474442910000000051e-01
-2.998276899999999939e-02
8.278774699999999487e-02
-9.204471999999999654e-02
5.371804399999999952e-02
1.354910900000000015e-02
-1.934363199999999949e-02
5.884897900000000265e-02
-3.119740000000000187e-03
-6.113646899999999884e-02
1.188094559999999938e-01
1.216083139999999951e-01
1.120304869999999980e-01
-5.512654799999999744e-02
-2.447209100000000137e-02
-2.936404100000000045e-02
3.873785500000000159e-02
3.535287499999999888e-02
3.291590700000000119e-02
1.029030900000000026e-01
9.304708000000000076e-03
-1.985342000000000010e-02
4.950137599999999971e-02
5.484879000000000143e-02
-1.180290279999999942e-01
-6.279578600000000621e-02
2.851475090000000212e-01
2.834831599999999840e-02
-1.713997000000000090e-02
-4.975924100000000266e-02
1.029528499999999985e-01
2.464179260000000093e-01
4.541537100000000299e-02
7.224617099999999792e-02
9.796828999999999954e-03
-6.162030200000000180e-02
-4.774600999999999845e-03
8.889797700000000302e-02
-5.248733299999999713e-02
3.231158199999999842e-02
4.563770400000000116e-02
-2.654113400000000095e-02
-2.514919200000000077e-02
9.394107900000000511e-01
8.442856469999999725e-01
5.413466519999999838e-01
7.293276100000000151e-01
8.900242109999999540e-01
5.696692559999999572e-01
8.917516079999999734e-01
9.594260589999999977e-01
1.005583486999999998e+00
9.845934100000000022e-01
9.421774800000000116e-01
8.597381649999999986e-01
1.673545820000000017e-01
9.102956039999999804e-01
9.739967779999999520e-01
8.796651930000000119e-01
9.601807340000000357e-01
9.536541099999999993e-01
6.201697050000000155e-01
8.863435480000000366e-01
4.310169050000000057e-01
2.541078429999999999e-01
3.966323000000000071e-02
2.209303820000000085e-01
3.216889880000000090e-01
1.287287209999999904e-01
3.673338740000000047e-01
5.050428449999999625e-01
8.202847749999999660e-01
5.828089699999999818e-01
4.500249179999999960e-01
2.698549909999999885e-01
1.958570899999999976e-02
3.170850909999999856e-01
5.594217820000000341e-01
3.413760459999999886e-01
4.559258820000000045e-01
4.299102870000000021e-01
5.233847099999999752e-02
3.541848000000000218e-01
9.429866690000000551e-01
8.525456209999999757e-01
5.629952019999999724e-01
7.511738220000000466e-01
9.096150149999999712e-01
6.094550739999999855e-01
9.144086590000000125e-01
9.579643429999999960e-01
1.008858967000000106e+00
9.824686900000000334e-01
9.528520940000000383e-01
8.576000010000000007e-01
1.468787370000000092e-01
9.196600679999999972e-01
9.876598119999999703e-01
9.035156370000000381e-01
9.609225439999999896e-01
9.380688980000000399e-01
6.283144410000000013e-01
9.049244469999999652e-01
7.476342409999999772e-01
5.499913239999999481e-01
2.750411440000000152e-01
4.256246229999999797e-01
6.591886190000000312e-01
2.890951199999999832e-01
6.473806840000000395e-01
8.364841790000000499e-01
9.752998830000000341e-01
8.612099029999999988e-01
7.607603090000000234e-01
5.748870870000000188e-01
4.968645599999999690e-02
7.115215099999999682e-01
8.585746029999999918e-01
6.356777900000000203e-01
7.843884330000000515e-01
7.585008770000000178e-01
3.423016700000000023e-01
6.631180639999999515e-01
1.250046499999999949e-01
8.413725999999999844e-03
-5.071018399999999843e-02
1.235758339999999955e-01
4.468624399999999997e-02
-3.790668000000000076e-03
9.753035499999999913e-02
3.287543660000000201e-01
5.092558889999999616e-01
2.903284780000000009e-01
1.921789020000000126e-01
6.707527200000000522e-02
-3.356174800000000236e-02
4.806296899999999706e-02
2.708045889999999845e-01
1.221585689999999946e-01
2.206957459999999982e-01
1.134282759999999945e-01
-8.648206899999999475e-02
9.897333499999999562e-02
-2.243732999999999925e-03
-7.956288000000000249e-02
5.339472499999999705e-02
6.723448399999999714e-02
4.173716200000000126e-02
-1.705669579999999907e-01
-7.701336999999999766e-02
5.649026000000000047e-02
-1.861639199999999897e-02
2.275138700000000139e-02
1.797494499999999912e-02
-1.376576589999999878e-01
-1.123234770000000049e-01
1.658476289999999964e-01
-5.478420900000000038e-02
6.572241000000000367e-03
3.568369799999999981e-02
-2.148512299999999833e-02
-8.721879999999999911e-02
2.186611800000000105e-01
8.633630600000000155e-02
-7.527554999999999663e-02
9.966406299999999718e-02
1.476883760000000101e-01
-9.450404799999999328e-02
1.810412959999999905e-01
2.928093210000000113e-01
6.347724740000000310e-01
3.421858529999999843e-01
2.589278999999999886e-01
1.306166709999999898e-01
-3.092981699999999834e-02
1.831210159999999976e-01
3.126127679999999853e-01
1.323677619999999999e-01
2.627803430000000273e-01
2.266122309999999973e-01
2.705044599999999883e-02
2.839966329999999983e-01
8.025938019999999673e-01
6.133338489999999865e-01
2.941767590000000099e-01
4.404146099999999842e-01
7.185630610000000029e-01
3.685140299999999924e-01
7.311796400000000196e-01
8.770685310000000401e-01
9.779175780000000096e-01
8.978475009999999923e-01
8.137960400000000538e-01
6.389299910000000304e-01
1.335820040000000042e-01
7.274067429999999668e-01
9.031059599999999854e-01
7.113222300000000553e-01
8.261493739999999919e-01
8.088176440000000023e-01
4.158145500000000050e-01
7.457812029999999481e-01
2.047202310000000025e-01
8.907106999999999178e-03
1.499104300000000077e-02
2.251594100000000112e-02
6.477252499999999746e-02
-5.080842900000000217e-02
3.892595100000000030e-02
1.262940909999999972e-01
3.525607490000000066e-01
1.510317399999999977e-01
7.723717500000000513e-02
-9.579716999999999746e-03
-6.758609999999999965e-03
6.665747099999999592e-02
1.724196319999999893e-01
4.382151000000000102e-02
1.586842360000000063e-01
1.060839449999999989e-01
2.660999600000000034e-02
3.040810899999999914e-02
3.974266779999999777e-01
2.852039140000000028e-01
6.611382500000000106e-02
1.626835249999999955e-01
3.543786910000000234e-01
1.081062639999999936e-01
3.152840399999999876e-01
4.937076479999999989e-01
8.345645769999999741e-01
5.679053189999999640e-01
4.401762280000000027e-01
2.363007460000000060e-01
3.441858999999999804e-03
3.249777950000000137e-01
5.350732449999999751e-01
3.227603399999999789e-01
4.528536739999999838e-01
4.325709180000000265e-01
1.360970200000000130e-01
3.664039479999999793e-01
8.067841730000000489e-01
6.181507339999999795e-01
3.307530659999999845e-01
4.962346029999999963e-01
6.937815819999999523e-01
3.201849560000000205e-01
7.188876619999999829e-01
8.551425430000000327e-01
9.957889540000000039e-01
8.987567979999999679e-01
8.035938270000000383e-01
6.031544410000000411e-01
7.032088999999999701e-02
7.295211600000000018e-01
8.850289479999999820e-01
6.967832560000000175e-01
8.412018820000000119e-01
8.058996499999999674e-01
3.814072769999999890e-01
7.231752970000000502e-01
-2.109575199999999887e-02
7.112374000000000300e-03
1.101343999999999934e-02
-3.887878899999999693e-02
1.541939800000000083e-02
-7.891297999999999715e-03
4.735247900000000287e-02
-2.621275199999999889e-02
2.734602699999999845e-02
5.302051099999999934e-02
-1.410558899999999997e-02
-4.732394000000000010e-03
-4.135631800000000302e-02
-1.429269999999999955e-04
-8.742981999999999837e-03
2.321837599999999890e-02
1.830106499999999831e-02
-6.339385999999999806e-03
-4.277295600000000086e-02
5.762575000000000336e-02
-2.773897999999999989e-02
2.919337699999999952e-02
-1.301494499999999999e-02
-1.179248479999999988e-01
2.649383300000000135e-02
2.231775999999999986e-03
6.135739999999999771e-04
1.028490999999999954e-02
1.155313979999999935e-01
5.698986100000000277e-02
1.449808600000000031e-02
-2.222428799999999829e-02
-6.744387599999999983e-02
1.665327999999999947e-02
7.128676999999999930e-02
8.234976500000000532e-02
-5.389889500000000222e-02
5.291720700000000083e-02
-1.297442000000000040e-02
-1.947975100000000001e-02
1.810788590000000087e-01
7.831332400000000360e-02
1.318406659999999953e-01
6.633785100000000323e-02
1.354771039999999871e-01
-4.970723900000000028e-02
1.319107670000000121e-01
2.255698449999999911e-01
5.331321500000000269e-01
2.600685130000000012e-01
1.796590040000000110e-01
8.131232900000000263e-02
-1.261481160000000046e-01
1.201917420000000042e-01
2.454062660000000118e-01
1.881815599999999908e-02
1.980701569999999967e-01
1.635476539999999868e-01
-3.174841500000000205e-02
4.254213500000000175e-02
6.746157249999999994e-01
4.249676470000000039e-01
1.818897090000000105e-01
2.750981299999999963e-01
5.251480219999999921e-01
2.110493200000000125e-01
5.274058529999999800e-01
7.651680320000000535e-01
9.532172479999999615e-01
8.215510050000000009e-01
6.942465829999999727e-01
4.731025830000000210e-01
9.606088799999999706e-02
5.959189059999999705e-01
7.848224040000000290e-01
5.726978480000000093e-01
7.282969550000000236e-01
6.923628050000000256e-01
2.042391209999999957e-01
5.837823109999999982e-01
7.240061899999999939e-02
-1.808216699999999968e-02
8.291667299999999630e-02
1.883704699999999913e-02
-3.218075699999999734e-02
6.576651599999999709e-02
7.283952300000000324e-02
2.860295239999999795e-01
1.643569579999999974e-01
-1.464004000000000087e-03
3.194520199999999893e-02
-8.366311199999999781e-02
2.182819000000000079e-02
1.142999569999999937e-01
1.828853999999999896e-02
5.529582000000000247e-02
4.273641300000000087e-02
4.081907099999999844e-02
1.698661400000000057e-02
1.108253649999999951e-01
3.122346700000000128e-02
1.742218699999999870e-02
8.343565599999999693e-02
1.205444970000000005e-01
4.323170500000000221e-02
9.794816100000000580e-02
2.578892629999999797e-01
4.871508520000000231e-01
2.650217539999999983e-01
1.720617080000000076e-01
4.766009599999999902e-02
-3.115288000000000085e-02
-3.909709900000000321e-02
2.331251609999999974e-01
8.073120300000000138e-02
1.748501140000000009e-01
1.232008940000000052e-01
4.248935100000000159e-02
2.228081000000000089e-01
6.309716499999999673e-02
-1.773651199999999942e-02
4.008768900000000274e-02
2.542546299999999884e-02
-9.701298000000000560e-03
4.268339100000000108e-02
-2.402483999999999870e-03
1.411667709999999964e-01
3.749123360000000127e-01
1.462661650000000035e-01
1.000665490000000046e-01
7.749850199999999689e-02
-4.358855400000000158e-02
-1.872166200000000003e-02
1.716789850000000062e-01
5.058388700000000099e-02
7.200153900000000329e-02
2.379365499999999967e-01
-1.688626249999999884e-01
-6.689311200000000457e-02
1.208564649999999963e-01
-3.622191599999999984e-02
1.810486500000000124e-02
4.220722300000000204e-02
-1.979163499999999840e-02
3.598429599999999895e-02
3.908955100000000016e-02
3.299797699999999778e-02
2.079757879999999948e-01
3.508475099999999736e-02
1.288437669999999979e-01
-4.454881000000000119e-02
-4.837275099999999856e-02
4.957137600000000033e-02
5.311992399999999892e-02
1.915480950000000016e-01
6.195762300000000333e-02
-4.283824399999999755e-02
-4.545965600000000106e-02
2.662000600000000161e-02
4.866071999999999759e-02
-9.636726800000000592e-02
-6.517106100000000235e-02
4.123460200000000214e-02
1.301776600000000006e-02
1.236252099999999993e-01
9.736873499999999793e-02
2.829018489999999830e-01
1.314288369999999928e-01
-3.105502999999999909e-03
-8.121685800000000288e-02
-3.232306399999999857e-02
8.577230399999999366e-02
1.448031740000000067e-01
2.629460299999999973e-02
8.547731899999999605e-02
9.121726500000000570e-02
4.138920000000000142e-04
6.259121099999999382e-02
9.336605230000000200e-01
8.512334049999999985e-01
5.699122549999999787e-01
7.453679159999999637e-01
9.155160559999999670e-01
5.927776009999999873e-01
9.201177609999999785e-01
9.727710360000000334e-01
1.007499348000000072e+00
9.847056419999999921e-01
9.345983479999999677e-01
8.839380909999999814e-01
2.086721589999999960e-01
9.195589749999999452e-01
9.721348349999999749e-01
9.108183180000000156e-01
9.728686250000000424e-01
9.685487569999999824e-01
6.619221709999999481e-01
9.195236639999999628e-01
5.436763839999999570e-01
3.566266980000000197e-01
4.134801999999999922e-02
2.169083300000000103e-01
4.742601790000000039e-01
1.644195159999999878e-01
4.612962299999999738e-01
6.624343289999999884e-01
9.236050730000000542e-01
7.471409279999999820e-01
5.862993730000000125e-01
4.402691619999999917e-01
3.275562099999999865e-02
4.504911910000000130e-01
7.160065239999999775e-01
4.312752519999999978e-01
5.790903349999999561e-01
5.796212069999999716e-01
2.026430999999999927e-01
4.848318890000000159e-01
9.812678350000000327e-01
9.028479259999999673e-01
7.088198489999999463e-01
8.485156839999999923e-01
9.502461229999999981e-01
7.468985439999999976e-01
9.652802440000000095e-01
9.944397160000000291e-01
1.026803807000000068e+00
9.899447099999999500e-01
9.828946429999999568e-01
9.213471850000000130e-01
2.588689240000000003e-01
9.614892069999999569e-01
9.993027559999999587e-01
9.523748180000000119e-01
9.765631500000000464e-01
9.776240109999999595e-01
7.743728589999999690e-01
9.551031559999999532e-01
7.472301019999999516e-01
5.529786180000000329e-01
3.217719729999999889e-01
4.402027629999999969e-01
6.376308569999999953e-01
2.752694370000000057e-01
6.724879919999999789e-01
8.209331669999999637e-01
9.870706879999999739e-01
8.788286509999999607e-01
7.730561400000000027e-01
5.771194269999999626e-01
1.543487399999999947e-02
6.594169880000000372e-01
8.675728099999999721e-01
6.436822739999999987e-01
8.056341590000000163e-01
7.571478969999999586e-01
3.405994869999999786e-01
6.584375850000000474e-01
1.966594040000000099e-01
1.007153300000000057e-01
5.379434100000000246e-02
3.092867800000000111e-02
7.695379300000000644e-02
-1.132121399999999958e-02
2.198198249999999965e-01
2.979214099999999976e-01
5.482443399999999967e-01
2.973975839999999926e-01
3.345673270000000254e-01
-1.353839490000000034e-01
-5.306303000000000061e-03
1.354207070000000013e-01
3.100638889999999814e-01
1.175566430000000023e-01
1.773046839999999902e-01
1.801158529999999924e-01
5.226324699999999879e-02
5.472870800000000091e-02
-1.040985039999999945e-01
7.745963200000000048e-02
1.317258910000000116e-01
-6.799860200000000521e-02
-2.751275099999999849e-02
-1.325131509999999957e-01
-4.672792900000000138e-02
5.270677700000000326e-02
-6.615911100000000655e-02
4.644350000000000214e-04
2.728833400000000090e-02
4.299207800000000301e-02
-8.259900100000000522e-02
-1.564550989999999864e-01
-6.015502999999999822e-02
1.964626300000000061e-02
-3.646006699999999878e-02
-7.590652400000000299e-02
-7.346020799999999906e-02
-1.496038499999999966e-02
2.659720709999999766e-01
9.093762999999999500e-03
-4.579244899999999896e-02
-8.357911899999999339e-02
1.618564849999999944e-01
1.293715139999999930e-01
2.788096820000000031e-01
3.334999539999999874e-01
6.850578590000000467e-01
4.021883330000000090e-01
2.885330569999999817e-01
1.294907439999999910e-01
-1.749294879999999941e-01
2.206168109999999960e-01
3.796840380000000015e-01
1.777160469999999881e-01
3.221317169999999841e-01
2.812831120000000018e-01
7.040426900000000543e-02
2.041146889999999881e-01
8.078703680000000054e-01
6.347026190000000234e-01
3.434110830000000059e-01
4.716675619999999847e-01
7.204562599999999595e-01
3.798745920000000109e-01
7.261523380000000083e-01
8.720055610000000401e-01
9.798516029999999599e-01
9.130939350000000232e-01
8.259996099999999952e-01
6.255232680000000212e-01
2.043828550000000022e-01
7.405785150000000483e-01
8.898852090000000103e-01
7.089127330000000171e-01
8.474244930000000009e-01
8.109554390000000001e-01
4.263332599999999917e-01
7.568613020000000136e-01
2.317830780000000035e-01
5.909269200000000222e-02
-2.236148099999999903e-02
-3.655623399999999995e-02
7.265381199999999817e-02
1.618625400000000061e-02
4.482732500000000120e-02
1.722895650000000056e-01
4.084313159999999887e-01
1.983710780000000062e-01
1.540835120000000058e-01
2.408560800000000141e-02
-2.592605799999999835e-02
5.998273500000000230e-02
1.908062349999999907e-01
6.432530000000000192e-02
1.984806000000000070e-01
5.758236800000000183e-02
2.081454400000000080e-02
8.188859199999999616e-02
4.381358739999999807e-01
2.694810539999999977e-01
-9.914407999999999554e-03
2.578967640000000006e-01
3.740024809999999977e-01
1.570615989999999962e-01
3.807282730000000059e-01
5.390989940000000535e-01
8.637595139999999505e-01
6.115202170000000326e-01
4.785284539999999920e-01
2.730099100000000223e-01
-2.597415100000000088e-02
3.590769289999999891e-01
5.970026179999999849e-01
3.828487059999999831e-01
5.094595729999999989e-01
4.432667499999999872e-01
2.344783059999999975e-01
3.568297670000000199e-01
7.752465969999999817e-01
6.400739170000000478e-01
3.596271870000000148e-01
4.849733729999999854e-01
7.093303640000000465e-01
3.536684820000000062e-01
7.247870250000000292e-01
8.800807600000000175e-01
9.908603270000000407e-01
9.091372269999999922e-01
8.380271400000000037e-01
6.249982509999999492e-01
2.101483100000000118e-02
7.520199400000000534e-01
9.051592130000000180e-01
7.128940649999999657e-01
8.487810300000000474e-01
8.178237449999999908e-01
3.863634939999999740e-01
7.264451800000000237e-01
-9.424952500000000066e-02
7.026181700000000419e-02
-2.658125100000000018e-02
9.912326400000000259e-02
5.761520400000000319e-02
-1.802496099999999907e-02
-7.695720999999999812e-02
4.812660600000000233e-02
1.148242629999999959e-01
8.170020299999999902e-02
1.681196289999999927e-01
-8.632884700000000022e-02
-5.948975900000000316e-02
-5.552167699999999845e-02
4.554636599999999785e-02
8.869606999999999838e-03
-8.585480099999999448e-02
4.514874299999999813e-02
-3.001313300000000087e-02
1.777461199999999866e-02
-9.902624999999999969e-03
-3.001313300000000087e-02
-2.253732400000000094e-02
-2.788046099999999874e-02
-8.961119000000000029e-03
5.976250100000000259e-02
-7.573280000000000376e-04
1.137931759999999959e-01
1.198954999999999986e-02
4.915174600000000310e-02
-1.144426739999999942e-01
6.059013099999999846e-02
-3.178164599999999673e-02
4.763674400000000170e-02
4.736126799999999804e-02
6.723216799999999493e-02
-1.136997740000000034e-01
-2.863014399999999973e-02
-3.028322300000000147e-02
-6.630295999999999933e-03
1.714180349999999964e-01
-7.114402400000000015e-02
5.247970700000000044e-02
1.403920500000000078e-02
6.733462099999999728e-02
1.757413999999999851e-02
5.192125499999999949e-02
2.389231579999999966e-01
4.007301700000000244e-02
8.300709900000000085e-02
-6.725826199999999921e-02
-6.282596699999999645e-02
5.757443100000000230e-02
2.486205679999999862e-01
6.121774700000000291e-02
7.544978400000000585e-02
3.915155900000000244e-02
-3.892161999999999705e-02
1.106578499999999986e-02
2.674417490000000064e-01
4.993060800000000132e-02
2.353301060000000111e-01
3.019139800000000123e-02
2.150944630000000135e-01
8.641842600000000651e-02
1.480862129999999943e-01
3.750158080000000060e-01
6.374749640000000328e-01
3.935210729999999990e-01
2.767209680000000116e-01
4.686856500000000092e-02
2.759363289999999802e-01
3.872250649999999794e-01
3.023245489999999980e-01
3.203368019999999761e-01
2.551241949999999981e-01
-2.167949300000000107e-02
2.082375509999999930e-01
3.628219199999999783e-02
5.333431999999999930e-03
8.578631000000000451e-02
2.038580699999999885e-02
-2.865098900000000171e-02
-4.980241500000000265e-02
-1.382976979999999967e-01
1.288133549999999905e-01
4.529033400000000154e-02
-3.163701800000000286e-02
-1.172697719999999943e-01
7.816354600000000041e-02
-2.220901700000000104e-02
1.898446320000000132e-01
-9.463630000000000653e-03
3.570604299999999981e-02
1.383696000000000014e-03
-3.666139799999999782e-02
1.301102980000000131e-01
2.145514499999999838e-02
3.151012699999999889e-02
-7.615667399999999365e-02
2.932603599999999977e-02
2.736938879999999963e-01
8.382863200000000015e-02
5.194629399999999703e-02
9.764799999999999479e-04
1.330275920000000001e-01
1.354193000000000063e-03
1.499331269999999994e-01
3.148000000000000104e-02
8.968943000000000054e-02
1.764017519999999950e-01
-1.249487049999999932e-01
5.393920399999999754e-02
-1.016680890000000032e-01
-8.267272700000000141e-02
-3.049884599999999960e-02
9.275238999999999359e-03
-3.713469700000000123e-02
1.867705100000000007e-02
3.255121799999999982e-02
2.667509770000000002e-01
1.476820940000000137e-01
2.647570399999999921e-02
-6.575260400000000616e-02
2.575713799999999887e-02
-8.843223399999999845e-02
1.409335660000000101e-01
-2.753440100000000001e-02
-2.954757499999999953e-02
1.924458899999999945e-02
7.769030000000000120e-04
1.072207889999999969e-01
2.011139279999999974e-01
-8.441797800000000462e-02
-1.938049500000000105e-02
-2.250079199999999863e-02
-2.061603600000000078e-02
-2.368806600000000068e-02
4.787832399999999988e-02
1.527316380000000029e-01
7.546756400000000087e-02
1.509190200000000079e-02
4.403958000000000352e-03
-1.436787599999999991e-02
1.102457109999999962e-01
1.554614430000000047e-01
3.544729399999999725e-02
3.212801500000000282e-02
-3.623915500000000206e-02
9.654954999999999787e-03
-6.495206500000000327e-02
1.741506199999999852e-02
9.899359800000000209e-02
-5.428321800000000114e-02
3.308957800000000143e-02
4.137843199999999971e-02
2.154905999999999835e-02
3.800845399999999707e-02
1.947415279999999971e-01
1.186901280000000058e-01
1.970304579999999917e-01
1.006083249999999985e-01
4.480806300000000214e-02
-4.107298300000000041e-02
2.091243909999999928e-01
2.180055110000000129e-01
6.019352699999999667e-02
4.926902300000000207e-02
3.254391440000000135e-01
-1.447479699999999932e-02
1.918652959999999907e-01
-1.035906399999999943e-02
7.354321029999999482e-01
5.436568790000000373e-01
2.439564369999999982e-01
4.387439220000000084e-01
6.288127820000000145e-01
3.677408010000000060e-01
6.608205190000000506e-01
7.982674229999999760e-01
9.611511310000000474e-01
8.380526999999999838e-01
7.560653939999999462e-01
6.017936029999999548e-01
8.100589699999999338e-02
6.729489699999999797e-01
8.678685320000000258e-01
6.687491979999999892e-01
7.780246100000000053e-01
7.385308090000000103e-01
3.294582360000000154e-01
6.756395910000000393e-01
3.383130209999999916e-01
1.512015650000000100e-01
5.851444199999999984e-02
8.250679800000000619e-02
1.981370040000000055e-01
1.269558679999999995e-01
2.357333060000000036e-01
4.268323319999999810e-01
6.969281849999999778e-01
4.467768320000000126e-01
3.198960209999999749e-01
1.731698859999999951e-01
8.218911700000000597e-02
3.332983829999999759e-01
4.182592339999999798e-01
2.880405120000000263e-01
3.421372639999999965e-01
3.227683840000000193e-01
9.700454599999999705e-02
1.987829120000000060e-01
8.481723610000000413e-01
7.235119060000000379e-01
4.464083329999999905e-01
5.723972029999999656e-01
7.797644540000000513e-01
5.073511950000000326e-01
8.197479300000000135e-01
8.994709130000000386e-01
9.727286899999999514e-01
9.137693110000000285e-01
8.436553180000000429e-01
7.533283670000000543e-01
1.799684990000000040e-01
8.189947920000000270e-01
9.251939000000000135e-01
7.970992399999999867e-01
8.823174710000000198e-01
8.649870179999999964e-01
4.795468629999999899e-01
7.922856520000000069e-01
4.297016129999999823e-01
3.134067520000000107e-01
5.820523500000000100e-02
1.807579579999999964e-01
2.588100070000000086e-01
9.091203900000000004e-02
3.046607650000000000e-01
4.718492409999999748e-01
8.130207670000000331e-01
5.361021379999999503e-01
4.012298260000000116e-01
2.657243990000000000e-01
1.553254069999999987e-01
3.329047219999999863e-01
5.983628399999999514e-01
3.629389969999999854e-01
4.390099459999999842e-01
4.104057620000000073e-01
1.330499830000000105e-01
2.857486559999999898e-01
1.657682839999999880e-01
1.131146920000000028e-01
-1.747286799999999904e-02
-2.225542999999999966e-03
3.391853899999999755e-02
9.053365800000000296e-02
-1.445337399999999974e-02
3.441103799999999796e-02
2.568864989999999904e-01
1.070448920000000026e-01
9.539006599999999558e-02
2.308174099999999937e-02
4.311048800000000236e-02
1.509084500000000030e-02
1.227739999999999942e-01
1.528655599999999976e-02
6.259777999999999697e-03
1.757961550000000095e-01
9.052385599999999977e-02
-3.725989700000000016e-02
-1.465264300000000131e-01
-1.487624369999999974e-01
-1.448561740000000042e-01
-3.961064200000000146e-02
3.621237100000000014e-02
-4.847182800000000152e-02
-5.407333200000000173e-02
-6.224107499999999987e-02
9.041675799999999985e-02
5.855967799999999696e-02
4.949862000000000185e-03
7.118442599999999509e-02
3.376342999999999966e-03
2.505472900000000128e-02
7.666611999999999733e-03
4.559404000000000408e-03
7.149024000000000351e-03
-3.535900499999999891e-02
5.709364100000000053e-02
6.770994399999999414e-02
-2.050480899999999884e-02
1.246155900000000052e-02
5.142029099999999991e-02
4.727238100000000220e-02
8.689809399999999517e-02
3.122973230000000155e-01
1.557333170000000100e-01
4.580456379999999772e-01
1.743511670000000013e-01
7.477105500000000293e-02
1.296220770000000022e-01
2.357114999999999905e-03
5.378698999999999807e-03
2.792664120000000194e-01
7.704176499999999816e-02
1.042725830000000020e-01
4.510722899999999869e-02
-8.577715499999999382e-02
7.549759899999999857e-02
6.319526359999999565e-01
4.488820330000000136e-01
2.229939870000000046e-01
3.191814139999999966e-01
5.645189830000000297e-01
2.761613689999999899e-01
5.533174499999999885e-01
7.124224420000000446e-01
9.013312700000000177e-01
7.753470190000000262e-01
6.415356949999999614e-01
4.402839430000000109e-01
6.570851199999999670e-02
5.416790080000000174e-01
7.346854710000000344e-01
5.358356029999999937e-01
6.661406469999999747e-01
6.503207610000000249e-01
3.859403499999999876e-01
5.944310689999999786e-01
5.923077999999999677e-02
3.477886899999999698e-02
-4.825595299999999727e-02
4.228283000000000041e-02
3.315313999999999761e-02
-2.823742300000000108e-02
5.527127899999999955e-02
1.802816200000000035e-02
2.220932589999999873e-01
9.963511099999999843e-02
5.926989299999999711e-02
1.402835300000000035e-02
-1.622388699999999934e-02
3.741356400000000332e-02
1.832372349999999983e-01
3.868175599999999770e-02
6.780994999999999731e-03
7.937085600000000352e-02
-7.494573599999999891e-02
3.201406400000000180e-02
3.607706940000000029e-01
1.289796880000000090e-01
2.230983500000000008e-02
7.425787600000000044e-02
1.822557660000000135e-01
5.155436699999999678e-02
1.588584989999999864e-01
2.752272809999999903e-01
6.440479009999999782e-01
3.635959089999999949e-01
2.347305309999999923e-01
1.766149250000000059e-01
-3.873381599999999730e-02
1.753879969999999899e-01
4.057556230000000097e-01
1.888737970000000099e-01
2.721199499999999993e-01
3.215824529999999903e-01
2.740325000000000052e-03
2.236335060000000097e-01
4.509073319999999940e-01
2.861740810000000246e-01
1.061964759999999980e-01
2.049855829999999990e-01
3.121835760000000182e-01
1.700995519999999872e-01
3.878375820000000140e-01
4.998093290000000244e-01
8.443394119999999559e-01
5.762267460000000119e-01
4.454912670000000241e-01
3.585648100000000116e-01
4.456331300000000023e-02
3.840924780000000149e-01
6.398480180000000184e-01
3.663216009999999967e-01
4.927252999999999772e-01
4.473694910000000080e-01
1.647110410000000025e-01
3.888206630000000108e-01
4.099741500000000233e-02
4.918388299999999769e-02
7.646587900000000049e-02
1.522986289999999909e-01
-9.639819999999999466e-04
1.171295809999999965e-01
7.746222399999999619e-02
5.553207400000000071e-02
1.378478350000000019e-01
-5.252131499999999897e-02
-1.240521760000000001e-01
3.095888200000000007e-02
4.176435800000000143e-02
7.604357900000000003e-02
1.444713999999999937e-03
-1.842866599999999980e-02
-9.598599999999999884e-04
3.282620299999999824e-02
-9.489927000000000432e-03
4.201515499999999848e-02
7.710706000000000331e-03
-4.733590900000000240e-02
1.330264379999999969e-01
3.292762600000000150e-02
3.665728900000000262e-02
-3.236531599999999814e-02
2.956060699999999916e-02
1.839135510000000084e-01
6.446749799999999808e-02
4.589358600000000010e-02
-2.143670599999999982e-02
-5.191752499999999909e-02
-6.353267999999999589e-03
3.813707100000000155e-02
2.694670299999999893e-02
2.351200360000000045e-01
1.948354899999999931e-02
-9.252846000000000334e-03
1.279171960000000108e-01
-5.652202999999999741e-03
-8.918624599999999680e-02
2.753355199999999933e-02
-3.413978100000000099e-02
4.495604999999999740e-02
2.646921199999999891e-02
-1.446493899999999957e-02
-1.507875200000000082e-02
2.092101140000000026e-01
1.013849019999999990e-01
2.786061600000000124e-02
-3.818852200000000252e-02
-3.183336800000000077e-02
-6.932316299999999321e-02
3.333068699999999773e-02
3.323394400000000137e-02
1.962357400000000127e-02
1.277686480000000124e-01
9.403830900000000048e-02
2.654894799999999930e-02
1.277092950000000005e-01
7.321614799999999479e-02
-1.161450019999999972e-01
-1.464072999999999980e-03
9.602845299999999973e-02
4.004188899999999718e-02
6.314935400000000476e-02
2.806657160000000095e-01
3.992717769999999944e-01
2.259967250000000094e-01
1.213331470000000023e-01
1.139686760000000049e-01
4.908402199999999799e-02
1.002245130000000012e-01
1.485781449999999948e-01
7.429971900000000018e-02
9.972098199999999968e-02
1.364737849999999864e-01
6.983986400000000150e-02
2.402639100000000111e-02
-4.903772099999999939e-02
1.428266000000000084e-03
6.628788700000000367e-02
-3.619333599999999956e-02
-8.991643300000000394e-02
2.995582999999999926e-02
5.978913100000000230e-02
2.937316499999999969e-02
6.621378799999999565e-02
3.284963999999999940e-02
-1.706159900000000021e-02
-1.590363000000000020e-03
3.187424900000000033e-02
3.926019999999999684e-03
-1.545910900000000039e-02
-2.195503500000000122e-02
7.844013499999999417e-02
-3.543163199999999763e-02
6.273398999999999816e-03
2.787752699999999917e-02
-4.796830600000000222e-02
-6.621382500000000393e-02
-5.746295700000000201e-02
2.606162100000000009e-02
5.140758200000000028e-02
-1.037800539999999966e-01
-7.340028999999999651e-03
5.201846899999999774e-02
1.029974260000000030e-01
5.224654799999999683e-02
1.497629800000000073e-02
-3.651654299999999853e-02
1.956458499999999892e-02
4.552672299999999811e-02
9.513071100000000668e-02
-9.950200200000000605e-02
1.456165819999999944e-01
8.233606999999999732e-02
-5.793788999999999710e-03
4.773761999999999971e-03
1.542340600000000062e-02
6.589280000000000311e-04
-4.028361999999999742e-03
-6.782641999999999838e-02
5.365424600000000266e-02
-2.034417000000000170e-02
-9.096284799999999893e-02
-1.996239400000000136e-02
1.403435299999999941e-01
1.462069559999999990e-01
7.343290299999999382e-02
-2.238424600000000000e-02
4.029785899999999838e-02
9.415748000000000173e-02
4.175795799999999780e-02
3.888020600000000049e-02
-2.230624000000000062e-03
-7.322016900000000161e-02
9.733633999999999689e-03
3.920716000000000305e-03
1.410969509999999982e-01
-1.511321399999999981e-02
-4.455657500000000104e-02
-7.662780499999999329e-02
-4.501192999999999687e-03
-2.779689200000000013e-02
5.854316200000000275e-02
-4.491311299999999757e-02
-3.311218900000000021e-02
-1.648406999999999954e-03
4.166747000000000159e-03
1.588045500000000165e-02
3.698029500000000330e-02
-1.575456700000000057e-02
-1.816385000000000005e-03
-2.973301799999999995e-02
1.402174699999999934e-02
1.562091000000000000e-02
8.038110599999999384e-02
1.390708300000000064e-02
7.030779600000000573e-02
-6.799100900000000502e-02
3.647107900000000347e-02
2.388475000000000147e-03
-1.001635470000000055e-01
4.941385000000000222e-02
-8.303979999999999868e-04
-5.530349600000000060e-02
-6.064900200000000047e-02
5.607392700000000257e-02
4.537018300000000143e-02
7.280490800000000151e-02
7.207456600000000657e-02
1.378297300000000045e-02
4.184719600000000317e-02
-2.612782300000000141e-02
1.938120100000000068e-02
2.949262999999999885e-02
-7.466728400000000043e-02
3.885235199999999972e-02
6.094087620000000483e-01
4.023722630000000078e-01
1.913056449999999964e-01
2.857482670000000002e-01
4.975394060000000174e-01
1.734275180000000027e-01
5.140155739999999751e-01
6.731655709999999626e-01
9.169275780000000209e-01
7.474217859999999769e-01
6.355692050000000259e-01
4.614548479999999731e-01
4.069605300000000286e-02
5.091210290000000027e-01
7.521392190000000255e-01
4.945349379999999795e-01
6.569997119999999580e-01
5.970577190000000423e-01
2.825417680000000265e-01
5.283304279999999631e-01
8.259678800000000432e-02
1.078341560000000005e-01
-6.789177100000000353e-02
7.561621799999999893e-02
9.964580900000000185e-02
7.028325999999999671e-03
2.617048759999999752e-01
2.353235660000000118e-01
3.332813980000000065e-01
1.662363340000000134e-01
1.398214929999999911e-01
1.059113750000000020e-01
4.011864400000000191e-02
3.589158800000000205e-02
1.723959090000000138e-01
1.352264850000000074e-01
1.212891599999999931e-01
1.314483899999999983e-01
5.151457000000000258e-02
4.381060900000000036e-02
6.876157999999999992e-01
4.998757349999999877e-01
2.708084490000000066e-01
3.492741699999999949e-01
6.036135040000000229e-01
2.966351770000000276e-01
6.309587190000000012e-01
7.748135170000000072e-01
9.451884099999999789e-01
8.189467270000000410e-01
7.150785389999999575e-01
5.299555870000000057e-01
1.781602609999999864e-01
6.237888270000000457e-01
8.325499619999999767e-01
6.027285079999999962e-01
7.454392159999999601e-01
7.273984350000000099e-01
3.303566629999999948e-01
6.221101799999999571e-01
2.816031079999999909e-01
2.014349209999999890e-01
1.208786639999999968e-01
1.025566059999999946e-01
2.316498929999999956e-01
1.714050830000000136e-01
2.073317590000000044e-01
3.463794969999999807e-01
7.057330579999999687e-01
4.351717900000000028e-01
2.834963480000000091e-01
1.431123729999999872e-01
-2.363809799999999975e-02
2.425141460000000138e-01
4.341559340000000211e-01
2.269997830000000105e-01
3.295110849999999814e-01
3.056149839999999784e-01
6.638141799999999759e-02
2.055224860000000042e-01
-6.203585000000000176e-03
-6.365903900000000060e-02
3.142352600000000024e-02
-1.287977009999999867e-01
5.155609399999999676e-02
-1.192385699999999951e-02
-5.842151599999999972e-02
9.601523000000000696e-03
1.228812739999999987e-01
-9.816774000000000333e-03
2.100639099999999926e-02
6.825384600000000690e-02
-4.163876999999999856e-02
-1.909530300000000097e-02
9.499062099999999731e-02
2.930231100000000102e-02
6.615375199999999623e-02
6.453512000000000137e-02
1.271023800000000044e-02
3.642865399999999781e-02
-9.968400000000000524e-03
-7.035579200000000033e-02
-6.903676999999999730e-02
-3.962809500000000207e-02
5.063893600000000245e-02
7.654372000000000432e-03
3.762132499999999713e-02
5.801126599999999883e-02
-2.172189999999999950e-04
7.974858999999999420e-02
-4.821255099999999932e-02
7.839715000000000572e-03
1.575573329999999939e-01
-5.474655400000000283e-02
-5.475861800000000196e-02
6.009767199999999782e-02
-2.896522500000000069e-02
-6.857106699999999944e-02
-7.534527700000000217e-02
4.010934699999999659e-02
-9.479176999999999742e-02
-5.490324299999999741e-02
-3.659788199999999825e-02
-7.876845999999999848e-02
-5.397239799999999782e-02
-1.344875160000000014e-01
9.009274500000000185e-02
2.624416339999999792e-01
4.706720100000000295e-02
8.802327599999999752e-02
-7.963569000000000203e-03
2.474639839999999980e-01
4.441026099999999949e-02
4.530680299999999966e-02
1.343054710000000096e-01
1.126003420000000060e-01
-2.710664200000000024e-02
1.206385599999999954e-02
3.547493799999999753e-02
3.430319949999999785e-01
2.489146299999999978e-01
6.122023499999999785e-02
2.485407789999999895e-01
2.848088020000000276e-01
1.666622150000000024e-01
2.859434220000000026e-01
4.205690990000000018e-01
6.980149709999999841e-01
4.996970219999999907e-01
3.471606529999999857e-01
2.788627739999999799e-01
-3.457000000000000003e-03
2.547346260000000195e-01
4.212544109999999953e-01
2.642013650000000213e-01
3.906532280000000190e-01
3.599293809999999927e-01
1.082977460000000003e-01
3.008202939999999881e-01
4.386085499999999721e-02
-2.984872100000000167e-02
2.157373200000000171e-02
1.201987899999999998e-01
1.270866900000000056e-02
6.256133099999999780e-02
-6.911600000000000165e-04
3.348432500000000228e-02
9.160617199999999960e-02
6.326626700000000103e-02
4.187914000000000046e-03
7.060178200000000182e-02
-1.616031299999999907e-02
-2.635968600000000023e-02
4.983308599999999866e-02
8.369998700000000347e-02
3.092620499999999828e-02
-8.085332300000000472e-02
1.064130299999999953e-02
4.571012700000000317e-02
9.794735999999999720e-02
7.255117399999999606e-02
1.110904820000000043e-01
4.805922399999999761e-02
1.309612980000000038e-01
7.243223000000000023e-02
1.979415439999999970e-01
1.010150370000000020e-01
3.650292279999999834e-01
1.133494919999999961e-01
9.541591200000000550e-02
4.843608999999999588e-03
1.563417420000000058e-01
7.416784899999999403e-02
1.615061560000000118e-01
6.079207400000000150e-02
1.253651410000000133e-01
8.083692400000000444e-02
9.416894200000000548e-02
6.751486800000000565e-02
3.770848769999999850e-01
2.355170450000000082e-01
1.085513619999999985e-01
1.014081010000000005e-01
2.779680119999999865e-01
7.316834999999999312e-02
2.178820760000000079e-01
4.466540449999999995e-01
7.306931540000000114e-01
4.693961709999999732e-01
3.944038730000000159e-01
1.726377500000000065e-01
1.548995000000000059e-02
2.707193199999999855e-01
4.720427309999999932e-01
2.360021800000000058e-01
3.895260990000000145e-01
3.237165419999999960e-01
6.429106199999999605e-02
3.224412990000000145e-01
-2.965586200000000158e-02
-2.022291699999999998e-02
-1.627161900000000105e-01
-2.251379860000000122e-01
-2.348643699999999890e-02
1.163052759999999991e-01
2.224384000000000083e-02
2.291335300000000089e-02
5.527057600000000182e-02
1.280279100000000087e-02
2.758416419999999980e-01
-2.423959800000000109e-02
-7.951426500000000064e-02
-9.805951999999999724e-03
-6.201322000000000431e-03
-3.359540400000000232e-02
3.361650299999999897e-02
-8.125303999999999860e-02
-1.495464149999999881e-01
9.131326999999999847e-03
-1.652969400000000103e-02
-7.965713800000000233e-02
3.058939899999999976e-02
4.598965700000000323e-02
5.531537200000000154e-02
-7.779089000000000143e-02
-4.783344999999999958e-02
-1.454263499999999994e-02
1.035601199999999951e-02
1.030705300000000005e-02
1.981734639999999936e-01
-5.373001200000000060e-02
-3.373670799999999720e-02
9.416417800000000116e-02
2.920988399999999846e-02
6.231903600000000126e-02
-2.446331399999999989e-02
-3.274004199999999698e-02
-7.746704699999999721e-02
8.128403600000000395e-02
2.951957599999999737e-01
8.947552300000000125e-02
-8.487543699999999802e-02
-8.004636599999999380e-02
3.924324900000000088e-02
2.777409299999999970e-02
9.052780300000000391e-02
1.451502809999999921e-01
4.111813209999999885e-01
2.108497769999999882e-01
1.229797470000000004e-01
-1.265392299999999921e-02
-1.945146199999999923e-02
2.365548180000000000e-01
1.904296769999999916e-01
8.772494799999999704e-02
1.276659679999999908e-01
2.328197100000000130e-01
-2.697502900000000106e-02
8.380587600000000137e-02
3.794258979999999837e-01
2.106241339999999906e-01
1.567013610000000112e-01
1.920370710000000036e-01
3.122457029999999856e-01
2.494469749999999875e-01
3.161064069999999782e-01
4.984233290000000260e-01
7.700578200000000040e-01
5.451565750000000321e-01
4.331647599999999820e-01
3.911796479999999909e-01
3.278084390000000070e-01
4.990306270000000044e-01
3.152591009999999860e-01
4.389693840000000180e-01
4.262519430000000220e-01
1.577422490000000010e-01
3.322222420000000009e-01
-5.952346599999999710e-02
-1.043697099999999975e-02
1.404059499999999946e-02
7.671772000000000313e-03
-1.359664200000000045e-01
4.658228400000000158e-02
2.305155899999999924e-01
2.441001519999999869e-01
9.500145999999999591e-02
1.785194099999999964e-02
1.199908469999999977e-01
4.561385700000000071e-02
1.403776939999999973e-01
7.690528500000000378e-02
1.259926899999999905e-01
1.087479799999999976e-02
1.351072700000000015e-02
9.475086700000000250e-02
5.429795899999999981e-02
-4.858912900000000173e-02
4.592109500000000205e-02
4.552162999999999696e-03
8.663466799999999801e-02
-4.665802200000000038e-02
4.484248999999999874e-02
7.937199500000000074e-02
3.791903130000000011e-01
1.956181170000000080e-01
2.525634010000000207e-01
5.712862099999999749e-02
-1.441022999999999957e-02
1.485612779999999911e-01
1.557634529999999962e-01
-4.013121099999999997e-02
1.133250029999999936e-01
1.002196679999999979e-01
8.436452499999999577e-02
2.898520940000000046e-01
6.418375599999999459e-02
7.728264099999999914e-02
8.210166100000000633e-02
1.014472220000000036e-01
-1.586021960000000008e-01
3.861565399999999926e-02
8.869056399999999951e-02
3.596677830000000187e-01
2.114522809999999919e-01
4.908280799999999860e-02
1.104756900000000014e-02
5.513533799999999901e-02
5.165883799999999859e-02
2.148589680000000113e-01
5.655749599999999877e-02
2.176292840000000062e-01
2.322940169999999915e-01
-1.392781999999999961e-03
3.729594199999999860e-02
2.196576199999999979e-02
2.931764499999999982e-02
-5.369633399999999834e-02
1.075212000000000086e-03
6.307580899999999657e-02
1.121204900000000032e-01
5.563792800000000316e-02
-2.694403899999999949e-02
8.484935799999999972e-02
9.497946000000000166e-02
-3.026754699999999881e-02
-9.708113999999999633e-02
-3.971408500000000313e-02
4.704962499999999770e-02
1.041311139999999968e-01
-8.524398000000000739e-03
2.511342500000000172e-02
-8.932759699999999470e-02
5.441345999999999683e-03
-2.259025699999999900e-02
-5.474661399999999900e-02
-1.190107739999999997e-01
1.417335299999999965e-02
8.693939100000000475e-02
8.217580000000000153e-04
-7.294001399999999746e-02
1.652373340000000135e-01
2.417080630000000008e-01
2.594794699999999898e-02
1.194866920000000055e-01
-1.329056699999999966e-02
3.454824199999999984e-02
7.433609500000000481e-02
7.601480400000000526e-02
2.040933400000000120e-01
8.304857899999999737e-02
6.344402899999999901e-02
3.648776100000000050e-02
8.573162690000000197e-01
7.612069209999999808e-01
3.980923530000000099e-01
6.286165550000000213e-01
8.071192780000000511e-01
5.115798790000000151e-01
8.378941970000000072e-01
8.957651960000000413e-01
9.958984840000000283e-01
9.323797959999999829e-01
8.901950669999999510e-01
7.532197609999999877e-01
1.738153279999999912e-01
8.302958849999999558e-01
9.344177989999999934e-01
8.183875139999999826e-01
8.773873960000000416e-01
8.738385859999999727e-01
5.941458219999999901e-01
8.382564030000000388e-01
3.837468010000000262e-01
2.415780869999999969e-01
1.168335280000000059e-01
2.826186210000000143e-01
1.531670280000000106e-01
2.953148489999999904e-01
4.883871220000000068e-01
7.464817049999999954e-01
5.516513819999999679e-01
3.984132180000000134e-01
2.421878990000000120e-01
3.227724199999999766e-02
2.599229239999999996e-01
4.952687219999999946e-01
3.811884810000000234e-01
4.205008089999999754e-01
4.761295709999999737e-01
2.145088559999999978e-01
3.682785149999999730e-01
9.238194979999999612e-01
8.317858700000000383e-01
5.834948290000000481e-01
7.485366660000000172e-01
8.905960830000000383e-01
6.682045730000000239e-01
8.946968770000000015e-01
9.479082770000000213e-01
9.917162160000000393e-01
9.556329609999999475e-01
9.343531349999999458e-01
8.632553760000000187e-01
2.839678010000000197e-01
9.178162309999999824e-01
9.615382289999999665e-01
8.898272929999999636e-01
9.519189970000000445e-01
9.314655859999999565e-01
6.839271449999999586e-01
9.058673109999999529e-01
6.082883059999999453e-01
3.566673850000000034e-01
1.208857980000000026e-01
3.291566470000000244e-01
4.745968059999999822e-01
2.740112809999999954e-01
4.938254810000000106e-01
6.555426789999999615e-01
9.142914450000000359e-01
7.197154839999999609e-01
6.041614789999999457e-01
4.202939989999999737e-01
6.885689000000000393e-03
4.913419849999999811e-01
7.730922009999999789e-01
5.155485840000000319e-01
6.446660130000000377e-01
5.845893429999999835e-01
3.527151139999999963e-01
4.938289779999999740e-01
2.134621489999999899e-01
8.615469700000000230e-02
-8.406010000000000218e-03
-6.628420000000000145e-02
3.269812500000000149e-02
-2.063627000000000170e-03
3.591808700000000132e-02
1.751583750000000050e-01
3.960599590000000170e-01
2.086950140000000120e-01
1.118194789999999994e-01
1.378398230000000002e-01
-3.161700900000000147e-02
7.102191900000000280e-02
1.792871669999999973e-01
4.172041800000000217e-02
7.548017499999999658e-02
1.980198950000000013e-01
7.133765899999999771e-02
7.739814600000000100e-02
-7.806332500000000285e-02
3.032966100000000081e-02
1.045542399999999962e-02
-7.739453599999999989e-02
2.839475799999999911e-02
5.926260600000000239e-02
7.073929099999999581e-02
1.787039539999999982e-01
-5.788516500000000231e-02
-1.369654680000000069e-01
-1.101190160000000001e-01
1.293692400000000069e-02
5.595749600000000240e-02
-3.613179500000000127e-02
-2.386972999999999873e-02
1.001820299999999983e-02
-3.498734199999999767e-02
5.981428999999999913e-03
1.906769389999999897e-01
9.265442599999999806e-02
1.094556900000000048e-02
3.355633599999999911e-02
1.097131979999999979e-01
8.919829399999999742e-02
1.633336609999999911e-01
2.367095720000000070e-01
5.423915519999999990e-01
3.411674949999999873e-01
1.815125260000000074e-01
9.308831200000000639e-02
1.221206399999999991e-02
2.941491150000000165e-01
3.037869229999999865e-01
1.335194550000000091e-01
2.467531239999999904e-01
2.478518040000000089e-01
8.975413299999999983e-02
8.613238800000000417e-02
7.199833260000000346e-01
5.224980190000000357e-01
2.595362030000000209e-01
4.129378149999999859e-01
6.451282430000000456e-01
3.401047700000000007e-01
6.409603830000000224e-01
7.961816489999999913e-01
9.106555119999999448e-01
8.314134570000000224e-01
7.336956270000000169e-01
5.811286989999999708e-01
1.039941179999999965e-01
6.066138460000000121e-01
7.887760670000000252e-01
6.363740749999999835e-01
7.405583629999999973e-01
7.324449549999999531e-01
4.102617769999999942e-01
6.526672540000000300e-01
3.226677000000000017e-02
2.692923100000000139e-02
-1.320702970000000032e-01
4.452358700000000336e-02
8.214610299999999810e-02
-7.508840999999999606e-03
6.768027999999999544e-02
1.161432520000000024e-01
2.734016659999999876e-01
1.283890079999999989e-01
2.310905900000000124e-02
-2.079856000000000066e-02
-7.708689000000000340e-03
8.565959700000000399e-02
1.137394109999999986e-01
7.226780500000000440e-02
1.753210920000000117e-01
1.029129270000000013e-01
2.525223700000000029e-02
-7.353006400000000609e-02
3.350424960000000230e-01
1.889576069999999997e-01
3.418895799999999846e-02
1.899628110000000092e-01
2.876412369999999941e-01
-1.579836000000000087e-02
2.448477189999999915e-01
4.202374549999999820e-01
7.507310489999999836e-01
4.958235489999999746e-01
3.682829129999999895e-01
1.592550799999999933e-01
-3.091894099999999840e-02
2.367309890000000028e-01
5.137002529999999956e-01
2.709322140000000045e-01
3.881200490000000225e-01
3.735304289999999972e-01
1.153055369999999996e-01
2.849159740000000163e-01
6.248527689999999746e-01
3.968540640000000064e-01
2.015041509999999925e-01
3.671036060000000267e-01
5.353343419999999631e-01
2.437931989999999882e-01
5.429572360000000097e-01
7.259662759999999659e-01
9.072198740000000372e-01
7.706501230000000202e-01
6.570267509999999644e-01
4.929334240000000089e-01
3.289985799999999710e-02
5.599714879999999617e-01
7.798624659999999764e-01
5.331186810000000387e-01
6.897977349999999674e-01
6.559044130000000195e-01
3.200673219999999874e-01
5.808344779999999874e-01
3.721951700000000057e-02
2.810657199999999981e-02
1.318482500000000071e-02
8.672573599999999772e-02
-1.440645899999999993e-02
-4.428010899999999805e-02
5.325527399999999828e-02
-1.269436699999999980e-02
4.579866199999999693e-02
-2.918080199999999874e-02
7.478311699999999618e-02
-9.186737200000000270e-02
3.342252300000000259e-02
-9.261130000000000013e-04
-3.367060399999999981e-02
8.183026999999999662e-02
1.599640299999999932e-02
2.739309599999999872e-02
-1.185980890000000038e-01
-1.075990999999999927e-02
2.778498199999999974e-02
2.620163999999999913e-03
-7.562336999999999705e-03
-5.172980000000000200e-04
8.533462000000000339e-03
-1.495634900000000073e-02
-7.381302999999999649e-03
1.708794230000000025e-01
1.889874739999999886e-01
-7.495146999999999747e-03
1.214660780000000051e-01
2.617749200000000012e-02
1.020047189999999937e-01
9.244528200000000362e-02
8.782705600000000057e-02
3.458694999999999912e-03
-1.245821319999999982e-01
4.547301699999999752e-02
1.058084519999999973e-01
7.232401500000000538e-02
-2.470533700000000082e-02
-6.405292999999999404e-02
2.742912700000000106e-02
2.748302500000000120e-02
1.008141119999999974e-01
2.725956010000000207e-01
4.349382700000000157e-01
1.878763250000000107e-01
1.913281609999999966e-01
1.941778939999999898e-01
9.064110699999999854e-02
1.901221849999999991e-01
3.110703029999999925e-01
1.171837500000000032e-01
1.805591119999999938e-01
9.895513899999999752e-02
1.640672899999999837e-02
6.666227299999999412e-02
4.945126149999999887e-01
3.184666600000000125e-01
7.169810000000000072e-02
2.049292859999999883e-01
3.747894749999999831e-01
1.255376129999999923e-01
3.991503470000000164e-01
5.621326819999999946e-01
8.374131169999999846e-01
6.652362739999999608e-01
5.050147259999999694e-01
3.799196329999999788e-01
2.350741799999999868e-02
3.931708170000000058e-01
6.387127590000000188e-01
3.911120989999999908e-01
5.305937640000000233e-01
5.143372579999999639e-01
1.145819899999999947e-01
4.090797809999999757e-01
1.048980280000000043e-01
8.041134999999999602e-03
-6.114365299999999920e-02
2.912744899999999970e-02
3.672044199999999897e-02
9.042740999999999973e-03
-1.116888000000000047e-01
5.002301800000000243e-02
3.143353139999999768e-01
1.172781600000000063e-01
5.773504100000000083e-02
-2.568571899999999922e-02
-4.378199800000000252e-02
5.227830999999999624e-03
1.162836740000000035e-01
-2.499052599999999902e-02
6.136030099999999904e-02
3.552752700000000319e-02
5.696694100000000011e-02
8.987985999999999892e-03
2.918448759999999753e-01
1.863723000000000072e-03
-1.250000000000000060e-05
1.613519350000000019e-01
2.721263680000000074e-01
-7.445772800000000080e-02
1.255098399999999940e-02
1.414213950000000053e-01
4.406230819999999992e-01
2.253373650000000117e-01
1.195165400000000044e-01
-8.499189499999999786e-02
-1.749885199999999877e-02
2.356833999999999926e-03
2.081401700000000132e-01
1.546631890000000065e-01
1.056423380000000023e-01
1.743677529999999865e-01
3.788716699999999937e-02
7.339261199999999596e-02
2.447621500000000117e-01
-6.348050099999999474e-02
1.939716299999999852e-02
-4.037983000000000197e-03
1.303755460000000088e-01
3.509191200000000288e-02
1.807610679999999970e-01
3.595230289999999940e-01
2.054294520000000124e-01
3.344372500000000054e-02
4.198058999999999819e-02
6.831754700000000624e-02
5.779925600000000024e-02
1.833305410000000135e-01
1.919546380000000108e-01
4.640239899999999695e-02
1.557346870000000105e-01
-6.691677499999999779e-02
9.530816599999999972e-02
9.913392599999999721e-02
1.383871300000000075e-02
-1.492771979999999998e-01
1.445011949999999989e-01
-2.389636000000000104e-03
-1.887123200000000167e-02
1.890393699999999913e-02
5.617114699999999766e-02
2.244790630000000065e-01
4.393190200000000184e-02
5.286846099999999854e-02
2.254038300000000064e-02
5.705230999999999844e-03
1.678056199999999887e-02
9.956267400000000378e-02
2.555972499999999842e-02
9.433491700000000424e-02
-3.144078499999999887e-02
1.601105499999999973e-02
7.494612600000000180e-02
6.345641800000000055e-02
9.546495700000000306e-02
-3.685627699999999979e-02
4.375950700000000304e-02
1.182206300000000071e-02
-3.117517800000000130e-02
-1.474988799999999919e-02
7.164694999999999571e-03
3.681660050000000184e-01
1.071151909999999985e-01
1.863204149999999892e-01
2.842694840000000167e-01
-7.631973499999999966e-02
4.338904100000000319e-02
1.603145589999999954e-01
9.337451900000000304e-02
2.045465509999999931e-01
1.113682909999999943e-01
1.177039950000000057e-01
5.384210200000000279e-02
8.189909960000000266e-01
6.944217369999999834e-01
3.757605150000000171e-01
5.201222530000000344e-01
7.824026910000000390e-01
4.663473089999999877e-01
7.996401619999999877e-01
8.847649050000000459e-01
9.884593600000000091e-01
9.182927050000000424e-01
8.528803689999999715e-01
7.163635940000000479e-01
1.390461070000000021e-01
7.756773710000000044e-01
9.380730929999999690e-01
7.807896319999999557e-01
8.649822040000000323e-01
8.416570359999999695e-01
4.444432010000000099e-01
7.889659279999999830e-01
4.580231610000000120e-01
3.014184460000000065e-01
1.195624490000000012e-01
2.817566699999999869e-01
4.241945249999999890e-01
1.266632460000000071e-01
4.137779650000000253e-01
5.795210090000000314e-01
8.260123240000000200e-01
6.651419570000000059e-01
5.032372489999999976e-01
2.938741979999999754e-01
1.082887159999999932e-01
3.868132519999999963e-01
6.047380460000000291e-01
4.000855050000000079e-01
5.115234499999999906e-01
5.073973000000000511e-01
2.268692720000000107e-01
4.645479920000000207e-01
9.149182649999999528e-01
8.378982940000000434e-01
5.458263930000000208e-01
7.034858560000000205e-01
8.726356419999999892e-01
6.419908349999999819e-01
8.916074950000000277e-01
9.332058039999999721e-01
1.000000000000000000e+00
9.565897530000000426e-01
9.221943449999999709e-01
8.444819270000000211e-01
2.582390339999999784e-01
8.979847840000000359e-01
9.642852769999999962e-01
8.818122579999999600e-01
9.375077689999999908e-01
9.189116130000000160e-01
6.346677210000000180e-01
8.698832330000000335e-01
6.082173029999999869e-01
4.410407860000000180e-01
1.834728419999999971e-01
2.946765940000000139e-01
4.776359929999999809e-01
2.317966449999999956e-01
5.122978830000000094e-01
6.667624960000000378e-01
9.269244429999999868e-01
7.383607039999999788e-01
5.925765069999999746e-01
4.364574070000000194e-01
5.908320400000000028e-02
5.251143150000000537e-01
7.812099470000000156e-01
5.042275819999999520e-01
6.504051960000000188e-01
6.018818630000000169e-01
2.051451970000000014e-01
5.002123539999999702e-01
7.989744399999999802e-02
4.190388999999999919e-02
-4.013066000000000029e-03
3.303775600000000146e-02
7.536370400000000358e-02
7.350740299999999894e-02
6.412260899999999708e-02
1.594110960000000021e-01
4.731634149999999761e-01
2.229953580000000046e-01
1.091905890000000046e-01
-1.567145000000000040e-03
-7.276974000000000289e-03
8.892389200000000438e-02
2.182884300000000055e-01
9.944363100000000455e-02
1.895349849999999892e-01
9.761859800000000087e-02
6.165937300000000343e-02
7.853577600000000158e-02
-4.068483999999999989e-02
-2.141828700000000113e-02
2.753585290000000185e-01
-3.781719499999999790e-02
-1.360941950000000011e-01
-3.792356200000000094e-02
3.195509000000000023e-03
6.152181300000000158e-02
3.001985999999999891e-03
-4.245282999999999869e-03
-2.925724199999999928e-02
7.838748700000000569e-02
-4.701762599999999986e-02
7.139866699999999899e-02
6.838565800000000194e-02
6.117197999999999906e-03
1.178510110000000055e-01
-1.101964000000000068e-02
3.635366699999999923e-02
-6.744670999999999826e-03
2.286828959999999966e-01
1.151123609999999964e-01
5.182418000000000267e-03
6.790779199999999460e-02
1.823031979999999996e-01
3.758250800000000058e-02
1.940364109999999920e-01
3.020526199999999939e-01
6.649106909999999981e-01
3.652135340000000063e-01
2.989709589999999806e-01
1.609963690000000003e-01
6.298128699999999691e-02
1.588898890000000064e-01
4.049454829999999950e-01
1.959511009999999886e-01
3.236561009999999738e-01
2.155708400000000136e-01
9.001665500000000097e-02
1.381580059999999999e-01
7.814128409999999691e-01
6.465954590000000390e-01
4.060088689999999945e-01
5.070516990000000224e-01
7.450354970000000465e-01
4.514687649999999941e-01
7.340550639999999794e-01
8.379864230000000358e-01
9.464475850000000356e-01
8.787742509999999507e-01
8.013450869999999560e-01
6.434929200000000238e-01
1.896876040000000097e-01
7.201177539999999988e-01
8.524741519999999850e-01
7.193219050000000392e-01
8.132973390000000080e-01
8.069838289999999859e-01
5.199953480000000239e-01
7.462864550000000152e-01
1.422696410000000022e-01
8.478760700000000095e-02
3.677057999999999716e-02
1.928266000000000008e-02
-4.187337999999999651e-03
-3.317065599999999975e-02
7.564406999999999381e-02
1.684164479999999964e-01
3.922150919999999874e-01
2.139377980000000123e-01
1.465097220000000089e-01
-7.940173999999999496e-03
4.804056999999999598e-03
5.647919700000000182e-02
2.350443630000000061e-01
1.280781589999999970e-01
1.639759590000000045e-01
1.227905690000000022e-01
5.112009199999999892e-02
3.738246800000000203e-02
3.885085529999999787e-01
2.153888619999999865e-01
1.075728100000000048e-02
7.236689699999999947e-02
2.548550689999999896e-01
7.112018300000000348e-02
3.309895079999999878e-01
4.470340859999999972e-01
7.867482380000000441e-01
5.276622269999999837e-01
3.995882199999999940e-01
2.029748060000000076e-01
1.339002800000000000e-02
3.579298360000000012e-01
5.358602909999999886e-01
2.961519229999999836e-01
4.211368149999999977e-01
3.726129870000000066e-01
2.368806910000000043e-01
3.130691130000000100e-01
5.869320900000000174e-01
4.139366139999999805e-01
1.193339630000000012e-01
2.758953679999999742e-01
4.858803250000000018e-01
1.874399910000000002e-01
5.305868660000000459e-01
6.877041499999999585e-01
9.358727260000000436e-01
7.592631180000000146e-01
6.356648740000000464e-01
4.447957639999999824e-01
1.103628110000000051e-01
5.248140930000000370e-01
7.860619460000000114e-01
5.137319460000000504e-01
6.509826370000000306e-01
6.155830469999999943e-01
2.975813900000000012e-01
5.521640820000000005e-01
-4.185426300000000266e-02
-2.447382899999999903e-02
-9.094229900000000422e-02
-9.706029999999999172e-03
1.265800480000000006e-01
5.051924999999999645e-03
5.394636000000000396e-03
2.833194400000000127e-02
1.196263070000000012e-01
2.864875299999999902e-02
3.613734999999999864e-02
-4.289376000000000300e-02
-6.817961300000000002e-02
6.852251000000000175e-03
3.949844699999999903e-02
2.717528899999999831e-02
1.082019900000000083e-02
-3.080267199999999969e-02
7.780223999999999647e-03
-5.642841500000000260e-02
-5.817272000000000068e-03
2.439537500000000039e-02
4.861373000000000430e-03
-2.967744000000000024e-03
-6.310917000000000089e-03
2.722403699999999954e-02
1.005594959999999982e-01
2.282897999999999872e-02
1.468892800000000110e-01
2.384333699999999917e-02
2.811882699999999902e-02
4.307893499999999876e-02
-6.353232999999999797e-02
4.231876600000000072e-02
1.129829380000000050e-01
9.634487000000000606e-03
-8.075778299999999965e-02
1.142915810000000032e-01
-5.450904300000000008e-02
-1.917350500000000041e-02
1.569049620000000089e-01
1.036051830000000035e-01
1.908657589999999959e-01
5.991965700000000117e-02
1.554939640000000123e-01
1.891416589999999898e-01
2.761924250000000192e-01
2.146709739999999866e-01
4.565552469999999974e-01
3.342221730000000113e-01
1.949092629999999993e-01
1.298095579999999916e-01
1.416392500000000082e-02
1.604967700000000108e-01
2.087614919999999930e-01
1.503080669999999897e-01
2.128556540000000052e-01
1.627080379999999993e-01
1.526146740000000057e-01
1.111682999999999977e-01
3.809806519999999752e-01
2.234939850000000061e-01
2.798814479999999771e-01
1.158380789999999966e-01
3.367194900000000102e-01
2.256159140000000007e-01
2.562395080000000047e-01
5.621250290000000538e-01
6.396115220000000434e-01
5.554691250000000080e-01
3.696897060000000068e-01
1.931649069999999968e-01
9.582073300000000515e-02
2.370519899999999902e-01
3.459707980000000238e-01
2.808084519999999862e-01
4.033463959999999959e-01
3.608532500000000143e-01
1.178711699999999973e-01
3.326559270000000179e-01
1.783578660000000038e-01
2.729391700000000087e-02
2.112280340000000090e-01
-1.049721390000000060e-01
6.975504999999999900e-03
-1.666421699999999853e-02
3.449745600000000273e-02
1.489679790000000004e-01
3.332062390000000152e-01
1.323217610000000100e-01
2.183577630000000103e-01
8.560078000000000131e-02
-1.786340599999999834e-02
1.018816179999999932e-01
9.849623500000000142e-02
9.293215900000000029e-02
1.005125409999999969e-01
1.225423350000000022e-01
1.981253900000000054e-02
7.256956000000000517e-02
2.035251439999999912e-01
8.901289599999999413e-02
-1.118953020000000020e-01
5.747344399999999853e-02
9.485972600000000532e-02
2.048633199999999946e-02
1.096428390000000058e-01
2.542285730000000132e-01
5.713743110000000236e-01
3.100258699999999812e-01
2.526135319999999740e-01
7.584726799999999547e-02
1.026363269999999994e-01
2.871826670000000026e-01
2.030392450000000071e-01
2.448147720000000138e-01
1.998861809999999961e-01
-7.296771600000000191e-02
1.199521749999999942e-01
1.714017589999999869e-01
6.834732799999999886e-02
2.133069300000000126e-02
3.649064700000000105e-02
1.405143289999999934e-01
7.397822000000000078e-03
8.752921600000000690e-02
1.768095020000000073e-01
3.856809709999999836e-01
2.240329590000000037e-01
1.423733919999999875e-01
4.841952499999999798e-02
-2.461081700000000011e-02
1.656329209999999885e-01
2.851456510000000000e-01
1.687163090000000087e-01
1.573456579999999994e-01
2.216315719999999989e-01
8.028401599999999971e-02
1.340227800000000080e-01
3.971486500000000197e-02
-6.952733599999999514e-02
-5.643950699999999987e-02
1.716042200000000156e-02
4.204918700000000176e-02
4.110389300000000246e-02
1.333471139999999888e-01
9.453168400000000471e-02
2.844189549999999733e-01
1.315283590000000113e-01
2.697063200000000133e-02
-2.414993600000000032e-02
3.143174900000000188e-02
1.274202690000000027e-01
2.148157300000000033e-02
-2.621567999999999902e-03
1.460583699999999999e-02
4.472190200000000088e-02
2.542586100000000099e-02
-1.834757199999999949e-02
6.804354799999999537e-02
-1.025880700000000000e-02
7.392076000000000029e-03
-8.097289700000000201e-02
1.320850939999999862e-01
3.320979999999999852e-03
7.448324400000000400e-02
9.456135100000000182e-02
2.234637289999999998e-01
1.762738450000000123e-01
1.079808460000000053e-01
2.099269679999999916e-01
-7.664993999999999627e-03
5.165708200000000000e-02
1.285916000000000003e-01
4.424333200000000327e-02
1.645012419999999920e-01
7.389764199999999950e-02
1.701643140000000110e-01
7.636118599999999756e-02
9.020251910000000040e-01
7.841727029999999710e-01
5.065385289999999596e-01
6.766647500000000370e-01
8.505252089999999487e-01
6.311833519999999753e-01
8.512255800000000372e-01
9.243823049999999597e-01
9.890035700000000540e-01
9.393386940000000296e-01
8.909008320000000314e-01
7.791026460000000098e-01
4.034518429999999767e-01
8.616920000000000135e-01
9.435270909999999844e-01
8.444235629999999881e-01
8.974825269999999744e-01
8.980618070000000452e-01
6.917113089999999964e-01
8.733787100000000025e-01
3.382621180000000005e-01
1.080351840000000063e-01
7.376375999999999766e-02
9.426485900000000639e-02
2.679694440000000011e-01
3.083635840000000239e-01
3.162487460000000250e-01
3.812268950000000101e-01
6.532399279999999697e-01
4.682935469999999767e-01
3.449764980000000203e-01
1.496342559999999933e-01
5.386805299999999908e-02
2.491903000000000035e-01
3.415806760000000275e-01
2.554174069999999852e-01
3.450205470000000108e-01
3.709161699999999895e-01
1.171253379999999955e-01
2.678375379999999861e-01
9.285632600000000014e-01
8.529495230000000427e-01
6.440287059999999508e-01
7.820679470000000411e-01
9.013542500000000235e-01
7.248427899999999591e-01
8.954543600000000048e-01
9.453184100000000534e-01
9.877340839999999567e-01
9.592095819999999495e-01
9.267985949999999473e-01
8.679926000000000030e-01
3.733809610000000112e-01
8.955171690000000018e-01
9.575233650000000152e-01
8.984659230000000552e-01
9.437735539999999590e-01
9.229087369999999790e-01
7.861620929999999507e-01
8.990684190000000076e-01
6.554366929999999591e-01
4.652920110000000053e-01
2.079351899999999920e-01
3.902121179999999967e-01
6.007335980000000353e-01
3.411694319999999947e-01
5.987201180000000234e-01
7.589120809999999606e-01
9.209084419999999938e-01
8.066880210000000329e-01
6.872765140000000050e-01
4.900710140000000270e-01
6.310392800000000357e-02
5.977675180000000532e-01
8.054715590000000036e-01
5.933361809999999625e-01
7.120842539999999721e-01
7.055497910000000372e-01
4.519478590000000073e-01
6.239476940000000527e-01
1.501309369999999921e-01
1.187808400000000056e-02
-5.064405300000000137e-02
-3.764596399999999704e-02
2.026821470000000069e-01
8.179495800000000094e-02
1.458682060000000003e-01
2.123561049999999895e-01
4.397477490000000211e-01
2.645405789999999979e-01
1.518137830000000077e-01
1.393867749999999905e-01
3.132889500000000244e-02
1.447920179999999946e-01
2.159101390000000009e-01
6.868341000000000030e-02
2.228736510000000060e-01
1.034245369999999969e-01
1.182277729999999943e-01
1.664761409999999942e-01
-6.117718199999999662e-02
-5.666762300000000030e-02
1.998204660000000021e-01
2.191643399999999853e-02
2.182543140000000048e-01
1.631627000000000077e-03
2.653493599999999855e-02
2.224320200000000011e-02
4.982590600000000314e-02
-4.524417000000000195e-03
-1.256955400000000014e-02
4.829806700000000008e-02
-4.662149899999999680e-02
1.879647699999999894e-02
3.373780500000000265e-02
5.346527599999999908e-02
4.372777900000000134e-02
-1.878853899999999993e-02
-6.956396999999999581e-03
2.294478909999999872e-01
1.084631959999999978e-01
6.796043799999999802e-02
7.012068700000000099e-02
2.101192699999999969e-01
1.945998529999999893e-01
1.806780689999999967e-01
3.282299710000000093e-01
6.471858169999999966e-01
4.228311559999999858e-01
2.970064359999999848e-01
1.385431139999999950e-01
-4.815350599999999870e-02
1.460570340000000022e-01
3.589507590000000081e-01
2.020864749999999876e-01
3.025173019999999879e-01
3.131162350000000205e-01
1.228187159999999944e-01
1.875301709999999955e-01
5.951699950000000072e-01
4.819677609999999945e-01
3.553256730000000085e-01
4.387903269999999800e-01
5.418683309999999809e-01
2.881107310000000088e-01
5.262639980000000106e-01
6.895809670000000446e-01
8.441117879999999740e-01
7.467687929999999863e-01
5.955626550000000519e-01
4.316982580000000014e-01
1.052674209999999999e-01
4.738317360000000034e-01
6.489235869999999684e-01
5.332791719999999680e-01
6.577051590000000392e-01
6.447542499999999732e-01
3.224387220000000109e-01
5.173691489999999726e-01
8.628776000000000501e-02
4.107457400000000258e-02
7.106683099999999698e-02
6.602108900000000502e-02
5.018915200000000076e-02
-3.989406300000000044e-02
1.754047920000000038e-01
1.421906099999999951e-01
3.715818679999999818e-01
1.822149969999999897e-01
1.151591869999999962e-01
8.327149000000000356e-02
1.725159000000000067e-02
1.814622200000000005e-02
1.653019779999999883e-01
6.692168799999999307e-02
1.322742359999999895e-01
1.594153520000000102e-01
2.122160299999999861e-02
8.038776699999999886e-02
4.208928940000000174e-01
2.365819789999999978e-01
1.313446749999999941e-01
1.519875240000000127e-01
3.317566510000000135e-01
1.621253340000000098e-01
3.330501499999999893e-01
4.795200399999999807e-01
7.657652449999999833e-01
5.891871960000000241e-01
4.202699899999999822e-01
3.058457370000000064e-01
1.916545080000000012e-01
3.333159439999999751e-01
5.409085879999999680e-01
3.288767619999999892e-01
4.448052730000000010e-01
4.106320760000000125e-01
2.177802839999999907e-01
3.604231580000000212e-01
7.505231169999999619e-01
5.554882740000000041e-01
3.915525060000000224e-01
4.356874629999999970e-01
6.776499049999999968e-01
3.607163979999999937e-01
6.597889139999999486e-01
8.091703040000000069e-01
9.374255470000000257e-01
8.287732380000000232e-01
7.347258549999999833e-01
5.506876000000000548e-01
1.275387629999999994e-01
6.653934799999999816e-01
8.248285410000000262e-01
6.515646760000000093e-01
7.671791289999999597e-01
7.395930059999999973e-01
4.625302709999999928e-01
6.902955090000000293e-01
3.756371000000000016e-02
-1.056893009999999994e-01
-7.300692899999999819e-02
3.960585300000000336e-02
6.633075000000000429e-03
1.298971190000000053e-01
1.798173399999999922e-02
1.739016700000000151e-02
3.952162999999999857e-03
-3.082051599999999919e-02
2.270684400000000033e-02
-1.477849000000000046e-03
3.667467099999999897e-02
1.959371970000000074e-01
7.970875400000000666e-02
4.922876200000000230e-02
1.463158649999999894e-01
2.835776799999999848e-02
5.137003400000000192e-02
7.608399300000000254e-02
-2.161479499999999915e-02
6.282372599999999641e-02
3.485389299999999690e-02
2.036958700000000150e-02
1.338297999999999918e-03
2.085607700000000064e-02
1.754692720000000095e-01
9.892333300000000218e-02
6.691930899999999627e-02
5.533234399999999858e-02
-1.949011999999999967e-02
5.746750300000000311e-02
5.520880899999999758e-02
5.165895399999999998e-02
5.329589000000000028e-03
9.324751600000000251e-02
3.497229799999999889e-02
7.501872499999999444e-02
1.748763580000000095e-01
7.032910300000000392e-02
1.396380929999999909e-01
8.277809999999999812e-04
1.966681799999999911e-02
-1.452999200000000025e-02
1.023606930000000026e-01
1.766272449999999883e-01
4.816995949999999804e-01
2.635903880000000088e-01
1.245502099999999945e-01
4.919860000000000205e-02
3.387827300000000041e-02
6.907835199999999565e-02
2.561490920000000227e-01
9.059942499999999732e-02
2.181234350000000044e-01
1.215866980000000069e-01
4.147784499999999930e-02
1.212532959999999965e-01
5.005495519999999532e-01
3.019090939999999890e-01
1.667230040000000080e-01
2.222942780000000118e-01
3.862846799999999914e-01
1.747773260000000106e-01
4.133636230000000134e-01
5.894374999999999476e-01
8.836962550000000416e-01
6.591982069999999805e-01
5.092618960000000472e-01
3.466773200000000110e-01
6.678159300000000020e-02
4.348934629999999801e-01
6.682335299999999645e-01
4.278848120000000033e-01
5.740834110000000434e-01
5.266419439999999730e-01
1.710007869999999874e-01
4.238524089999999855e-01
4.190878499999999701e-02
6.184346899999999814e-02
2.407431499999999891e-02
2.375634100000000026e-02
4.622923999999999610e-03
-3.353191099999999758e-02
-3.943257000000000359e-03
6.794467599999999552e-02
2.920343069999999930e-01
7.091549299999999612e-02
3.471662999999999832e-03
-4.000482999999999817e-02
-1.742409400000000108e-02
1.145941810000000033e-01
1.561811999999999923e-01
3.200607999999999925e-02
5.936999999999999916e-02
3.854820400000000258e-02
2.076930100000000043e-02
1.536912830000000119e-01
1.127456339999999974e-01
4.966504599999999742e-02
-3.530657899999999766e-02
2.894871669999999897e-01
6.555338800000000410e-02
-9.174124000000000514e-03
9.165566499999999728e-02
2.362948069999999956e-01
4.739538919999999877e-01
2.472846360000000021e-01
1.392476510000000001e-01
4.617230900000000166e-02
-5.104019499999999654e-02
7.021878700000000473e-02
2.479442159999999951e-01
1.307341660000000128e-01
1.345418090000000122e-01
1.587655829999999879e-01
5.662437399999999815e-02
1.056281020000000015e-01
1.379532910000000057e-01
1.306404330000000003e-01
2.535899999999999960e-02
-5.262512400000000229e-02
1.018546719999999933e-01
8.420662000000000633e-03
1.114150619999999953e-01
1.442778339999999937e-01
4.089334769999999897e-01
1.367085239999999979e-01
1.693838290000000135e-01
-1.390830200000000086e-02
-2.690915699999999952e-02
3.562699600000000105e-02
2.595644779999999874e-01
1.196075739999999943e-01
2.354868210000000128e-01
2.590116219999999969e-01
4.902510100000000148e-02
1.526798380000000122e-01
1.152307699999999963e-02
7.007234900000000599e-02
-3.505799999999999889e-02
-6.177629099999999707e-02
-1.728215699999999938e-02
2.656818999999999934e-03
3.444903299999999696e-02
9.395179200000000619e-02
1.908213089999999945e-01
1.287417469999999897e-01
5.563313899999999812e-02
9.017139999999999878e-03
-5.649283100000000030e-02
-2.947249000000000049e-02
1.322241690000000025e-01
4.356572499999999959e-02
4.613213900000000256e-02
1.495951600000000083e-02
2.062381500000000020e-02
-4.872282000000000349e-03
1.128795199999999971e-01
7.709136699999999398e-02
-4.021244999999999681e-02
-2.248979900000000129e-02
-6.296303999999999963e-03
2.489466200000000143e-02
4.251154399999999833e-02
1.293857600000000024e-02
3.666669630000000124e-01
1.440509080000000053e-01
4.365071599999999913e-02
7.297610599999999892e-02
-6.461973899999999549e-02
-1.080432100000000041e-02
2.321988550000000096e-01
3.116099900000000172e-02
5.739473199999999692e-02
1.278193699999999877e-01
-5.255250999999999846e-03
4.873095100000000152e-02
8.473715029999999704e-01
7.329604570000000097e-01
4.378621400000000108e-01
5.825584390000000390e-01
7.860551380000000421e-01
5.381895690000000343e-01
8.360668430000000040e-01
8.965551010000000209e-01
1.001951779000000098e+00
9.272187379999999868e-01
8.787492909999999879e-01
7.584817299999999651e-01
2.034116059999999948e-01
8.379930460000000192e-01
9.557286379999999637e-01
8.185550289999999896e-01
8.924495409999999573e-01
8.726343989999999495e-01
4.627396169999999920e-01
8.241096260000000395e-01
4.901400380000000001e-01
3.225297329999999851e-01
2.162138829999999956e-01
2.342390460000000063e-01
4.187347359999999963e-01
1.480637969999999970e-01
4.002773430000000077e-01
6.089963779999999494e-01
8.430527469999999912e-01
6.575783649999999980e-01
5.086026989999999914e-01
3.756446079999999910e-01
8.498060999999999809e-02
4.084351689999999868e-01
6.265747860000000502e-01
3.880938039999999867e-01
5.288667329999999778e-01
5.224583729999999759e-01
2.333952770000000121e-01
4.620286530000000114e-01
9.280066080000000106e-01
8.439077209999999996e-01
5.934288060000000309e-01
7.220708319999999958e-01
8.722259749999999867e-01
6.698964410000000091e-01
9.055250299999999530e-01
9.322530949999999761e-01
1.002152911000000035e+00
9.527785690000000196e-01
9.236958499999999850e-01
8.624167689999999720e-01
2.970559360000000204e-01
9.007408420000000415e-01
9.766361169999999703e-01
8.943241349999999645e-01
9.432792939999999904e-01
9.251539930000000078e-01
6.065715539999999573e-01
8.837781089999999784e-01
5.930182689999999868e-01
4.466969069999999764e-01
3.030605180000000010e-01
2.720880370000000048e-01
5.024022200000000105e-01
2.511696190000000106e-01
5.265573599999999743e-01
6.658646550000000275e-01
9.307629880000000133e-01
7.231451439999999620e-01
6.088758069999999911e-01
4.389142950000000098e-01
6.028071999999999771e-03
5.366022110000000511e-01
7.951398499999999814e-01
5.291357239999999740e-01
6.451657419999999865e-01
6.315178299999999467e-01
1.665433159999999968e-01
5.178472299999999917e-01
1.060097309999999959e-01
1.199966279999999941e-01
9.106218200000000540e-02
1.826176429999999962e-01
9.798706799999999661e-02
-3.352562600000000281e-02
6.985847100000000531e-02
1.211068480000000031e-01
4.093195359999999838e-01
2.090450670000000011e-01
1.667888130000000080e-01
1.305075200000000053e-02
-3.968325999999999798e-02
1.186701160000000060e-01
1.923207660000000041e-01
9.173919199999999718e-02
1.332604239999999884e-01
9.338327300000000275e-02
2.127920200000000053e-02
3.848504800000000087e-02
-2.970792900000000097e-02
-6.668413400000000602e-02
4.137820999999999860e-03
-1.415424020000000116e-01
8.346484899999999374e-02
-6.877101200000000636e-02
1.485191699999999920e-02
8.655122199999999710e-02
1.056456799999999988e-02
3.260584700000000030e-02
1.237290330000000022e-01
8.427609099999999742e-02
-4.628535999999999935e-03
1.348447300000000029e-02
4.562338999999999978e-02
5.612387700000000257e-02
4.337892599999999821e-02
-2.287255800000000117e-02
4.847221699999999800e-02
8.495158799999999455e-02
2.266233089999999950e-01
8.014210300000000620e-02
6.481012999999999358e-02
2.436131340000000089e-01
2.012635150000000039e-01
-3.858053200000000071e-02
2.037341540000000006e-01
3.545257680000000189e-01
6.406920809999999689e-01
3.376450850000000115e-01
3.091107900000000241e-01
1.078927120000000017e-01
-3.126925900000000064e-02
1.816653320000000127e-01
3.877933230000000231e-01
1.799676699999999963e-01
2.745081830000000167e-01
2.312709940000000075e-01
6.790149900000000405e-02
1.981848679999999863e-01
8.035531150000000400e-01
6.609246939999999793e-01
3.566486910000000177e-01
5.101548620000000422e-01
7.541301529999999698e-01
4.563254889999999730e-01
7.416350019999999876e-01
8.618470940000000358e-01
9.606882119999999858e-01
8.931402640000000170e-01
8.098662800000000495e-01
6.586835760000000484e-01
1.759300980000000070e-01
7.415555510000000350e-01
8.771361039999999720e-01
7.397361209999999687e-01
8.251825950000000187e-01
8.199599279999999490e-01
5.573869080000000142e-01
7.612679310000000088e-01
1.126931109999999986e-01
1.597880000000000134e-02
-4.843863699999999967e-02
8.428184299999999518e-02
6.539593800000000068e-02
-5.110845399999999761e-02
1.102432109999999937e-01
1.141683019999999993e-01
3.775806170000000073e-01
1.382712799999999964e-01
1.008590300000000023e-01
3.572355700000000300e-02
8.192091399999999746e-02
9.333051200000000436e-02
1.762471569999999876e-01
7.456983999999999835e-02
1.245455990000000068e-01
1.472525160000000000e-01
8.242360799999999543e-02
6.360867900000000130e-02
4.054482799999999942e-01
2.877703589999999756e-01
6.949967799999999529e-02
1.675214429999999921e-01
3.062872669999999742e-01
1.107863800000000037e-01
3.314128570000000051e-01
4.909270150000000221e-01
8.280565359999999542e-01
5.694336159999999758e-01
4.223066469999999795e-01
3.554023519999999770e-01
5.880939000000000305e-02
3.576368449999999810e-01
5.856406389999999629e-01
3.318372219999999873e-01
4.571397660000000029e-01
4.187575729999999941e-01
1.254381159999999884e-01
3.537547569999999753e-01
6.575533439999999841e-01
4.873567850000000146e-01
1.986294150000000036e-01
3.289246780000000259e-01
5.499800529999999688e-01
2.731244919999999965e-01
5.881244810000000323e-01
7.443712679999999748e-01
9.423837889999999717e-01
7.893451580000000467e-01
6.859863219999999817e-01
4.785107490000000130e-01
4.384117900000000095e-02
5.843205080000000162e-01
8.318011159999999515e-01
5.729887609999999576e-01
7.139330130000000052e-01
6.781714779999999942e-01
2.784098970000000173e-01
5.902285050000000144e-01
-1.366657400000000078e-02
-6.884112700000000196e-02
7.674582100000000573e-02
-3.646503599999999928e-02
1.120827890000000021e-01
3.200439800000000334e-02
-4.292673200000000217e-02
6.479545700000000075e-02
1.680438770000000082e-01
5.812596700000000061e-02
4.038565899999999737e-02
3.798745399999999689e-02
1.116046299999999963e-01
3.121171299999999857e-02
4.921451599999999982e-02
8.860608000000000720e-03
7.055666700000000346e-02
5.627373299999999939e-02
-3.478106899999999779e-02
-1.056116500000000083e-02
5.605140000000000122e-02
9.366473699999999791e-02
4.191361400000000181e-02
-1.219990999999999957e-02
-1.581608799999999898e-02
3.044321300000000022e-02
-3.318175000000000031e-03
3.901212999999999903e-02
1.775944399999999923e-01
4.547030900000000042e-02
9.546258000000000174e-03
1.398592499999999975e-02
6.843961699999999426e-02
1.040088789999999985e-01
1.237688970000000027e-01
6.170209000000000284e-03
2.229454000000000158e-02
4.880261000000000321e-02
4.838159799999999788e-02
3.819288800000000123e-02
1.233476430000000068e-01
9.683873899999999313e-02
-3.935600399999999999e-02
-1.159075499999999946e-02
6.154227100000000256e-02
6.047010700000000211e-02
7.200211600000000489e-02
2.040874460000000057e-01
4.389442020000000055e-01
1.759423149999999880e-01
1.855822450000000068e-01
1.442470300000000052e-02
-3.103688300000000122e-02
7.349381900000000190e-02
2.031912660000000093e-01
4.198340999999999879e-02
9.701041500000000262e-02
2.008299420000000113e-01
-2.996729399999999849e-02
3.921550800000000309e-02
4.409278269999999944e-01
2.732006180000000062e-01
9.890910599999999664e-02
2.155473290000000097e-01
3.512579479999999865e-01
2.153337029999999874e-01
3.861550959999999755e-01
5.653529299999999758e-01
8.271587129999999899e-01
5.899368889999999643e-01
4.739666009999999874e-01
2.808286260000000256e-01
1.032041999999999959e-01
3.708182159999999783e-01
5.707214849999999728e-01
3.675240579999999868e-01
5.296479819999999616e-01
4.649029390000000150e-01
1.424598260000000116e-01
3.498002279999999908e-01
-2.993034999999999793e-03
-7.577686499999999881e-02
-3.209038699999999800e-02
4.580914999999999640e-03
-2.147159800000000146e-02
1.354543899999999940e-02
1.373621270000000005e-01
1.001764309999999963e-01
2.859069530000000192e-01
4.322631999999999863e-02
-2.724511900000000167e-02
6.740063999999999604e-03
2.373468399999999895e-02
-1.776269700000000090e-02
1.070181840000000023e-01
4.527403399999999772e-02
8.896968700000000563e-02
7.689446499999999518e-02
-5.623811599999999772e-02
3.127473299999999901e-02
1.154988400000000054e-01
9.032935500000000006e-02
-3.117786900000000042e-02
1.420848800000000002e-02
9.164537300000000219e-02
2.057200400000000137e-02
1.816877299999999917e-01
2.129435430000000129e-01
4.177379529999999952e-01
1.876181379999999899e-01
1.471468559999999925e-01
9.624452199999999902e-02
-1.004112739999999948e-01
6.483813700000000402e-02
2.457252659999999977e-01
1.068952019999999947e-01
1.270065659999999874e-01
1.111528219999999983e-01
-3.883633799999999803e-02
-3.153525599999999762e-02
4.386153899999999800e-02
2.280240000000000110e-04
3.043486299999999950e-02
-8.143812799999999852e-02
6.675048000000000266e-03
-3.874680099999999738e-02
1.787373800000000013e-02
1.429484069999999996e-01
3.051811629999999775e-01
8.353457200000000138e-02
8.001236000000000459e-02
1.222833200000000009e-01
-2.078219800000000173e-02
2.120413859999999984e-01
1.643676109999999968e-01
1.898056469999999940e-01
1.029559059999999998e-01
1.582015300000000069e-01
5.471965200000000057e-02
8.503047800000000656e-02
4.019543000000000421e-03
-5.736138999999999821e-02
1.409181389999999978e-01
6.783269000000000104e-02
-2.351755000000000078e-03
1.598800910000000020e-01
-3.868602899999999678e-02
8.327299700000000138e-02
1.826238900000000109e-01
8.867555000000000576e-02
-2.011804999999999843e-02
-3.104865000000000055e-03
-1.792575299999999913e-02
4.542324699999999993e-02
7.966923700000000386e-02
-4.703660900000000006e-02
1.700117400000000084e-02
1.277505300000000010e-01
6.293950999999999886e-03
9.580919999999999714e-03
3.018565200000000032e-02
-6.374999000000000637e-02
-6.569360000000000000e-04
6.138292100000000001e-02
-3.595450099999999982e-02
4.436151099999999931e-02
2.027148290000000130e-01
2.809475300000000009e-01
1.379833460000000067e-01
8.305524100000000187e-02
-1.086120710000000045e-01
-6.464355500000000532e-02
-3.093068100000000153e-02
1.951411359999999928e-01
5.476075500000000124e-02
3.163005119999999781e-01
2.131169330000000084e-01
1.043343949999999964e-01
-3.729304000000000126e-03
8.355490349999999955e-01
6.874215160000000102e-01
4.116290739999999837e-01
5.300507759999999458e-01
7.657973980000000180e-01
4.911061019999999888e-01
7.985894129999999702e-01
8.838464900000000402e-01
9.769988490000000025e-01
8.945482869999999975e-01
8.494638869999999731e-01
7.100342819999999611e-01
2.162119630000000070e-01
8.049492209999999925e-01
9.204938940000000347e-01
7.811901919999999500e-01
8.681039379999999639e-01
8.415514269999999630e-01
4.655599510000000274e-01
7.839519160000000264e-01
3.639871459999999836e-01
1.882987899999999937e-01
1.754244400000000079e-02
4.126130799999999654e-02
3.401674459999999844e-01
1.385138939999999985e-01
3.430132080000000139e-01
4.747749399999999786e-01
7.400181430000000171e-01
5.544830060000000005e-01
3.822779590000000005e-01
2.716098399999999913e-01
1.335203660000000014e-01
2.911678079999999724e-01
4.823599279999999934e-01
2.954962250000000012e-01
4.351459269999999879e-01
3.848204069999999755e-01
1.712947380000000019e-01
3.418111249999999934e-01
8.965782709999999822e-01
7.804465769999999747e-01
4.933251670000000089e-01
6.571860229999999525e-01
8.410950550000000359e-01
5.946139249999999876e-01
8.622863830000000451e-01
9.206383769999999522e-01
9.927740010000000170e-01
9.447524219999999806e-01
8.911923899999999454e-01
8.112799480000000285e-01
3.012968540000000028e-01
8.730930679999999722e-01
9.575292490000000267e-01
8.554592709999999656e-01
9.194770979999999927e-01
8.924556139999999527e-01
5.870464629999999628e-01
8.562638209999999805e-01
5.660272060000000049e-01
3.783697249999999901e-01
1.702896309999999969e-01
2.613536710000000096e-01
4.453047439999999746e-01
2.057303980000000088e-01
4.824574110000000027e-01
6.221986120000000398e-01
9.129215419999999748e-01
6.790198969999999834e-01
5.924501610000000307e-01
3.856089400000000111e-01
4.487486699999999884e-02
5.007574740000000357e-01
7.467148460000000432e-01
4.966879920000000226e-01
6.112366769999999505e-01
5.654744430000000488e-01
1.902840150000000008e-01
4.731197120000000256e-01
1.743148820000000043e-01
8.900714699999999480e-02
1.436997299999999943e-02
-6.621382500000000393e-02
2.087533999999999917e-02
8.538596199999999581e-02
4.699010700000000318e-02
1.609173929999999919e-01
4.008292580000000216e-01
1.862434480000000059e-01
9.976412299999999622e-02
1.441045230000000121e-01
2.451197600000000129e-02
7.074102799999999747e-02
1.712272659999999891e-01
1.119800670000000026e-01
9.549285400000000201e-02
6.704059299999999555e-02
-1.995705999999999869e-02
9.918868799999999708e-02
9.698360999999999787e-02
-4.025426800000000277e-02
3.352589400000000053e-02
-2.449803600000000081e-02
-1.322757299999999941e-02
-9.312503499999999490e-02
-4.583758999999999750e-03
-1.065016700000000031e-02
-4.869642000000000415e-03
2.027645499999999879e-02
-1.792446000000000057e-03
-1.096432299999999978e-02
5.133553200000000316e-02
1.507596699999999915e-02
9.736120000000000017e-04
-2.100267700000000085e-02
-1.450646400000000016e-02
-4.050540400000000180e-02
-5.623937500000000117e-02
8.870947099999999808e-02
2.559794939999999741e-01
3.453843599999999875e-02
-7.953648900000000188e-02
1.103501020000000055e-01
2.546829330000000002e-01
9.396855599999999475e-02
9.480636400000000408e-02
2.851097750000000097e-01
5.543393589999999760e-01
3.239541499999999963e-01
1.627212279999999955e-01
1.890215189999999990e-01
7.603017700000000434e-02
1.727091809999999894e-01
3.839229000000000114e-01
1.133581510000000042e-01
1.803492700000000060e-01
2.320453919999999892e-01
2.854656699999999839e-02
9.522433700000000611e-02
6.957624610000000542e-01
5.453005370000000296e-01
2.142213960000000084e-01
3.693064930000000134e-01
6.365903429999999474e-01
3.416330890000000009e-01
6.393892490000000484e-01
7.717779559999999872e-01
9.140038320000000160e-01
8.268570650000000022e-01
7.085714680000000376e-01
5.287396149999999961e-01
9.658487200000000217e-02
5.974097510000000444e-01
7.771683179999999691e-01
6.050552970000000474e-01
7.423476020000000508e-01
7.223916179999999576e-01
4.134071140000000200e-01
6.370114980000000093e-01
8.419352800000000359e-02
-6.638452000000000415e-03
-9.825821899999999387e-02
1.583729799999999965e-02
4.043667199999999989e-02
-6.461864300000000338e-02
-1.011922999999999989e-02
1.209514839999999980e-01
3.139343560000000255e-01
1.459600460000000099e-01
1.555283869999999902e-01
3.616576099999999766e-02
6.383115000000000316e-02
3.854210699999999906e-02
1.890777909999999951e-01
9.349634199999999618e-02
1.304741660000000025e-01
1.552576200000000128e-01
4.670513099999999695e-02
6.271360300000000665e-02
3.352215299999999898e-01
1.975256280000000086e-01
9.686360099999999362e-02
6.777612500000000650e-02
2.523003340000000150e-01
7.212112299999999532e-02
2.157761300000000104e-01
4.116847060000000114e-01
7.184583500000000233e-01
4.468774320000000189e-01
3.350732499999999892e-01
2.717154769999999830e-01
5.381547999999999887e-02
2.990383659999999999e-01
4.884050149999999979e-01
2.667705269999999795e-01
3.584986030000000268e-01
3.050348929999999736e-01
8.877454599999999585e-02
3.416947949999999956e-01
6.366601069999999751e-01
4.562082279999999934e-01
1.693563459999999909e-01
2.904092650000000275e-01
4.974953959999999786e-01
2.722418409999999844e-01
5.411993720000000119e-01
7.297374070000000046e-01
9.191636359999999506e-01
7.595654050000000268e-01
6.419679569999999780e-01
4.402833299999999728e-01
3.884246599999999910e-02
5.612990410000000541e-01
7.841051300000000390e-01
5.536058759999999968e-01
6.682624499999999523e-01
6.383168750000000058e-01
2.760825579999999779e-01
5.686379839999999852e-01
-4.234120999999999718e-02
-8.757427399999999362e-02
2.227230020000000033e-01
-3.888994199999999679e-02
1.994687900000000069e-02
1.745527930000000116e-01
-4.812926499999999747e-02
2.705299699999999877e-02
1.128762910000000036e-01
-3.236379200000000234e-02
-8.143345400000000234e-02
1.177230999999999937e-03
-3.735039400000000204e-02
4.313228000000000201e-02
7.649288399999999710e-02
3.347434700000000152e-02
-5.959911000000000028e-03
-2.349840900000000135e-02
-3.963406199999999768e-02
8.044725299999999635e-02
2.579513900000000165e-02
2.784030599999999869e-02
-8.544610299999999548e-02
-1.344877539999999871e-01
-1.394381599999999950e-02
-1.584225770000000089e-01
-3.934349000000000179e-02
7.609297000000000109e-03
1.684072759999999946e-01
4.465690900000000157e-02
3.583829300000000023e-02
2.129048000000000052e-02
1.244774800000000015e-01
3.812736099999999850e-02
8.034874599999999867e-02
4.012940300000000099e-02
3.390666299999999661e-02
3.310511299999999851e-02
2.309378330000000090e-01
1.106580139999999990e-01
1.555625539999999918e-01
1.534098869999999948e-01
-3.239025400000000027e-02
8.281719999999999360e-02
1.180360400000000053e-02
1.074657680000000032e-01
2.683969680000000135e-01
5.167992989999999898e-01
2.980848560000000091e-01
1.330837940000000053e-01
1.176266710000000021e-01
-1.815134200000000086e-02
6.470115000000000241e-03
2.529699730000000146e-01
1.136602379999999968e-01
1.868557180000000040e-01
1.337376190000000020e-01
2.731391299999999869e-02
1.952268129999999990e-01
4.501738029999999835e-01
2.868468510000000138e-01
1.826258769999999920e-01
1.336008939999999978e-01
3.954667700000000230e-01
1.551837630000000023e-01
4.138624289999999761e-01
5.915922260000000543e-01
8.200339679999999465e-01
6.621901369999999565e-01
5.132824080000000233e-01
3.326861199999999741e-01
1.958327500000000068e-02
3.839875349999999909e-01
5.336809300000000533e-01
3.688110450000000040e-01
5.260047319999999749e-01
4.918477680000000185e-01
2.141137369999999984e-01
3.982100219999999968e-01
2.908838199999999943e-02
-1.682323100000000099e-02
2.317406100000000135e-01
3.787831400000000320e-02
-2.833719300000000010e-02
-9.355296400000000234e-02
1.111742139999999934e-01
3.027594450000000159e-01
1.247483969999999970e-01
1.213033879999999981e-01
-6.139631100000000202e-02
-6.256591999999999709e-02
3.232710600000000128e-02
1.151343140000000015e-01
-1.305927100000000077e-02
3.779183900000000068e-02
3.254098600000000091e-02
-1.873035400000000114e-02
4.392309600000000175e-02
5.543176799999999932e-02
-9.109963999999999909e-03
8.214836799999999939e-02
9.625987499999999475e-02
1.638488519999999893e-01
-5.577965800000000279e-02
6.827615900000000293e-02
1.466412089999999946e-01
4.077154390000000128e-01
1.724289169999999871e-01
1.466426759999999996e-01
-4.546687600000000329e-02
-4.137719200000000014e-02
2.937296400000000141e-02
2.698494330000000274e-01
5.381860599999999800e-02
1.177068950000000058e-01
2.437360599999999905e-02
1.922596870000000124e-01
8.105967199999999928e-02
7.725946899999999729e-02
1.648671650000000100e-01
2.290214999999999959e-03
2.562102900000000003e-02
1.287679830000000025e-01
-7.670574000000000316e-03
1.110788169999999964e-01
2.320236679999999885e-01
4.140315210000000135e-01
1.877960969999999952e-01
3.579071799999999914e-02
1.996199399999999957e-01
-8.058812999999999394e-02
5.968041999999999792e-02
2.114698849999999963e-01
1.529176829999999987e-01
1.157584140000000039e-01
9.654693100000000250e-02
4.896852699999999781e-02
1.069674989999999937e-01
7.054855999999999974e-03
-2.882674000000000000e-03
-8.765629000000000476e-03
1.065833499999999968e-02
1.898171200000000128e-02
3.272972700000000013e-02
8.172272899999999396e-02
4.057570700000000252e-02
1.633991009999999910e-01
3.216166100000000111e-02
8.089252900000000468e-02
-3.369960999999999877e-03
5.677470999999999907e-03
1.122720399999999931e-02
1.237979470000000054e-01
1.175363459999999999e-01
5.475925000000000410e-03
6.448218099999999953e-02
3.632890700000000056e-02
1.591226199999999993e-02
6.665768399999999483e-02
2.416686300000000023e-02
1.339265269999999897e-01
2.616547999999999791e-03
8.222824500000000536e-02
-3.548876499999999851e-02
8.657217999999999511e-03
9.641006100000000523e-02
2.684285220000000027e-01
1.070382069999999963e-01
9.717376999999999265e-03
-1.573909999999999979e-04
-6.470746199999999337e-02
-3.753410299999999922e-02
1.727120980000000083e-01
1.522712600000000055e-02
1.802679540000000080e-01
7.906603999999999369e-03
-4.947175999999999657e-02
2.432034300000000121e-02
9.197091379999999816e-01
8.476355880000000509e-01
5.308630680000000490e-01
7.352322159999999940e-01
8.899660419999999572e-01
6.355056329999999587e-01
9.148681920000000245e-01
9.405188799999999461e-01
1.006980651999999976e+00
9.637377830000000145e-01
9.225123619999999747e-01
8.485417200000000548e-01
2.800947189999999920e-01
9.086667779999999528e-01
9.670943440000000502e-01
8.805800569999999716e-01
9.412890529999999867e-01
9.297137490000000337e-01
6.899399489999999968e-01
8.943706850000000541e-01
4.740169929999999976e-01
2.987657679999999871e-01
4.327231399999999922e-02
2.896895279999999739e-01
4.404968919999999732e-01
2.567685140000000033e-01
3.815069449999999862e-01
5.452170670000000552e-01
8.149232389999999659e-01
6.388687840000000229e-01
5.200119730000000162e-01
3.059674589999999972e-01
1.185452879999999987e-01
3.763758750000000264e-01
5.887821709999999653e-01
3.586572399999999883e-01
5.085564710000000099e-01
4.774203819999999765e-01
2.008853720000000065e-01
4.133736330000000181e-01
9.446753329999999504e-01
8.788445820000000408e-01
6.533136880000000035e-01
7.990907779999999461e-01
9.233701309999999829e-01
7.123295240000000472e-01
9.198807190000000134e-01
9.667382119999999857e-01
1.002270597000000096e+00
9.766249270000000315e-01
9.541901999999999884e-01
8.841587260000000059e-01
2.829434550000000104e-01
9.223141089999999931e-01
9.737542909999999940e-01
9.159178449999999527e-01
9.542303909999999556e-01
9.445453240000000195e-01
7.527890729999999753e-01
9.182725590000000437e-01
7.178310180000000429e-01
5.198268679999999975e-01
2.399415269999999878e-01
3.967440740000000021e-01
6.256070259999999550e-01
3.366983279999999912e-01
6.576835349999999858e-01
8.039588490000000309e-01
9.625881889999999830e-01
8.413833809999999858e-01
7.479720199999999597e-01
5.624224220000000329e-01
4.451889299999999688e-02
6.542310770000000497e-01
8.540933670000000477e-01
6.245967019999999481e-01
7.600896029999999470e-01
7.467118320000000198e-01
3.649182810000000110e-01
6.502109000000000361e-01
1.462575110000000067e-01
1.160414530000000027e-01
2.315524340000000014e-01
-3.140113399999999722e-02
9.752312000000000480e-02
2.532710499999999906e-02
6.999996799999999575e-02
2.029740650000000091e-01
4.661620590000000175e-01
2.559327060000000098e-01
1.252789159999999902e-01
4.866263000000000012e-03
-2.999845799999999868e-02
3.726367199999999769e-02
2.508807610000000077e-01
8.509970599999999719e-02
2.278525889999999943e-01
1.878964150000000111e-01
2.634860520000000261e-01
7.494743199999999439e-02
2.263328200000000109e-02
-4.681357099999999827e-02
9.924869399999999842e-02
5.668678700000000237e-02
-5.769764999999999616e-03
-4.752555299999999816e-02
2.205673500000000092e-02
3.473608999999999898e-03
-5.867685000000000088e-03
-2.436822999999999854e-03
1.965194199999999863e-02
-1.577057600000000143e-02
3.990647199999999839e-02
-2.681345099999999856e-02
-4.505421899999999952e-02
3.005809599999999943e-02
-7.792150999999999765e-03
1.098192530000000056e-01
3.249521200000000110e-01
4.224952500000000305e-02
3.055446190000000173e-01
2.502100460000000193e-01
1.540538399999999940e-02
-1.033106879999999977e-01
1.784419969999999911e-01
3.420944699999999700e-02
2.369915780000000083e-01
3.296976280000000203e-01
6.261188540000000025e-01
3.638326069999999746e-01
2.414597179999999899e-01
1.230687560000000014e-01
1.162597130000000006e-01
2.566362759999999965e-01
3.700900309999999860e-01
1.835390789999999939e-01
2.884890709999999858e-01
2.273242159999999956e-01
1.942088150000000069e-01
3.065629449999999756e-01
7.944043320000000463e-01
6.496103020000000283e-01
3.564528450000000181e-01
5.417720230000000470e-01
7.407417889999999838e-01
4.607448149999999742e-01
7.444201099999999682e-01
8.617546790000000234e-01
9.624036940000000317e-01
8.852328329999999967e-01
8.010254150000000184e-01
6.371024100000000079e-01
1.737551089999999909e-01
7.420306709999999750e-01
8.555440989999999468e-01
7.285336030000000296e-01
8.264864899999999626e-01
8.123986560000000523e-01
5.075635530000000006e-01
7.468609590000000464e-01
6.983758099999999580e-02
1.847116400000000172e-02
2.753532599999999886e-02
6.027421799999999746e-02
3.745259799999999667e-02
2.119008609999999959e-01
6.427479899999999358e-02
1.000986410000000021e-01
3.757335860000000083e-01
1.554800809999999922e-01
1.178331539999999955e-01
5.848281100000000260e-02
1.321984000000000006e-03
1.056361299999999948e-01
2.745511119999999861e-01
4.961806400000000339e-02
9.156091500000000660e-02
8.241546399999999384e-02
3.595535999999999871e-03
4.496372900000000089e-02
4.205869970000000180e-01
2.376691240000000094e-01
5.810101899999999681e-02
1.596878880000000001e-01
3.464291760000000053e-01
1.738980780000000115e-01
3.072842410000000135e-01
5.242231120000000466e-01
8.315880009999999656e-01
5.992205539999999608e-01
4.601070700000000069e-01
2.662326280000000267e-01
4.592801700000000154e-02
3.721169329999999831e-01
5.782966609999999896e-01
3.547631649999999914e-01
4.868328829999999940e-01
4.294916990000000045e-01
1.251810540000000138e-01
3.755245870000000208e-01
7.955606039999999490e-01
6.030382739999999853e-01
3.374658289999999949e-01
4.426126009999999944e-01
6.972004149999999623e-01
3.539798710000000015e-01
7.252856469999999778e-01
8.430928039999999735e-01
9.686807769999999929e-01
8.836463249999999547e-01
7.973518910000000348e-01
6.125860210000000361e-01
8.626017299999999555e-02
7.163809079999999829e-01
8.837067779999999706e-01
6.964560560000000455e-01
8.227165090000000403e-01
7.933198569999999616e-01
4.369513629999999815e-01
7.295008659999999701e-01
-5.404967999999999578e-03
-6.861058999999999908e-02
4.741541600000000189e-02
-1.366424599999999968e-02
1.594578400000000104e-02
-3.811184399999999889e-02
5.360673299999999669e-02
5.940724999999999999e-03
1.139306229999999948e-01
1.116019300000000054e-02
6.975720100000000479e-02
-8.138580199999999321e-02
7.977913899999999892e-02
-1.597355199999999850e-02
9.038550200000000645e-02
7.034473000000000288e-03
6.278780700000000103e-02
-5.763260000000000084e-03
-3.329307299999999942e-02
6.126981199999999989e-02
7.748088200000000092e-02
4.962575699999999951e-02
-2.056549900000000097e-02
-1.607154510000000092e-01
-8.766008000000000480e-03
-8.746711000000000069e-02
3.708494000000000113e-03
6.075648699999999791e-02
1.111637000000000042e-01
8.017588400000000282e-02
3.910729500000000025e-02
8.941921699999999529e-02
-6.593779900000000527e-02
-2.163832000000000082e-03
6.425214799999999504e-02
6.946428000000000151e-03
2.694338400000000078e-02
-1.676494699999999879e-02
-1.048061629999999939e-01
5.987500400000000250e-02
7.426091999999999589e-03
-5.407001499999999905e-02
8.491034899999999608e-02
-8.752615000000000048e-03
-1.403059199999999972e-02
2.517073429999999723e-01
-2.592167000000000082e-02
9.426296000000000674e-03
8.205236900000000000e-02
-8.740170499999999620e-02
-2.194336900000000076e-02
9.333683000000000604e-03
-5.935909100000000271e-02
-9.519910000000000134e-04
-4.253309999999999730e-03
-9.956529999999999894e-03
-3.241951500000000291e-02
-7.683470600000000261e-02
7.626843399999999606e-02
-2.548025799999999869e-02
-3.079735000000000111e-03
2.284391119999999997e-01
-5.838856900000000127e-02
1.070692159999999948e-01
8.325508399999999309e-02
3.123092400000000018e-02
-3.648644599999999877e-02
-7.517916800000000455e-02
2.684397999999999992e-02
-1.237786100000000042e-02
-3.928372299999999956e-02
-8.287910599999999406e-02
2.674182099999999895e-02
1.041153509999999949e-01
-9.264132999999999396e-02
-9.111328100000000429e-02
-4.410799999999999985e-04
-4.487365699999999735e-02
2.281886890000000001e-01
-8.349950000000000080e-03
-9.794455000000000522e-03
3.623874299999999687e-02
5.718720000000000053e-02
-1.518115299999999931e-02
4.781612100000000309e-02
-2.551046100000000164e-02
-1.464786499999999950e-02
5.493271300000000107e-02
-1.352991299999999897e-01
5.658699699999999999e-02
-1.768805000000000030e-03
-7.022071800000000141e-02
4.990563700000000269e-02
1.509696699999999933e-02
3.201422999999999769e-02
6.339717500000000006e-02
-4.923210199999999981e-02
5.963006700000000188e-02
4.084533999999999908e-03
-7.148143000000000032e-03
3.116392700000000099e-02
-6.620840199999999953e-02
-1.019268000000000084e-02
-9.351080700000000134e-02
-5.623234999999999865e-03
4.989845100000000339e-02
3.866004800000000241e-02
4.477828999999999837e-02
-9.065900500000000084e-02
-7.604757900000000403e-02
-1.738120439999999989e-01
-1.118149300000000068e-02
8.418881899999999807e-02
8.872003999999999307e-03
3.318108599999999853e-02
1.561707199999999920e-02
4.471243700000000071e-02
1.098925179999999946e-01
2.038129600000000013e-02
-6.128223999999999824e-03
-1.092407549999999949e-01
8.034432800000000652e-02
-4.271939200000000186e-02
-2.189478799999999836e-02
-2.610880200000000040e-02
-1.306709809999999916e-01
5.090139300000000311e-02
9.123220000000000244e-04
5.745019800000000093e-02
-7.692297900000000244e-02
-5.144132800000000144e-02
-7.438620099999999902e-02
1.904816200000000043e-02
-1.703011600000000139e-02
2.971518550000000203e-01
2.524798799999999899e-02
-4.973785000000000012e-02
-1.438246200000000037e-02
-1.106978900000000002e-02
-8.055681000000000300e-03
2.330070000000000058e-03
1.717099039999999965e-01
-4.862035199999999863e-02
-7.685048399999999669e-02
2.478532500000000041e-02
-1.178240890000000068e-01
4.104301999999999950e-02
1.959222909999999984e-01
7.406667999999999585e-02
1.530038000000000058e-03
1.502623299999999995e-02
-7.654902299999999382e-02
-1.779088699999999829e-02
1.654576140000000029e-01
5.857414799999999949e-02
-7.448185999999999696e-02
-1.038118700000000005e-01
-5.657777099999999892e-02
-1.773416240000000033e-01
1.571357780000000037e-01
-1.347324700000000069e-02
-3.019299099999999889e-02
-1.404880000000000061e-03
3.086933199999999933e-02
-4.819376000000000215e-02
-1.521792999999999930e-02
1.706550800000000007e-02
9.342617100000000230e-02
-5.390729000000000354e-03
-9.714357699999999485e-02
-5.213086900000000329e-02
6.495173899999999445e-02
9.340811599999999937e-02
-9.280907300000000582e-02
4.695723799999999837e-02
7.399536099999999561e-02
2.913262499999999880e-02
-2.213095400000000129e-02
1.122348999999999916e-03
1.823692600000000053e-02
-6.164184999999999803e-02
2.832873299999999830e-02
1.189145719999999962e-01
2.022608090000000136e-01
-6.095055900000000138e-02
9.276965500000000642e-02
1.026035019999999992e-01
1.832403700000000135e-02
-3.238712099999999788e-02
4.427668600000000260e-02
8.699914400000000048e-02
-1.180565169999999997e-01
2.444508499999999834e-02
-3.959677500000000072e-02
8.756217000000000167e-03
-1.916114500000000095e-02
-2.375187600000000163e-02
-4.494855799999999957e-02
-3.940682000000000039e-03
-8.217449999999999408e-03
-3.339395000000000210e-03
-1.237432299999999957e-02
-3.556440999999999769e-02
-1.639197100000000171e-02
-1.399184200000000086e-02
1.757900999999999908e-02
-2.027772499999999992e-02
-5.041664399999999657e-02
5.375003999999999893e-02
-1.496361700000000024e-02
3.558973099999999945e-02
1.481987400000000024e-02
3.711499000000000048e-02
8.988750000000000212e-03
4.284657499999999786e-02
2.134429599999999871e-01
8.614874999999999616e-02
4.776435300000000245e-02
-1.565039799999999939e-02
2.951567899999999953e-02
-8.385533700000000201e-02
1.593135999999999858e-02
-4.434522199999999664e-02
1.291820500000000031e-02
-1.351023900000000028e-02
-2.918070700000000017e-02
-5.474073200000000028e-02
-1.815989000000000058e-03
-2.752540100000000142e-02
5.873754099999999728e-02
7.378455200000000325e-02
-5.643590000000000412e-03
-5.203107099999999818e-02
-3.771310099999999887e-02
-1.514555799999999994e-02
1.366782300000000082e-02
-1.552552869999999918e-01
-1.322524389999999994e-01
3.041878799999999869e-02
-3.750510900000000175e-02
-2.078600800000000165e-02
7.243633800000000289e-02
1.810796679999999992e-01
-5.493183100000000041e-02
-2.835257700000000033e-02
-8.735764000000000029e-03
-6.936923899999999921e-02
2.709288500000000058e-02
3.025892499999999902e-02
6.764250000000000297e-03
9.749381499999999756e-02
-6.115576000000000172e-03
-1.775903900000000077e-02
-2.110519630000000091e-01
2.669687000000000015e-03
1.017363500000000032e-02
-7.369797499999999890e-02
1.298453440000000014e-01
-3.080343300000000159e-02
-7.207818700000000189e-02
-1.642393060000000016e-01
2.084520600000000154e-02
5.306139099999999942e-02
1.583293739999999949e-01
-1.666421699999999853e-02
-2.462065299999999929e-02
-6.845573000000000630e-02
2.259758000000000166e-03
-3.747777100000000000e-02
-4.160328399999999732e-02
3.980135199999999818e-02
9.606101499999999960e-02
2.261972599999999972e-02
-2.647499299999999875e-02
3.162907400000000008e-02
-4.993502999999999831e-03
-4.005156499999999731e-02
2.326287200000000041e-02
1.520946009999999959e-01
-6.785323299999999891e-02
3.902882199999999774e-02
-3.539710399999999868e-02
1.068170150000000013e-01
-8.251263999999999474e-03
-1.171556900000000068e-01
5.867030999999999982e-03
-3.336552599999999952e-02
1.861675150000000056e-01
5.837784900000000249e-02
6.432545300000000466e-02
7.196445499999999662e-02
-4.333055799999999819e-02
5.876651000000000097e-03
1.646943580000000129e-01
1.530342800000000086e-02
6.884263799999999767e-02
-8.374373699999999865e-02
6.930964400000000358e-02
1.585816400000000098e-02
-3.082782900000000104e-02
-3.478192000000000089e-02
3.217339100000000257e-02
-3.392433499999999991e-02
5.862857500000000222e-02
-2.071919700000000170e-02
-1.320523449999999877e-01
9.858897699999999431e-02
1.096935299999999940e-02
-1.441631900000000036e-02
1.239945300000000056e-01
-5.584939700000000201e-02
5.696839199999999964e-02
4.391458899999999693e-02
6.029872499999999746e-02
-1.001795230000000064e-01
1.505128739999999909e-01
-4.925137200000000159e-02
-1.474165399999999987e-02
1.439234600000000031e-02
-1.668126000000000027e-03
4.800891000000000186e-02
-3.212353899999999957e-02
1.377599350000000000e-01
-2.312012800000000021e-02
1.277622619999999876e-01
-1.468449200000000038e-02
-8.290773699999999524e-02
-3.592267400000000166e-02
1.465363299999999924e-02
1.188398330000000058e-01
1.247168300000000077e-02
4.815206799999999926e-02
-3.814801200000000198e-02
5.940853399999999895e-02
-6.300573700000000610e-02
-1.291057419999999956e-01
-7.719568999999999910e-03
3.330615600000000343e-02
6.936821000000000133e-03
1.939632700000000140e-02
-1.338990900000000019e-02
2.807989600000000002e-02
3.479506500000000002e-02
-9.660642000000000534e-03
3.327721000000000064e-03
-3.715642000000000250e-02
-2.402934300000000162e-02
-9.260000000000000110e-05
-8.576231600000000510e-02
-3.845620999999999762e-02
1.036311210000000066e-01
4.162019000000000309e-03
-5.487515000000000101e-03
-5.352541400000000033e-02
-4.339023200000000080e-02
-4.168795999999999786e-03
1.628094370000000013e-01
-1.676414999999999850e-02
2.220473000000000151e-03
-1.986822400000000030e-02
2.924472000000000009e-03
5.291499599999999887e-02
3.264748800000000228e-02
2.012156799999999940e-02
-4.696905099999999778e-02
5.928513700000000164e-02
2.036027609999999932e-01
-1.436474120000000021e-01
6.373915400000000619e-02
-7.873328899999999797e-02
-1.360297789999999896e-01
9.147969200000000134e-02
2.775817110000000087e-01
2.595708700000000022e-02
2.036104899999999912e-02
-1.152465839999999991e-01
3.341082900000000300e-02
1.837938199999999966e-02
-7.659561700000000473e-02
-1.245199299999999974e-02
2.953275699999999976e-02
-5.855394299999999719e-02
-4.539054199999999900e-02
1.396348600000000065e-02
3.716812199999999788e-02
-7.896231200000000672e-02
-5.201318099999999861e-02
1.663864270000000034e-01
6.529888000000000359e-02
-9.702863000000000807e-03
9.259860599999999997e-02
1.321367179999999864e-01
2.934420549999999794e-01
-9.235165999999999514e-03
1.111270369999999980e-01
5.058923900000000112e-02
1.196028469999999982e-01
3.969117099999999732e-02
5.353835800000000117e-02
2.344067710000000138e-01
5.069278569999999817e-01
2.666009830000000136e-01
1.947290630000000078e-01
4.299791000000000030e-02
-1.627224899999999905e-02
2.527966489999999844e-01
2.343700750000000110e-01
1.298783619999999972e-01
3.636929329999999960e-01
1.817511159999999903e-01
3.762566099999999775e-02
9.037020499999999512e-02
5.549298219999999615e-01
3.651584019999999930e-01
9.630753499999999967e-02
2.552187940000000266e-01
4.532342839999999873e-01
4.541127100000000305e-02
4.716382170000000262e-01
6.534680769999999805e-01
8.660485829999999829e-01
7.099292179999999730e-01
5.665077549999999462e-01
3.567115610000000103e-01
3.099135899999999957e-02
4.485888800000000232e-01
6.591577520000000412e-01
4.404055789999999915e-01
6.019693360000000215e-01
5.762768670000000260e-01
4.108969880000000185e-01
4.511620390000000147e-01
1.262676819999999922e-01
2.064594499999999888e-02
-8.996230700000000524e-02
-1.543352199999999987e-02
1.511440530000000004e-01
-4.628072300000000278e-02
-1.078805979999999942e-01
4.422737699999999827e-02
3.441732829999999965e-01
1.864570289999999964e-01
7.335598200000000013e-02
2.160842999999999965e-03
8.915575300000000425e-02
1.874616580000000032e-01
2.140443959999999979e-01
1.259121970000000035e-01
3.593169300000000066e-02
3.175848500000000296e-02
-7.447945999999999733e-02
1.035695900000000065e-02
1.557690999999999937e-01
9.688022400000000089e-02
1.428642700000000085e-02
-4.373328900000000158e-02
1.068659680000000056e-01
4.459671800000000047e-02
4.098088899999999951e-02
2.642336820000000253e-01
5.492942950000000435e-01
3.042382619999999815e-01
2.178308959999999961e-01
8.285489999999999522e-02
1.527947149999999976e-01
3.050671090000000030e-01
9.926227999999999441e-02
2.179279339999999898e-01
1.918043219999999993e-01
7.295014700000000685e-02
1.591484629999999900e-01
1.002478609999999937e-01
3.454837490000000066e-01
-9.404969999999999910e-04
-7.496605100000000577e-02
2.137042839999999944e-01
2.374176999999999885e-03
1.403683300000000134e-01
2.028136419999999884e-01
4.550593330000000103e-01
1.851897399999999916e-01
1.446508950000000016e-01
5.387786600000000342e-02
8.206043100000000312e-02
2.556265979999999827e-01
1.195357870000000045e-01
1.011231179999999980e-01
5.120040000000000008e-02
9.193385000000000098e-03
6.266186399999999768e-02
1.246193190000000062e-01
3.186459299999999661e-02
-8.272140199999999943e-02
-5.140741199999999955e-02
-4.122472600000000320e-02
-1.207268899999999930e-02
3.444539800000000207e-02
1.712544119999999948e-01
3.976970099999999758e-02
1.062398469999999984e-01
2.454736379999999940e-01
1.724007500000000054e-02
1.621415959999999989e-01
-2.606301000000000104e-03
4.204849000000000087e-02
2.289593990000000079e-01
4.607010699999999903e-02
-8.289866999999999375e-02
9.172618200000000332e-02
9.465463000000000349e-02
5.035407999999999898e-03
-4.461693000000000082e-03
-6.896130500000000052e-02
1.407175380000000031e-01
7.014129199999999398e-02
2.845962759999999814e-01
3.307810150000000116e-01
1.350139130000000132e-01
1.280731649999999888e-01
1.128391699999999921e-02
4.780305299999999813e-02
1.091358080000000008e-01
8.897500599999999538e-02
1.679896130000000098e-01
2.638317899999999966e-02
8.927673899999999385e-02
-1.416357999999999940e-03
-5.088031099999999751e-02
9.364306119999999956e-01
8.435471839999999499e-01
5.726541950000000325e-01
7.087895979999999652e-01
8.826401090000000060e-01
6.554865450000000315e-01
8.939943259999999503e-01
9.433310910000000105e-01
1.014834011999999897e+00
9.628827319999999634e-01
9.331418999999999686e-01
8.464119070000000189e-01
2.590063089999999901e-01
9.092315229999999859e-01
9.783104510000000253e-01
8.894820380000000304e-01
9.384153210000000245e-01
9.293559329999999674e-01
7.040966450000000210e-01
8.980542660000000454e-01
4.397379510000000158e-01
2.690615279999999943e-01
5.903452399999999795e-02
1.968625049999999932e-01
3.967538409999999960e-01
1.851553659999999879e-01
3.516596929999999954e-01
5.307725629999999750e-01
8.016778300000000357e-01
6.202534659999999755e-01
4.521356049999999960e-01
3.258600930000000173e-01
1.958013499999999851e-02
3.957989980000000130e-01
5.661101290000000175e-01
3.949337450000000027e-01
4.942263230000000229e-01
4.575737799999999855e-01
2.068787400000000054e-01
3.960691940000000133e-01
9.633820349999999699e-01
8.884353189999999456e-01
6.823822959999999993e-01
8.220975959999999860e-01
9.265077449999999937e-01
7.674778890000000242e-01
9.312158990000000136e-01
9.616419750000000377e-01
1.017841516000000057e+00
9.802633200000000491e-01
9.623926449999999910e-01
8.888266419999999446e-01
3.522339449999999927e-01
9.367169899999999716e-01
9.800408729999999791e-01
9.229119150000000271e-01
9.666610429999999976e-01
9.592785510000000349e-01
7.816276530000000333e-01
9.382495189999999763e-01
7.070670180000000471e-01
5.225677539999999954e-01
3.263217469999999953e-01
3.743372249999999957e-01
6.131653249999999833e-01
2.387043299999999924e-01
6.383330959999999887e-01
7.840180249999999518e-01
9.673813580000000245e-01
8.281052239999999731e-01
7.214780530000000081e-01
5.367901069999999608e-01
1.877946090000000012e-01
6.410517479999999768e-01
8.629481399999999747e-01
6.079997409999999824e-01
7.643099559999999570e-01
7.094574460000000471e-01
3.390368000000000270e-01
6.305327109999999680e-01
1.140274230000000028e-01
7.026154900000000647e-02
-4.112712599999999996e-02
8.283904500000000004e-02
6.031804799999999911e-02
4.658918100000000034e-02
1.979255940000000102e-01
4.911073449999999729e-01
2.869525949999999770e-01
1.925062979999999924e-01
7.115161700000000033e-02
1.113455069999999963e-01
5.060921399999999959e-02
2.846291739999999848e-01
1.882597540000000014e-01
1.467878639999999901e-01
1.468719480000000022e-01
8.263640399999999664e-02
-8.656926600000000582e-02
-5.431093699999999663e-02
5.667193100000000178e-02
1.208534970000000042e-01
-1.239695999999999984e-03
-4.812643300000000318e-02
-1.738539060000000025e-01
-1.163885510000000068e-01
3.857564899999999658e-02
-5.902232899999999838e-02
1.629430380000000123e-01
6.404231999999999980e-02
-7.301627500000000548e-02
1.581189900000000079e-02
-5.767208000000000057e-02
-8.294457299999999367e-02
-2.747406900000000027e-02
1.992476750000000130e-01
1.297060879999999972e-01
1.123471270000000050e-01
-4.033657300000000057e-02
1.837807200000000085e-01
1.831453050000000082e-01
3.319547139999999841e-01
6.851156200000000362e-01
4.078021530000000006e-01
2.968354120000000207e-01
1.247232600000000025e-01
1.836149890000000062e-01
4.123765249999999938e-01
1.823080729999999872e-01
2.972598799999999764e-01
2.895379750000000030e-01
2.080720219999999954e-01
2.096061820000000020e-01
7.563728309999999677e-01
5.712984490000000415e-01
3.334677149999999979e-01
5.022866310000000389e-01
6.967622129999999636e-01
3.786462219999999768e-01
6.913161639999999553e-01
8.259817080000000367e-01
9.311128419999999961e-01
8.591161779999999526e-01
7.754685310000000165e-01
6.283475099999999980e-01
9.856855200000000372e-02
6.672778430000000371e-01
8.067007099999999875e-01
6.801394050000000302e-01
7.832628329999999917e-01
7.885799220000000442e-01
4.908775309999999781e-01
7.089186840000000212e-01
8.426780100000000329e-02
-8.506272999999999959e-03
4.605224599999999807e-02
8.883170199999999850e-02
7.708151400000000375e-02
-2.122539000000000023e-02
4.170002600000000115e-02
1.840629970000000060e-01
3.895805030000000224e-01
1.591449440000000104e-01
1.260500960000000004e-01
7.253075000000000494e-02
-1.216390000000000055e-04
2.228671600000000155e-02
1.998963169999999900e-01
9.061163299999999698e-02
1.226070850000000045e-01
8.762248200000000153e-02
7.169029999999999847e-02
4.240862199999999999e-02
4.396693589999999818e-01
2.766741200000000234e-01
-5.481156000000000222e-02
1.165593020000000035e-01
3.286188950000000220e-01
1.951254729999999937e-01
3.469415339999999959e-01
5.220614129999999742e-01
8.291180870000000036e-01
5.760312300000000052e-01
4.655866060000000139e-01
2.545841229999999955e-01
-4.691283999999999732e-02
3.353281220000000062e-01
5.699020949999999974e-01
3.338662399999999808e-01
4.647283070000000071e-01
4.576832259999999986e-01
2.824950869999999781e-01
3.416405980000000175e-01
7.718431080000000000e-01
6.266850919999999991e-01
2.856779509999999855e-01
4.510431409999999808e-01
6.969744380000000294e-01
3.394498699999999869e-01
7.034490260000000328e-01
8.544828500000000160e-01
9.714544889999999766e-01
8.745768390000000503e-01
7.855176270000000516e-01
6.199033879999999996e-01
1.051841429999999938e-01
7.031557830000000342e-01
8.865172959999999547e-01
6.934200659999999461e-01
8.158463740000000408e-01
7.910099290000000005e-01
4.403413549999999899e-01
7.415670810000000168e-01
-4.945411000000000251e-03
-1.750730999999999945e-03
-4.373207700000000114e-02
-4.708438599999999891e-02
1.155008100000000024e-02
-1.439946400000000071e-02
9.722973399999999822e-02
-2.556314999999999976e-03
9.625803300000000673e-02
1.519120099999999966e-02
6.630778299999999514e-02
-5.374606700000000153e-02
8.580911099999999347e-02
-3.581191899999999761e-02
1.011190410000000067e-01
-1.980929099999999971e-02
2.988836599999999954e-02
-3.939892999999999867e-03
-3.300185099999999871e-02
5.965173399999999793e-02
2.187817900000000107e-02
7.523120899999999334e-02
-1.734489200000000064e-02
-3.219141600000000047e-02
-2.898574400000000079e-02
3.686351599999999895e-02
5.709446199999999860e-02
2.165242390000000072e-01
6.861168300000000664e-02
-7.352596000000000305e-03
-8.748681799999999398e-02
1.485226430000000097e-01
7.854503899999999705e-02
-3.638839900000000183e-02
8.145690599999999559e-02
6.177106000000000263e-02
-9.626896499999999801e-02
-5.305783299999999869e-02
1.681738020000000111e-01
5.899354500000000140e-02
3.112909599999999846e-02
6.123421899999999946e-02
1.488845679999999949e-01
8.005573000000000550e-02
5.807767900000000011e-02
2.141495710000000108e-01
4.937415800000000132e-01
2.587753119999999796e-01
1.744905780000000073e-01
1.079464410000000041e-01
4.335751100000000136e-02
2.718386910000000212e-01
2.108364239999999945e-01
1.481660989999999956e-01
2.027736280000000113e-01
1.636800959999999971e-01
8.570222099999999510e-02
2.120464890000000047e-01
2.083140649999999927e-01
3.378808159999999727e-01
9.707002000000000685e-02
7.506034300000000159e-02
3.222845919999999809e-01
1.042515430000000021e-01
2.747558860000000047e-01
3.535144820000000188e-01
5.394985009999999637e-01
4.476622459999999859e-01
2.717828840000000024e-01
1.574495409999999984e-01
4.233889200000000297e-02
1.663613330000000001e-01
2.916489119999999824e-01
2.280469400000000035e-01
3.469161740000000216e-01
2.810528210000000082e-01
1.969300700000000126e-01
2.208459269999999974e-01
5.263530699999999923e-02
1.246619570000000038e-01
-5.868150999999999923e-02
3.975153000000000020e-02
6.728087000000000650e-02
3.130082000000000177e-03
6.976707099999999995e-02
1.564781199999999983e-01
3.171749589999999785e-01
2.077519039999999872e-01
9.438197800000000526e-02
-3.383116600000000279e-02
-2.046900100000000056e-02
3.277592199999999900e-02
1.660350110000000101e-01
7.275816300000000070e-02
1.360932810000000104e-01
8.749779100000000531e-02
1.253634289999999984e-01
5.509102500000000180e-02
1.399886700000000095e-01
3.684520799999999735e-02
-1.621625900000000023e-02
3.205561999999999995e-02
1.234553500000000054e-01
-3.843873500000000165e-02
1.569427630000000129e-01
2.579403439999999881e-01
5.593725489999999967e-01
2.934921739999999946e-01
4.379717969999999960e-01
1.769563000000000108e-01
4.517140000000000218e-03
1.367253310000000055e-01
3.090435280000000118e-01
1.121772159999999963e-01
2.012492690000000084e-01
1.907441029999999982e-01
-4.905865499999999962e-02
9.999002799999999469e-02
1.433081370000000021e-01
7.835428899999999364e-02
-1.555285600000000032e-02
1.404029350000000065e-01
9.639247099999999346e-02
1.004834410000000067e-01
1.211774270000000042e-01
1.798308160000000044e-01
3.816274069999999741e-01
1.900401220000000058e-01
1.688560279999999914e-01
1.168067299999999975e-01
2.300016499999999950e-02
1.364096700000000037e-02
2.166464979999999929e-01
1.232994649999999970e-01
1.724371919999999891e-01
1.471956650000000033e-01
9.074301699999999526e-02
2.376343009999999922e-01
-1.931131100000000114e-02
6.123746599999999735e-02
3.816652699999999870e-02
8.807574000000000305e-03
4.373853500000000200e-02
-4.024980400000000014e-02
8.476830000000000476e-02
5.391841099999999942e-02
2.527654999999999763e-01
5.655636099999999944e-02
5.341528200000000143e-02
4.230152799999999796e-02
1.241834200000000062e-02
-1.164525829999999984e-01
1.542103659999999876e-01
3.585049900000000095e-02
2.045937379999999972e-01
2.341341200000000150e-02
4.195922000000000367e-03
6.160719900000000138e-02
4.951004299999999664e-02
6.470950100000000260e-02
-4.728995400000000210e-02
8.247347999999999832e-03
5.964261800000000141e-02
5.942031000000000396e-03
7.181694099999999525e-02
3.884554400000000268e-02
1.995284190000000124e-01
2.081223889999999910e-01
3.116951399999999886e-02
7.873613000000000139e-02
1.071477099999999967e-02
4.155694000000000055e-02
1.347586819999999908e-01
3.385277099999999678e-02
6.160694399999999682e-02
8.974753200000000486e-02
3.586101099999999819e-02
1.349180419999999880e-01
8.732685850000000416e-01
7.726374609999999699e-01
5.549196690000000043e-01
6.706620089999999479e-01
8.514146179999999564e-01
6.162451939999999961e-01
8.491995199999999855e-01
9.046593240000000424e-01
9.797360859999999505e-01
9.242709949999999841e-01
8.769122029999999457e-01
7.822723950000000093e-01
3.089002940000000197e-01
8.417534920000000476e-01
9.243307099999999998e-01
8.400540119999999611e-01
9.000858619999999588e-01
8.744568099999999733e-01
6.926689190000000496e-01
8.602171570000000100e-01
3.053207589999999971e-01
1.924611649999999896e-01
1.189519170000000042e-01
1.103481510000000054e-01
2.923478899999999991e-01
1.278593140000000017e-01
2.927856999999999821e-01
3.889968440000000083e-01
5.920199809999999729e-01
4.363609660000000168e-01
2.817096199999999939e-01
2.214009799999999972e-01
1.009006920000000002e-01
2.783524840000000111e-01
3.022309329999999794e-01
2.275945500000000066e-01
4.467680940000000045e-01
3.491772049999999905e-01
8.940571899999999461e-02
2.457899819999999902e-01
9.048898979999999703e-01
8.322926000000000490e-01
6.444611719999999710e-01
7.706599699999999720e-01
8.813113369999999724e-01
7.127141519999999897e-01
8.857998839999999818e-01
9.372144150000000229e-01
9.768359819999999916e-01
9.515500660000000277e-01
9.130798070000000211e-01
8.416803779999999513e-01
3.553047469999999763e-01
8.871003809999999934e-01
9.447884220000000166e-01
8.806623599999999774e-01
9.209120330000000187e-01
9.184485519999999736e-01
7.648265939999999707e-01
8.846300080000000232e-01
6.607388459999999908e-01
4.960061319999999885e-01
3.223459710000000089e-01
3.848280629999999980e-01
5.830608830000000298e-01
3.272433249999999738e-01
6.050027900000000125e-01
7.243264139999999740e-01
8.861518440000000219e-01
7.853979039999999801e-01
6.696689550000000102e-01
4.862894240000000257e-01
1.320491829999999867e-01
6.300310209999999689e-01
7.677582090000000248e-01
5.765327890000000455e-01
6.956735440000000326e-01
6.778628690000000345e-01
4.122034190000000153e-01
6.280864539999999607e-01
1.672609690000000093e-01
9.326416999999999347e-02
-4.922133999999999884e-03
1.444454330000000120e-01
1.891930099999999948e-01
1.532587860000000080e-01
4.511725199999999658e-02
1.410062539999999975e-01
3.981122020000000261e-01
2.735364659999999781e-01
1.929144590000000103e-01
1.359880430000000029e-01
7.104122499999999951e-02
2.983921420000000269e-01
1.900462579999999957e-01
1.626722590000000135e-01
1.730325070000000021e-01
1.542848649999999933e-01
1.868439599999999895e-02
1.534362310000000063e-01
2.174829699999999977e-02
1.771284299999999895e-02
-2.737403500000000142e-02
5.271675499999999709e-02
2.775411499999999934e-02
1.412831629999999894e-01
7.069132699999999825e-02
5.304897499999999821e-02
2.947712300000000091e-02
5.032651300000000327e-02
-5.720309300000000347e-02
8.351469000000000253e-03
-4.160870700000000172e-02
-5.879673999999999665e-03
5.367895999999999605e-03
1.671076000000000072e-03
2.378886000000000195e-03
3.047194699999999923e-02
-4.634768899999999747e-02
1.116031399999999930e-02
2.620682169999999922e-01
1.658415890000000115e-01
4.139936999999999784e-02
1.213091270000000027e-01
2.218213320000000099e-01
2.093029180000000045e-01
2.070669470000000012e-01
3.661215589999999853e-01
6.237876449999999462e-01
4.301279399999999864e-01
2.897060630000000137e-01
1.699850589999999939e-01
2.161306420000000117e-01
1.724590010000000007e-01
3.743399439999999800e-01
1.826702390000000120e-01
2.688392299999999846e-01
2.733039119999999822e-01
1.931057220000000074e-01
2.694839860000000087e-01
5.471685459999999779e-01
3.905076929999999891e-01
3.187928850000000258e-01
4.221688120000000044e-01
5.253810960000000474e-01
3.951390320000000012e-01
5.007622109999999571e-01
6.595678339999999640e-01
8.057568000000000508e-01
7.143277590000000066e-01
5.480268459999999564e-01
3.948218330000000109e-01
1.142817359999999949e-01
4.521966649999999976e-01
6.040908320000000220e-01
4.732442049999999734e-01
6.309556050000000305e-01
6.168321890000000307e-01
3.168968289999999910e-01
5.013863079999999472e-01
9.015628400000000320e-02
1.085832459999999944e-01
9.582621600000000572e-02
7.072181000000000300e-03
1.280005300000000013e-01
1.487633600000000042e-02
9.723948799999999892e-02
1.770620629999999918e-01
2.859178050000000249e-01
1.805684069999999863e-01
1.732572370000000084e-01
1.063306610000000069e-01
6.760365100000000071e-02
1.388527449999999996e-01
1.147112700000000041e-01
5.876901500000000084e-02
1.128236860000000064e-01
1.684166310000000111e-01
5.650692899999999741e-02
1.071527480000000060e-01
4.017844489999999880e-01
2.474085500000000049e-01
9.467035499999999770e-02
1.748504640000000110e-01
3.547797999999999785e-01
1.034276499999999960e-01
3.402039869999999855e-01
4.623836399999999847e-01
7.478769750000000549e-01
5.537380090000000310e-01
3.994107049999999770e-01
2.565443519999999755e-01
1.554358100000000076e-02
3.215941449999999979e-01
4.776247900000000213e-01
3.208659050000000068e-01
4.527448539999999744e-01
4.473252420000000118e-01
1.775551190000000112e-01
3.815850140000000001e-01
7.221329199999999560e-01
5.637540680000000526e-01
3.062115109999999918e-01
4.717452670000000237e-01
6.571802820000000045e-01
3.876588020000000245e-01
6.524349510000000407e-01
7.878798299999999477e-01
9.225844699999999898e-01
8.189914029999999512e-01
7.345504720000000098e-01
5.739278540000000151e-01
1.785935580000000134e-01
6.504702549999999972e-01
8.004262290000000446e-01
6.398498980000000280e-01
7.563660730000000276e-01
7.353094839999999577e-01
4.827364080000000057e-01
6.784897290000000414e-01
4.630858699999999828e-02
-2.773729499999999862e-02
2.643716399999999911e-02
-1.354777300000000080e-02
5.424480599999999958e-02
4.541137499999999688e-02
2.342271699999999915e-02
1.876939599999999930e-01
1.351797220000000022e-01
6.365482799999999663e-02
2.571502900000000036e-02
1.366732699999999995e-02
6.240734900000000085e-02
-4.348473999999999742e-03
3.677663700000000091e-02
-2.305338999999999999e-03
1.752459979999999862e-01
1.789858480000000029e-01
5.827009999999999655e-03
1.567166000000000045e-02
1.907083069999999936e-01
8.963704299999999958e-02
-5.557205400000000267e-02
2.211397820000000070e-01
1.548294499999999969e-02
1.192137439999999965e-01
1.234176270000000020e-01
1.480147539999999984e-01
1.494230950000000058e-01
1.045660110000000004e-01
7.426515100000000147e-02
1.024335450000000008e-01
7.360145999999999702e-03
7.210487200000000041e-02
8.450502499999999750e-02
9.731085899999999955e-02
7.328483099999999473e-02
3.239391999999999966e-02
1.220682419999999935e-01
1.275982099999999897e-01
7.858534899999999879e-02
4.284545399999999810e-02
5.550181900000000085e-02
-3.069380000000000025e-02
4.827908499999999936e-02
3.144120899999999774e-02
4.627854900000000216e-02
2.237815740000000109e-01
3.498208549999999861e-01
2.055429149999999927e-01
9.065700699999999779e-02
-1.016570000000000060e-04
3.482324600000000214e-02
2.491935300000000172e-02
2.586051839999999880e-01
4.139338499999999782e-02
1.344361239999999902e-01
1.258268610000000121e-01
-4.171824999999999666e-03
3.724740199999999890e-02
3.172770619999999986e-01
2.269727310000000109e-01
2.499185099999999896e-02
1.002769839999999996e-01
2.435419299999999898e-01
8.624177500000000662e-02
4.099309609999999826e-01
3.921267030000000209e-01
6.786056670000000235e-01
4.924399250000000006e-01
3.389535969999999954e-01
1.296577670000000071e-01
5.185118799999999945e-02
2.221066150000000072e-01
4.083804129999999977e-01
2.641620920000000150e-01
3.776879919999999724e-01
3.296084309999999795e-01
1.476074460000000033e-01
2.936447280000000215e-01
-6.506217799999999829e-02
1.404411170000000042e-01
-3.937820899999999735e-02
-1.769110800000000053e-02
-2.900357799999999861e-02
-3.851115799999999673e-02
9.047131999999999397e-03
1.612941500000000111e-02
2.332985640000000138e-01
4.150301700000000316e-02
4.832909800000000089e-02
2.264204100000000164e-02
2.999086800000000039e-02
-4.256839700000000087e-02
3.598348700000000150e-02
4.005277200000000037e-02
4.959503700000000154e-02
6.240984100000000062e-02
-7.870534299999999706e-02
-1.407975799999999951e-02
4.263781999999999989e-02
5.764203200000000277e-02
4.756493900000000052e-02
5.589784899999999945e-02
8.731676800000000294e-02
4.179883699999999841e-02
3.817930900000000155e-02
9.306266900000000064e-02
3.246036070000000162e-01
1.940076520000000027e-01
2.624538900000000230e-01
2.956716399999999995e-02
-6.543946800000000064e-02
-1.874865800000000138e-02
1.301705420000000002e-01
9.022095500000000545e-02
8.979036299999999804e-02
3.880706700000000064e-02
-7.853361899999999896e-02
1.265907810000000133e-01
6.759215899999999888e-02
-4.785158300000000309e-02
-8.174565799999999882e-02
8.959999999999999595e-05
2.446244699999999828e-02
3.655082999999999943e-02
1.059377870000000055e-01
7.987752500000000477e-02
2.600317890000000132e-01
1.546333360000000101e-01
1.014389009999999980e-01
2.922038000000000066e-02
-2.173717400000000147e-02
5.918402899999999911e-02
2.113529249999999970e-01
1.039640599999999970e-01
6.496007299999999318e-02
1.807398659999999990e-01
-1.834734000000000018e-02
2.276650499999999938e-02
3.312076800000000182e-02
1.432958200000000043e-02
1.477691199999999969e-02
-4.926265199999999705e-02
7.106605400000000350e-02
-6.597302500000000458e-02
2.701187500000000116e-02
4.039861499999999883e-02
1.339960139999999966e-01
2.976967800000000081e-02
-1.697289000000000046e-03
5.263567200000000140e-02
-4.184567299999999990e-02
6.149882200000000160e-02
1.863932000000000089e-02
9.433729000000000073e-03
5.691215300000000005e-02
8.024694400000000061e-02
5.853816000000000401e-03
9.280123599999999529e-02
1.153189400000000087e-02
-2.461595499999999839e-02
-1.989341799999999952e-02
2.753163000000000138e-02
4.679904000000000008e-02
-3.861172300000000057e-02
1.099678810000000034e-01
6.362068599999999574e-02
2.082292020000000021e-01
8.727698999999999874e-02
6.095173400000000047e-02
7.878879999999999564e-03
-3.118190800000000124e-02
7.296509499999999371e-02
1.344929380000000063e-01
3.752078100000000305e-02
2.996164899999999992e-02
1.363297500000000030e-02
1.144896329999999934e-01
9.585530999999999566e-03
8.294191130000000411e-01
6.945379289999999983e-01
3.774933650000000251e-01
5.414368069999999644e-01
7.741888689999999462e-01
4.604862180000000027e-01
7.950258470000000077e-01
8.784857929999999593e-01
9.885615020000000364e-01
9.103293989999999836e-01
8.496292850000000119e-01
7.000237639999999928e-01
1.299611210000000128e-01
7.826592430000000045e-01
9.177875110000000003e-01
7.711897380000000135e-01
8.715287400000000240e-01
8.373879330000000287e-01
4.953459139999999983e-01
7.768681210000000226e-01
2.395258590000000076e-01
1.678528669999999889e-01
2.524884800000000082e-02
7.287752499999999856e-02
1.737902950000000113e-01
2.200913300000000017e-02
1.869577950000000099e-01
3.403880550000000227e-01
5.885454390000000036e-01
4.169091710000000228e-01
2.578855239999999771e-01
1.518705089999999869e-01
1.626075100000000037e-02
2.178118039999999977e-01
3.284413179999999821e-01
2.232687260000000007e-01
2.987722099999999825e-01
3.109314380000000044e-01
6.330368899999999632e-02
2.448756699999999897e-01
8.805926680000000228e-01
7.744556049999999914e-01
4.643020760000000080e-01
6.467948030000000292e-01
8.326586569999999687e-01
5.537972230000000051e-01
8.556360950000000409e-01
9.202267469999999561e-01
9.870237219999999922e-01
9.428367770000000148e-01
8.983065989999999834e-01
7.828884710000000302e-01
1.985353860000000081e-01
8.519847649999999772e-01
9.452747569999999655e-01
8.363814630000000472e-01
9.161979670000000020e-01
8.983715180000000355e-01
5.963071349999999882e-01
8.482255650000000147e-01
5.286495970000000266e-01
3.752594329999999756e-01
1.584102229999999889e-01
3.348630200000000112e-01
4.456165630000000211e-01
2.158433989999999914e-01
4.476845569999999830e-01
6.304414680000000049e-01
8.845589910000000167e-01
6.886963329999999939e-01
5.662524930000000234e-01
3.820623220000000098e-01
9.175331000000000459e-02
4.496045180000000085e-01
7.016086190000000444e-01
4.462137139999999835e-01
5.949880159999999529e-01
5.609640230000000338e-01
1.965284439999999966e-01
4.536435090000000003e-01
1.726262679999999994e-01
7.007204000000000384e-03
2.918391299999999883e-02
3.921217999999999926e-02
3.441700500000000051e-02
1.389740989999999898e-01
7.071310000000000096e-02
6.838060199999999866e-02
2.776337030000000095e-01
1.230705519999999997e-01
9.473482299999999579e-02
1.628855599999999917e-02
-2.055508400000000124e-02
3.554287999999999892e-02
1.466155289999999944e-01
4.158011400000000135e-02
1.143048130000000051e-01
4.086397099999999893e-02
5.486441899999999761e-02
6.904847999999999542e-02
2.626053299999999910e-02
2.212547240000000137e-01
2.461637999999999934e-03
-1.681299999999999939e-03
2.286043299999999945e-02
-1.770750600000000133e-02
5.984047099999999925e-02
1.791193099999999899e-02
3.005009999999999799e-03
3.361174299999999948e-02
1.169392969999999976e-01
-2.324086200000000102e-02
-5.237603000000000397e-03
-8.385754999999999945e-03
4.182869899999999697e-02
-5.165074000000000401e-03
-1.056451100000000039e-02
3.957508199999999754e-02
6.407718900000000661e-02
2.108382400000000101e-02
1.919210650000000018e-01
8.198825099999999810e-02
3.207397299999999868e-02
-6.069859500000000102e-02
6.254623500000000558e-02
7.107373300000000005e-02
4.668044400000000149e-02
1.905588599999999966e-01
4.845941460000000034e-01
2.757389270000000225e-01
1.131424330000000006e-01
1.628728800000000046e-02
-2.340155500000000097e-02
1.162942730000000036e-01
2.240910710000000028e-01
1.693430870000000033e-01
1.768100979999999989e-01
2.064646119999999918e-01
-1.388874200000000080e-02
1.688447690000000057e-01
5.871609829999999697e-01
4.390783750000000207e-01
2.053791719999999987e-01
3.329400619999999811e-01
5.327210190000000178e-01
2.843782080000000212e-01
5.357946540000000368e-01
6.821756530000000485e-01
8.595864250000000428e-01
7.514999300000000382e-01
6.119223160000000217e-01
4.335266979999999881e-01
1.365832220000000041e-01
4.906561360000000205e-01
6.441158150000000360e-01
5.213946670000000339e-01
6.651508050000000116e-01
6.355428829999999474e-01
3.021098509999999848e-01
5.355870430000000404e-01
5.299960599999999772e-02
-3.774546000000000151e-03
2.160791000000000101e-02
-5.024529300000000337e-02
4.693747799999999776e-02
-5.902362000000000407e-03
-1.272957000000000082e-02
4.872203299999999793e-02
2.201497819999999883e-01
1.003230900000000037e-01
1.519127959999999888e-01
-2.440003999999999958e-03
3.207220499999999946e-02
2.772190799999999997e-02
7.221740000000000104e-02
5.674599300000000152e-02
4.091057800000000300e-02
5.192760500000000168e-02
-4.769077000000000038e-03
7.301852100000000290e-02
2.579288679999999778e-01
1.421053499999999914e-01
9.696964700000000603e-02
5.814068299999999856e-02
2.431770819999999889e-01
5.667697299999999855e-02
2.172255359999999969e-01
3.516920620000000275e-01
6.727501160000000091e-01
4.162028260000000257e-01
2.833548450000000218e-01
1.723013120000000120e-01
4.764107299999999906e-02
2.126293900000000014e-01
3.842722670000000007e-01
2.084064660000000124e-01
3.166046559999999843e-01
3.074623180000000122e-01
3.497719299999999670e-02
2.022084979999999865e-01
6.310241540000000038e-01
4.593558569999999786e-01
2.459131679999999875e-01
3.164628230000000042e-01
5.289753489999999836e-01
2.559768889999999852e-01
5.338078419999999769e-01
7.233913830000000544e-01
9.192777460000000067e-01
7.698745710000000075e-01
6.542037109999999656e-01
4.241399310000000256e-01
4.092674699999999943e-02
5.340076129999999921e-01
7.570557439999999749e-01
5.233102360000000397e-01
6.702995440000000249e-01
6.293700070000000091e-01
3.410854150000000029e-01
5.532747150000000280e-01
-4.034595400000000331e-02
7.506608900000000251e-02
1.644590199999999836e-02
4.264496000000000259e-02
9.893664999999999404e-03
-3.297818200000000172e-02
5.976131300000000340e-02
-6.651819600000000166e-02
1.266996669999999880e-01
8.425031700000000512e-02
-5.928775800000000290e-02
7.337273399999999501e-02
5.766106000000000009e-03
6.318637999999999685e-03
3.009656900000000010e-02
-2.889582400000000051e-02
2.304751899999999895e-02
-1.200482599999999969e-02
5.923120999999999942e-03
2.111892900000000156e-02
-4.004525000000000098e-03
-4.693824700000000238e-02
-1.108911989999999959e-01
-2.554025999999999866e-02
8.139821499999999599e-02
1.592154490000000089e-01
1.335651919999999993e-01
3.281679000000000020e-03
1.227988390000000068e-01
3.594980100000000345e-02
2.062729099999999899e-02
4.152086299999999813e-02
-1.639628799999999845e-02
-2.885964699999999869e-02
3.890486299999999786e-02
3.031128799999999873e-02
1.537538400000000062e-02
-8.827873999999999444e-03
-2.425024900000000150e-02
7.746184500000000139e-02
6.085136800000000290e-02
7.305080399999999696e-02
-4.053180299999999819e-02
-5.570727000000000317e-02
2.291744139999999930e-01
3.198065199999999830e-02
2.934617449999999961e-01
4.782567299999999910e-02
3.152835970000000265e-01
1.392754629999999882e-01
8.325373599999999485e-02
1.580866300000000058e-02
3.793578499999999964e-02
2.187346999999999902e-02
2.270875890000000064e-01
1.428536099999999989e-02
8.291456299999999668e-02
4.829452299999999892e-02
-3.303332400000000280e-02
2.117766729999999986e-01
3.401550460000000164e-01
1.819991569999999947e-01
3.588152099999999955e-02
1.623400999999999872e-01
2.960515759999999830e-01
1.059051369999999964e-01
2.913268649999999904e-01
4.331722960000000122e-01
6.999450350000000487e-01
5.014573060000000471e-01
3.588803689999999769e-01
3.216259399999999991e-01
1.574321500000000137e-02
2.547843890000000000e-01
4.204289279999999795e-01
2.858225440000000117e-01
4.199297639999999832e-01
3.989863459999999917e-01
9.392226500000000478e-02
2.845151479999999955e-01
5.782971600000000323e-02
-2.586830400000000169e-02
-6.466622499999999385e-02
-5.831254899999999824e-02
-1.579320700000000008e-02
-2.814917000000000114e-02
-1.331411100000000000e-02
8.365735500000000269e-02
1.861701729999999944e-01
3.623008199999999679e-02
6.360133900000000673e-02
1.755075600000000069e-02
-2.741197000000000078e-02
-1.697055000000000091e-02
2.256313000000000069e-02
1.127725069999999941e-01
-1.808359899999999881e-02
9.346371900000000066e-02
4.728045399999999954e-02
3.679404399999999797e-02
7.648211000000000592e-02
5.266237099999999949e-02
-1.150330420000000020e-01
-3.795359999999999793e-04
1.146127509999999988e-01
-7.957081100000000518e-02
9.223921899999999729e-02
9.408298599999999345e-02
3.484906130000000046e-01
1.745771319999999960e-01
-6.091445000000000019e-03
5.714282100000000336e-02
3.010983199999999957e-02
2.497330299999999878e-02
2.285826420000000025e-01
3.509606600000000215e-02
7.149188600000000449e-02
4.353676499999999810e-02
2.252306800000000025e-02
5.686698099999999700e-02
-2.056199599999999905e-02
2.745751299999999936e-02
5.361613999999999790e-03
-7.624297400000000502e-02
5.443260300000000301e-02
1.017161560000000020e-01
5.052689300000000328e-02
1.015618670000000001e-01
2.351328520000000033e-01
8.756310900000000008e-02
8.405095399999999717e-02
3.685249599999999848e-02
2.562872000000000067e-02
-4.843176200000000320e-02
8.990085400000000226e-02
1.140257050000000050e-01
1.395995120000000089e-01
7.875158799999999737e-02
-5.389676599999999873e-02
1.357596600000000008e-02
1.170858449999999940e-01
4.856296000000000397e-03
1.987575779999999903e-01
-8.924739700000000608e-02
-1.881940099999999949e-02
5.943435700000000016e-02
6.207769000000000134e-03
1.282161599999999922e-02
1.174253049999999937e-01
5.920724000000000126e-02
5.060386299999999893e-02
1.368786840000000005e-01
2.313516300000000026e-02
5.322552900000000059e-02
1.284826179999999929e-01
4.062903500000000084e-02
-2.713683999999999888e-02
2.913437500000000055e-02
8.678864999999999150e-03
-1.268379399999999997e-02
1.286978299999999922e-02
1.560252500000000077e-02
-1.152554949999999995e-01
-9.277816299999999683e-02
-1.718260200000000168e-02
1.134446179999999971e-01
-3.006346400000000155e-02
1.011241529999999944e-01
1.920446020000000087e-01
6.227125499999999758e-02
2.598537500000000153e-02
-2.992792400000000158e-02
-3.105387299999999920e-02
-1.278587899999999999e-02
7.131445599999999829e-02
4.144447300000000250e-02
8.764249000000000345e-02
2.285338400000000089e-02
1.497329399999999984e-02
4.354187500000000072e-02
8.138894340000000227e-01
6.536057790000000534e-01
3.431748780000000165e-01
4.826112980000000219e-01
7.294367179999999840e-01
4.267183150000000147e-01
7.555973019999999707e-01
8.666739949999999748e-01
9.834955480000000527e-01
8.950496639999999671e-01
8.141430520000000337e-01
6.608741689999999558e-01
1.148018880000000047e-01
7.468642840000000449e-01
8.927043359999999872e-01
7.390914830000000491e-01
8.555112249999999863e-01
8.204811979999999672e-01
4.417794999999999916e-01
7.509721820000000436e-01
3.043500749999999977e-01
1.376174189999999908e-01
-2.158942200000000047e-02
5.327907900000000002e-02
2.305706919999999938e-01
9.664575000000000249e-02
2.121490050000000016e-01
4.059870380000000223e-01
6.051555859999999676e-01
4.387059139999999746e-01
3.131998309999999841e-01
1.460641570000000000e-01
1.539655550000000039e-01
2.399393569999999920e-01
4.039615799999999868e-01
1.842810639999999944e-01
3.230239220000000189e-01
3.114196690000000101e-01
1.874363000000000001e-01
2.457770559999999938e-01
8.908745169999999769e-01
7.852785639999999567e-01
4.702238599999999935e-01
6.521368650000000100e-01
8.390441749999999477e-01
5.691230120000000392e-01
8.582161820000000496e-01
9.299403560000000235e-01
9.858526909999999477e-01
9.453879280000000440e-01
9.015784100000000523e-01
8.003377430000000459e-01
1.922703550000000039e-01
8.482754879999999664e-01
9.485225369999999989e-01
8.451703299999999697e-01
9.192651960000000066e-01
8.961378429999999895e-01
5.830037070000000377e-01
8.613487610000000183e-01
5.480612660000000469e-01
3.163781370000000037e-01
1.194547890000000057e-01
2.633932970000000262e-01
4.236112989999999967e-01
1.555169349999999950e-01
4.652375280000000113e-01
6.058562750000000552e-01
8.869819549999999886e-01
6.774863460000000170e-01
5.300641139999999751e-01
3.243248910000000040e-01
3.413157399999999786e-02
4.620319869999999773e-01
7.026687480000000097e-01
4.434249659999999760e-01
5.826990530000000224e-01
5.407706300000000299e-01
2.149673400000000068e-01
4.337587820000000094e-01
2.443738399999999950e-02
9.511498000000000175e-03
5.042464499999999711e-02
3.496206500000000050e-02
5.488427199999999784e-02
-1.909900469999999961e-01
1.463516470000000014e-01
1.024764150000000013e-01
3.372360830000000198e-01
1.509369590000000094e-01
1.124248760000000069e-01
8.743099000000000703e-03
-2.713968500000000020e-02
2.814061799999999919e-02
1.486638769999999998e-01
1.649680300000000086e-02
1.634404939999999917e-01
8.667442699999999833e-02
2.889680799999999952e-02
1.205310529999999991e-01
2.777628600000000073e-02
-9.705003500000000671e-02
-1.370686800000000052e-02
-1.405395819999999962e-01
-1.528677099999999935e-02
-1.215749559999999979e-01
-4.739519999999999779e-04
-1.507474800000000066e-02
2.916086899999999899e-02
-4.024102000000000234e-02
3.840283500000000322e-02
5.523652099999999676e-02
6.638466099999999759e-02
5.556883999999999782e-03
2.803612000000000118e-02
1.664766300000000004e-02
-5.643202299999999783e-02
-7.830489100000000147e-02
-4.133132999999999946e-02
1.894742150000000014e-01
1.157312030000000047e-01
8.485000800000000454e-02
2.198564470000000104e-01
6.156068399999999746e-02
2.392026090000000105e-01
-3.704952899999999771e-02
1.691911190000000009e-01
1.372387760000000068e-01
4.863666750000000261e-01
2.444587320000000119e-01
1.449913019999999886e-01
1.322560190000000024e-01
-2.612827900000000078e-02
6.267219499999999999e-02
2.573785419999999879e-01
1.147019650000000029e-01
1.568420450000000133e-01
1.903192999999999968e-01
4.089358600000000260e-02
1.561639449999999985e-01
5.610369039999999474e-01
4.384363589999999977e-01
2.141737930000000012e-01
3.288175600000000087e-01
5.279327620000000554e-01
2.496188239999999892e-01
5.063494870000000425e-01
6.763276889999999542e-01
8.470069789999999932e-01
7.334888229999999565e-01
5.876948180000000077e-01
4.054572160000000092e-01
3.769914900000000124e-02
4.484555570000000047e-01
6.233566289999999954e-01
4.994669030000000176e-01
6.342129480000000541e-01
6.225468029999999819e-01
2.752685009999999988e-01
5.546520400000000128e-01
2.727731400000000042e-02
4.209629000000000149e-02
5.675294000000000172e-02
-9.212081000000000436e-03
1.745637900000000103e-02
6.603022100000000005e-02
2.506525899999999946e-02
6.836397900000000527e-02
2.038351499999999927e-01
1.052316040000000064e-01
8.220671300000000070e-02
3.601295599999999875e-02
5.860411599999999777e-02
-8.500591999999999523e-03
8.213252699999999684e-02
4.892784599999999706e-02
1.266071239999999876e-01
9.606306000000000220e-03
3.669591099999999773e-02
7.756007299999999327e-02
3.478472109999999895e-01
1.062915589999999938e-01
-8.840518999999999808e-03
6.616056700000000346e-02
2.208440120000000062e-01
1.380929600000000042e-02
2.619690319999999906e-01
3.652645549999999908e-01
6.749981889999999707e-01
4.045393389999999978e-01
2.881944430000000223e-01
1.217005240000000044e-01
1.708824000000000063e-03
2.068220289999999906e-01
3.944790229999999842e-01
2.237607269999999926e-01
3.056653799999999865e-01
2.933261650000000276e-01
6.905759200000000098e-02
2.372794440000000060e-01
5.731312029999999780e-01
3.871110810000000235e-01
1.450142700000000007e-01
3.379181270000000126e-01
4.784490120000000069e-01
1.841619130000000104e-01
4.741935749999999783e-01
6.516588700000000012e-01
9.048437320000000117e-01
7.171386509999999603e-01
5.951703640000000073e-01
4.048673919999999926e-01
3.815644700000000306e-02
4.759740700000000269e-01
7.313081169999999798e-01
4.533550980000000119e-01
6.169990770000000069e-01
5.899305929999999476e-01
2.098199050000000010e-01
4.989839090000000033e-01
7.071621999999999630e-02
-2.800790000000000267e-04
9.116320000000000673e-03
8.048613200000000190e-02
1.173564889999999944e-01
1.087639000000000054e-03
4.582926899999999887e-02
2.459045899999999854e-02
1.718213969999999868e-01
1.460218249999999940e-01
3.740950099999999778e-02
-1.685520940000000134e-01
-6.585928600000000299e-02
2.348932699999999874e-01
-6.047847999999999766e-03
7.574713099999999533e-02
2.542472999999999955e-02
4.743112000000000023e-02
-2.075671999999999934e-02
5.184887000000000003e-03
5.527681499999999998e-02
-3.637136500000000272e-02
8.921349999999999766e-03
1.662854199999999893e-01
3.421013800000000105e-02
6.300662999999999750e-03
-1.033079699999999920e-02
6.909397800000000034e-02
4.830574399999999768e-02
3.165358000000000060e-03
8.332012999999999225e-03
1.048891899999999933e-02
1.524386299999999916e-01
3.816830799999999801e-02
1.394298799999999991e-02
2.076422500000000074e-02
3.982502100000000211e-02
-1.877652499999999877e-02
-2.972408500000000078e-02
-1.073727300000000030e-02
4.481055800000000033e-02
6.288607599999999909e-02
-1.535701100000000027e-02
-1.283853420000000134e-01
1.201537079999999980e-01
-5.847227499999999717e-02
7.164257000000000264e-02
2.061016350000000052e-01
3.538059179999999970e-01
1.812490210000000102e-01
8.369680499999999912e-02
-1.094536100000000067e-02
-9.324550700000000525e-02
-7.901596000000000314e-03
1.986906979999999989e-01
8.135516099999999529e-02
1.195076330000000020e-01
6.829482900000000134e-02
3.048753599999999911e-02
7.673673100000000247e-02
4.370420709999999764e-01
2.189274230000000099e-01
7.521706699999999857e-02
1.797618780000000138e-01
3.102403129999999898e-01
1.585550480000000040e-01
3.910275060000000247e-01
5.210553999999999464e-01
8.011992230000000159e-01
5.935722989999999699e-01
4.255976399999999993e-01
2.701447450000000194e-01
2.107039900000000007e-02
3.217632349999999808e-01
5.564135270000000189e-01
3.370840259999999811e-01
4.912027829999999762e-01
4.309795200000000048e-01
1.242182150000000068e-01
3.655313170000000222e-01
1.507059000000000003e-02
-3.314988999999999957e-03
3.701033699999999732e-02
1.845981400000000147e-02
8.885792400000000479e-02
-9.220957000000000112e-03
-1.081806730000000050e-01
1.378357889999999863e-01
2.142728949999999910e-01
6.788577699999999437e-02
1.834997799999999943e-02
-1.672658399999999920e-02
-7.086205199999999482e-02
1.571671300000000021e-02
9.054991799999999313e-02
1.772152899999999975e-02
6.100416499999999909e-02
5.150372500000000020e-02
-2.948153300000000074e-02
6.836664900000000156e-02
1.392950569999999999e-01
9.484437999999999550e-03
-5.769116500000000258e-02
-5.474260499999999974e-02
6.501326400000000116e-02
-2.755913600000000144e-02
6.932541600000000082e-02
1.260567099999999885e-01
4.084816820000000126e-01
1.757679329999999873e-01
1.027554130000000038e-01
1.323945999999999977e-02
2.001703700000000141e-02
7.911169699999999472e-02
1.633972360000000013e-01
8.888268700000000189e-02
1.260646910000000065e-01
8.680433299999999741e-02
1.793149299999999974e-02
2.302791499999999950e-02
2.474777000000000053e-03
2.843050959999999794e-01
-4.993569999999999693e-04
-5.635109800000000224e-02
1.796054430000000035e-01
5.939747799999999661e-02
-1.536796600000000027e-02
8.337500700000000098e-02
3.457216359999999988e-01
1.087198209999999943e-01
7.516527400000000414e-02
5.267141799999999763e-02
8.675685000000000688e-03
7.306900500000000631e-02
1.581999849999999874e-01
1.327704909999999905e-01
1.093967430000000046e-01
9.366207000000000005e-02
-3.295464499999999769e-02
9.109308900000000209e-02
1.417966200000000086e-02
-7.672500999999999974e-03
-6.463587899999999331e-02
3.379281099999999899e-02
8.599604000000000276e-03
-4.728106700000000301e-02
7.410706999999999885e-03
5.676145600000000180e-02
2.051712519999999984e-01
8.565783600000000109e-02
3.829438799999999865e-02
6.908376700000000425e-02
-1.695306400000000033e-02
1.023131639999999981e-01
7.247967700000000624e-02
1.655988599999999936e-02
2.940962800000000016e-02
4.945183200000000112e-02
6.996793900000000677e-02
3.170591700000000013e-02
9.998424799999999779e-02
9.914357399999999820e-02
2.942168100000000161e-02
-6.771739699999999862e-02
2.790464800000000065e-02
-6.314219999999999729e-03
8.851459799999999989e-02
7.404910300000000500e-02
2.926508110000000107e-01
8.920018899999999917e-02
2.340915000000000079e-01
1.318860399999999961e-02
5.336375499999999883e-02
1.664890700000000098e-02
8.423911800000000172e-02
6.417424700000000370e-02
7.070013499999999729e-02
1.600634899999999958e-02
2.220332800000000134e-02
6.208441700000000285e-02
8.187925160000000258e-01
6.610915480000000288e-01
3.467563570000000150e-01
5.140110519999999683e-01
7.450246870000000188e-01
4.284971209999999808e-01
7.739087239999999923e-01
8.506200019999999862e-01
9.826930280000000240e-01
8.927134020000000447e-01
8.376986389999999671e-01
6.777054369999999661e-01
1.378517720000000113e-01
7.765500269999999761e-01
9.222252610000000184e-01
7.496937750000000067e-01
8.474513380000000540e-01
8.253280899999999587e-01
4.320398810000000145e-01
7.676703719999999898e-01
3.704877209999999921e-01
2.064536389999999944e-01
8.410273699999999686e-02
1.073395129999999975e-01
3.200711829999999813e-01
1.309328549999999869e-01
3.684013039999999850e-01
4.508169590000000171e-01
7.510633009999999610e-01
5.376396959999999448e-01
3.956786099999999862e-01
1.951162869999999994e-01
8.286548100000000472e-02
3.008885390000000104e-01
4.944340589999999813e-01
2.923522829999999906e-01
4.039897439999999840e-01
3.783452760000000081e-01
1.892708869999999988e-01
3.334107190000000220e-01
9.059033389999999741e-01
8.157646750000000502e-01
5.346200190000000019e-01
6.918246580000000368e-01
8.674503850000000460e-01
6.284249119999999467e-01
8.801044799999999668e-01
9.408858890000000308e-01
9.993564069999999466e-01
9.519198110000000046e-01
9.233286569999999971e-01
8.209177600000000519e-01
2.569684380000000212e-01
8.845483379999999896e-01
9.573056509999999797e-01
8.738572540000000277e-01
9.165682210000000163e-01
9.182864750000000464e-01
6.365833690000000100e-01
8.847776250000000120e-01
5.666396479999999958e-01
3.600937559999999871e-01
1.179383180000000003e-01
2.579852189999999879e-01
4.481211399999999734e-01
2.364699130000000038e-01
4.617793860000000139e-01
6.387422050000000073e-01
9.172473399999999666e-01
7.075971810000000195e-01
5.672728379999999460e-01
4.006177320000000042e-01
1.764190479999999950e-01
4.875979540000000001e-01
7.600067400000000140e-01
4.673237020000000075e-01
6.087712699999999755e-01
5.675392019999999649e-01
2.113385249999999993e-01
4.834227529999999828e-01
3.768998600000000171e-02
-3.360299800000000198e-02
-3.420856099999999844e-02
2.510673600000000102e-02
9.510741000000000334e-02
7.413820999999999606e-02
9.900784399999999763e-02
1.125623459999999937e-01
3.966201779999999899e-01
1.792380000000000084e-01
1.072353510000000065e-01
2.350411499999999904e-02
1.685300299999999835e-02
4.386255000000000015e-02
2.250860560000000066e-01
6.954337500000000449e-02
1.064248279999999991e-01
1.215524399999999977e-01
7.516697199999999857e-02
1.575740979999999958e-01
3.440866199999999958e-02
4.470840300000000073e-02
9.806861000000000050e-03
-1.482366089999999914e-01
-1.619434700000000130e-02
-8.303105999999999334e-03
-7.797955999999999985e-03
-1.113018010000000058e-01
4.654950399999999849e-02
1.014260900000000035e-02
-1.712960100000000124e-02
-1.049259599999999987e-01
-4.135416399999999881e-02
2.816935099999999872e-02
-7.179234999999999957e-03
4.277343999999999764e-03
1.666822899999999968e-02
-1.360852199999999963e-02
-2.829959400000000083e-02
1.555250900000000082e-02
2.040740179999999959e-01
1.202112330000000007e-01
3.271172299999999811e-02
-1.433855799999999951e-02
1.327874569999999976e-01
-1.633309000000000150e-02
1.957088499999999898e-01
2.371890289999999957e-01
5.565550849999999494e-01
3.443415810000000077e-01
2.055205770000000098e-01
7.609716299999999545e-02
-1.418340600000000083e-02
1.381139979999999878e-01
4.318259480000000150e-01
1.066314669999999937e-01
2.400715439999999978e-01
2.461753120000000072e-01
4.589289099999999816e-02
1.582773610000000053e-01
7.088070730000000097e-01
5.471149480000000453e-01
2.920287890000000108e-01
4.105329810000000190e-01
6.455508709999999706e-01
3.487873269999999803e-01
6.390952909999999543e-01
7.841159619999999997e-01
9.149749750000000237e-01
8.228794959999999881e-01
7.219627699999999759e-01
5.303296459999999879e-01
2.127848049999999935e-01
6.187026589999999882e-01
7.846978879999999545e-01
6.267677029999999538e-01
7.560649900000000478e-01
7.268005570000000137e-01
3.992467510000000108e-01
6.610988709999999768e-01
5.155921799999999694e-02
4.961339099999999974e-02
-1.804141500000000162e-02
-5.781436699999999845e-02
9.540982200000000524e-02
7.690642000000000138e-03
1.467985899999999996e-02
1.539973360000000124e-01
3.329677540000000047e-01
1.182821810000000001e-01
1.072453760000000034e-01
1.362516099999999952e-01
-1.783812400000000034e-02
1.626085600000000062e-02
1.228009250000000052e-01
8.901994200000000468e-02
9.218202300000000182e-02
7.714451899999999474e-02
4.709778700000000207e-02
8.269271400000000050e-02
3.626272440000000152e-01
1.433251209999999998e-01
4.066356299999999979e-02
1.047120720000000033e-01
2.409403599999999923e-01
4.216532299999999761e-02
2.412777779999999983e-01
3.963718569999999941e-01
7.663233430000000457e-01
4.743980760000000019e-01
3.392765549999999797e-01
2.284073879999999890e-01
1.910203400000000037e-02
2.602758330000000120e-01
4.762393520000000047e-01
2.421273509999999907e-01
3.649285449999999931e-01
3.288262240000000003e-01
1.584794919999999996e-01
2.582477670000000169e-01
5.518523360000000544e-01
3.734106119999999751e-01
1.679868379999999994e-01
2.849537990000000076e-01
4.826243159999999977e-01
1.952163219999999977e-01
4.879038299999999828e-01
6.423035959999999767e-01
9.042821290000000456e-01
7.094372110000000120e-01
5.551819980000000099e-01
3.866020760000000167e-01
9.149478099999999725e-02
5.453664550000000277e-01
7.369837209999999805e-01
4.665897780000000106e-01
6.155979459999999515e-01
5.813847829999999606e-01
2.567948870000000272e-01
4.952922280000000010e-01
-3.632405400000000145e-02
7.814967000000000788e-03
1.222718410000000061e-01
1.436205599999999978e-02
6.333204000000000264e-03
4.609033900000000100e-02
-3.441613500000000048e-02
-6.375952000000000008e-02
7.378816600000000225e-02
1.164953400000000028e-01
5.876799099999999859e-02
-2.133491800000000133e-02
4.657771399999999923e-02
1.411259290000000111e-01
3.907980099999999735e-02
-5.260240599999999739e-02
-1.458654300000000043e-02
6.039561499999999972e-02
-3.968861099999999864e-02
-6.625789399999999774e-02
-4.903488500000000028e-02
-1.349695599999999919e-02
-4.523578300000000163e-02
2.897969400000000029e-02
-2.975253300000000115e-02
5.073934699999999715e-02
2.195045099999999930e-02
2.880946399999999991e-02
8.636416299999999380e-02
1.157764389999999949e-01
5.996824199999999799e-02
1.308762400000000083e-02
-3.600263299999999916e-02
7.841468499999999786e-02
5.961119799999999719e-02
7.139272999999999800e-03
1.546989999999999997e-02
2.291011299999999931e-02
-4.837471000000000305e-03
2.016323999999999894e-02
1.537833499999999992e-02
-6.289611000000000507e-02
2.139648580000000078e-01
-9.899071500000000690e-02
4.388769199999999898e-02
3.590340200000000093e-02
1.129807149999999955e-01
3.423983600000000266e-02
2.830147689999999994e-01
1.543470919999999913e-01
-6.199667899999999898e-02
1.030940590000000018e-01
1.273389299999999960e-02
-2.845058000000000135e-03
2.429036260000000114e-01
5.927959399999999796e-02
6.200114100000000267e-02
3.123963199999999982e-02
-8.020590000000000401e-04
4.237178500000000209e-02
2.585715550000000085e-01
-5.544910000000000116e-02
1.684918770000000121e-01
1.750713000000000096e-03
2.051812570000000058e-01
2.434017299999999967e-02
2.113214740000000091e-01
2.720989180000000229e-01
6.354561810000000088e-01
3.462920840000000000e-01
3.631942439999999994e-01
2.042039890000000024e-01
-8.714467700000000372e-02
2.035988619999999916e-01
3.608935249999999928e-01
1.851301730000000090e-01
3.028824860000000063e-01
2.322058320000000009e-01
1.183308589999999966e-01
1.739563670000000006e-01
-1.946599000000000029e-03
-2.226985500000000159e-02
6.488765400000000294e-02
2.485973699999999981e-02
-6.470193800000000051e-02
3.294812800000000014e-02
-3.018361099999999908e-02
-2.953786900000000132e-02
2.060631749999999873e-01
-1.641089399999999879e-02
-1.147469380000000067e-01
3.283312999999999943e-03
-5.322036499999999865e-02
-2.228922599999999879e-02
2.816163799999999925e-02
-4.953917199999999937e-02
1.405130870000000087e-01
5.478410699999999856e-02
1.803040300000000040e-02
3.882784400000000025e-02
1.384727000000000093e-03
1.038620799999999955e-01
-3.257168600000000247e-02
2.892806079999999946e-01
-7.122650299999999657e-02
1.827739399999999889e-02
1.901687629999999907e-01
6.095350299999999916e-02
6.396903800000000584e-02
1.554449609999999926e-01
-4.761120399999999725e-02
-8.591727500000000128e-02
8.209061700000000461e-02
7.746220700000000514e-02
2.720510900000000162e-02
1.350597899999999955e-02
-1.059486600000000001e-01
-2.102179000000000027e-03
-6.782045999999999908e-03
7.569474099999999595e-02
7.230178000000000299e-03
4.431079999999999741e-02
-9.207794999999999522e-03
-3.777532000000000112e-03
2.757611199999999985e-02
9.304829100000000519e-02
5.798170300000000249e-02
3.949587899999999763e-02
4.500679700000000116e-02
8.309831000000000162e-03
-7.503509599999999558e-02
6.022970700000000038e-02
2.693205300000000094e-02
1.271050930000000023e-01
1.364175899999999983e-02
2.176109000000000029e-02
2.960613999999999867e-03
1.432758999999999942e-02
5.915412000000000101e-03
-1.330022699999999954e-02
3.433580800000000238e-02
-2.828283499999999923e-02
9.077342000000000397e-03
4.632643300000000020e-02
5.556397799999999998e-02
1.130984299999999998e-02
6.622363400000000344e-02
6.430683000000000406e-03
1.623964699999999872e-01
4.746411500000000117e-02
3.326681000000000082e-02
2.565634199999999865e-02
4.946609300000000264e-02
1.505694299999999972e-02
5.993478299999999842e-02
-5.706559800000000210e-02
3.536982200000000215e-02
-2.796642699999999856e-02
1.164598359999999971e-01
4.020996200000000187e-02
-9.297646499999999425e-02
-2.190960100000000077e-02
1.038973829999999959e-01
2.175165289999999862e-01
8.145528400000000280e-02
1.631494300000000119e-01
-9.347666000000000308e-02
2.827122599999999999e-02
6.085911199999999993e-02
1.029902459999999936e-01
6.901907799999999760e-02
5.491776400000000086e-02
8.253546500000000230e-02
-3.772426499999999988e-02
2.387762800000000143e-02
6.998902999999999652e-01
5.340652110000000397e-01
3.599884910000000215e-01
3.571777429999999920e-01
5.693290559999999445e-01
2.770863060000000044e-01
6.137622379999999600e-01
7.461606659999999724e-01
9.528646360000000426e-01
7.778374110000000341e-01
7.155472139999999870e-01
5.641134020000000415e-01
8.857150499999999482e-02
6.726492320000000413e-01
8.316633350000000036e-01
6.318492650000000488e-01
7.466633200000000192e-01
6.969485560000000524e-01
3.711290529999999865e-01
5.919842290000000284e-01
3.040234079999999950e-01
1.958716779999999935e-01
8.824189400000000127e-02
1.534342969999999973e-01
2.241256660000000012e-01
7.063063599999999664e-02
2.913390089999999821e-01
4.177571589999999890e-01
6.809564660000000380e-01
4.560129159999999904e-01
4.422999189999999858e-01
2.199210950000000109e-01
2.014142000000000016e-02
3.318312809999999780e-01
4.330698669999999972e-01
2.671188070000000137e-01
4.189429359999999880e-01
3.456626179999999771e-01
1.523608509999999916e-01
2.827384510000000017e-01
7.983928240000000010e-01
6.113014829999999789e-01
3.438976420000000034e-01
4.941664000000000057e-01
6.697092569999999467e-01
4.256141139999999878e-01
7.266823239999999906e-01
8.131757400000000358e-01
9.614116409999999835e-01
8.568034960000000533e-01
7.818783459999999463e-01
6.552729900000000551e-01
2.192549040000000005e-01
7.453738389999999825e-01
9.027190750000000374e-01
7.236652919999999600e-01
8.195204699999999454e-01
7.917443170000000308e-01
3.823829659999999908e-01
7.137931969999999904e-01
3.768403860000000272e-01
4.351759210000000211e-01
5.509541300000000280e-02
6.078388299999999689e-02
2.961050439999999839e-01
2.187258019999999969e-01
3.419385380000000141e-01
4.195248599999999994e-01
8.261440310000000009e-01
5.001483799999999480e-01
4.203429439999999961e-01
2.872101699999999869e-01
3.335519999999999805e-03
3.126711300000000193e-01
5.971049099999999887e-01
3.721841439999999945e-01
4.345090640000000004e-01
4.134125370000000244e-01
2.666695700000000155e-02
3.110489200000000065e-01
-6.065071000000000004e-03
-1.187344290000000024e-01
-5.183276600000000234e-02
2.206765220000000138e-01
4.760150199999999693e-02
-5.234346000000000138e-02
6.887991999999999899e-03
1.437303580000000025e-01
3.168181299999999756e-01
1.192403380000000013e-01
1.621903209999999984e-01
4.566639399999999904e-02
-4.338285900000000278e-02
3.168812599999999702e-02
1.426304499999999920e-01
3.141831999999999958e-02
7.274078400000000277e-02
9.259609300000000431e-02
-3.230679499999999926e-02
3.136514800000000242e-02
4.485499099999999684e-02
-1.862909700000000071e-02
-3.397308699999999904e-02
-2.248361800000000035e-02
3.446780000000000091e-04
-5.475674900000000039e-02
-1.723317900000000125e-02
6.593844699999999726e-02
-1.729267599999999988e-02
7.301136499999999474e-02
-1.286014430000000097e-01
1.586999000000000049e-02
8.037466100000000002e-02
-3.061671200000000079e-02
2.096365050000000008e-01
-3.405031000000000030e-02
1.774603339999999974e-01
1.304535420000000057e-01
-5.941495699999999741e-02
-1.820953499999999892e-02
1.679502800000000073e-01
1.292395739999999960e-01
6.051726899999999854e-02
7.285910000000000043e-04
1.199617070000000008e-01
4.390943259999999793e-01
1.599927040000000134e-01
2.028113539999999992e-01
6.866428300000000651e-02
-2.977484700000000012e-02
1.016995289999999968e-01
1.617796569999999934e-01
1.119324869999999972e-01
7.347647599999999890e-02
1.310461490000000007e-01
7.127606400000000009e-02
1.131935100000000007e-02
7.090894119999999745e-01
5.164469600000000105e-01
2.797087489999999788e-01
4.207777600000000007e-01
6.136437900000000223e-01
3.806120590000000026e-01
6.440512919999999975e-01
7.622246059999999712e-01
9.080808510000000222e-01
8.128013819999999612e-01
7.121708279999999780e-01
5.335126399999999824e-01
1.212327420000000044e-01
6.243717359999999550e-01
7.731842100000000384e-01
6.174212900000000115e-01
7.197049920000000434e-01
7.046419619999999551e-01
4.287972179999999800e-01
6.587039420000000423e-01
1.483899099999999929e-02
3.633165199999999900e-02
-2.455694799999999858e-02
8.983731799999999934e-02
2.875207999999999930e-02
-1.856442900000000035e-02
1.156033300000000076e-02
5.628578499999999790e-02
3.178735850000000140e-01
6.390632599999999941e-02
1.052794640000000032e-01
4.014067000000000329e-02
1.173761920000000042e-01
2.713839730000000006e-01
1.157357610000000064e-01
-6.016653599999999963e-02
7.612578200000000295e-02
7.153903899999999871e-02
-1.295703399999999922e-02
5.231902900000000300e-02
1.590302150000000025e-01
1.121836620000000034e-01
1.959371600000000060e-02
4.867807100000000331e-02
1.320648719999999998e-01
1.015214249999999985e-01
1.586755980000000010e-01
2.892164170000000034e-01
6.017756829999999502e-01
3.115033509999999839e-01
1.568755799999999867e-01
5.608822200000000008e-02
4.418733999999999683e-03
1.539494809999999991e-01
3.688911650000000209e-01
1.385106969999999882e-01
3.128824619999999723e-01
1.941447779999999901e-01
9.499834999999999877e-03
1.233493600000000051e-01
3.944290639999999959e-01
2.494148559999999903e-01
-5.659190499999999791e-02
9.556448900000000246e-02
3.173108609999999996e-01
1.139763379999999965e-01
3.594350900000000126e-01
5.075008060000000265e-01
8.330187829999999849e-01
5.446134400000000042e-01
4.078764919999999794e-01
2.635919959999999951e-01
-9.671406000000000447e-03
3.280050440000000234e-01
5.950494699999999693e-01
3.882694930000000211e-01
4.623491989999999885e-01
4.116549600000000142e-01
1.186811559999999960e-01
3.333559850000000213e-01
4.907238600000000256e-02
4.783994300000000283e-02
-6.364769100000000623e-02
6.576029699999999534e-02
-6.774260699999999635e-02
-4.397765499999999744e-02
2.104808199999999921e-02
1.099953369999999986e-01
-3.428437000000000151e-02
-2.735203900000000160e-02
3.593024200000000112e-02
-9.781254100000000284e-02
2.298140740000000071e-01
-4.626025500000000013e-02
-4.717020899999999767e-02
3.913627399999999867e-02
1.861519690000000005e-01
3.245862599999999737e-02
-4.964651800000000059e-02
3.802392359999999805e-01
5.282683600000000201e-02
6.345308800000000471e-02
7.967584499999999514e-02
-5.020381699999999781e-02
6.645649200000000589e-02
1.439550380000000074e-01
1.169554230000000028e-01
3.554331100000000104e-02
-7.548515899999999612e-02
6.952751199999999965e-02
4.453301099999999735e-02
3.400061800000000328e-02
4.314189699999999850e-02
4.203957900000000053e-02
-1.119337100000000057e-02
3.138220600000000277e-02
6.234518800000000277e-02
-8.471221600000000684e-02
9.179071399999999548e-02
5.345789399999999886e-02
2.002912399999999885e-02
7.872482000000000091e-02
1.001140009999999941e-01
9.991768700000000503e-02
2.276159399999999958e-02
1.175476659999999951e-01
3.189265889999999826e-01
1.629102490000000070e-01
5.823062999999999850e-02
1.705970500000000001e-01
-2.299644400000000130e-02
1.128639240000000044e-01
1.311790770000000050e-01
4.086075900000000344e-02
2.606715000000000074e-02
2.573493040000000009e-01
-4.128983299999999801e-02
-2.916401500000000147e-02
3.821574870000000179e-01
1.627417300000000011e-01
1.056508679999999950e-01
1.782344599999999973e-02
2.517343610000000176e-01
5.919050700000000331e-02
2.798822759999999854e-01
4.319909710000000014e-01
7.452852410000000427e-01
5.100283049999999596e-01
3.595525270000000106e-01
1.595927010000000035e-01
6.365545999999999704e-03
2.836920560000000258e-01
4.623405600000000115e-01
2.979151400000000227e-01
3.887754480000000235e-01
3.811115939999999980e-01
1.199562960000000039e-01
2.586979540000000077e-01
-3.616712700000000030e-02
1.161588199999999925e-02
2.233978480000000100e-01
6.895560000000000231e-03
5.775686399999999804e-02
1.222705790000000042e-01
6.240586000000000223e-03
1.995822060000000120e-01
1.878032020000000024e-01
1.080591340000000011e-01
5.625951700000000194e-02
-6.942061800000000338e-02
-1.298594929999999925e-01
2.130950800000000131e-02
1.432101279999999921e-01
2.106941600000000053e-02
-7.094991600000000176e-02
6.699086599999999614e-02
-1.977816199999999844e-02
-5.047361799999999787e-02
-2.908970099999999906e-02
5.780158700000000149e-02
5.873633000000000326e-02
-5.242761600000000327e-02
8.497678899999999702e-02
7.133495900000000334e-02
1.045012659999999954e-01
8.123545199999999966e-02
2.613234649999999770e-01
8.424527699999999342e-02
6.140871199999999724e-02
1.098981899999999963e-02
-1.370679399999999958e-02
-2.102697099999999847e-02
1.229282399999999942e-01
1.734832299999999883e-02
1.122561600000000076e-02
-2.560292000000000037e-03
2.649929100000000121e-02
4.549898200000000031e-02
5.316617500000000301e-02
-4.788936800000000160e-02
9.608371500000000009e-02
6.029392100000000032e-02
-1.411974360000000095e-01
4.339102899999999763e-02
1.278101449999999861e-01
3.460176560000000068e-01
1.069870230000000005e-01
9.317504799999999643e-02
7.323066500000000034e-02
3.066565799999999842e-02
5.508053799999999833e-02
1.567303429999999942e-01
1.070650010000000069e-01
1.896320149999999871e-01
3.657940700000000128e-02
8.163523300000000149e-02
1.545563800000000071e-02
1.155592049999999982e-01
1.916631999999999928e-03
1.087250499999999932e-02
7.818535799999999647e-02
7.129234399999999361e-02
2.850124600000000091e-02
2.914355700000000049e-02
1.392326439999999887e-01
4.079413600000000167e-02
-1.116576199999999922e-02
3.034461179999999869e-01
5.817021299999999839e-02
-7.084332999999999950e-03
5.028249099999999860e-02
1.248208900000000003e-02
3.785936899999999689e-02
3.433494299999999971e-02
-5.657327000000000189e-03
5.401795999999999681e-02
4.170002600000000115e-02
7.976275999999999158e-03
1.116426940000000007e-01
2.876627099999999951e-02
-3.217596300000000187e-02
1.844474000000000113e-02
6.980939399999999684e-02
3.984497399999999828e-02
2.247688589999999875e-01
1.477519360000000004e-01
2.242552299999999929e-02
1.610149899999999829e-02
-8.492789000000000588e-03
8.043096700000000598e-02
5.532444599999999935e-02
-6.647830999999999879e-03
5.364673899999999884e-02
5.603335999999999734e-02
5.567019100000000081e-02
6.128046300000000030e-02
8.145416859999999870e-01
6.773003829999999503e-01
3.543616199999999883e-01
5.184011689999999950e-01
7.240007670000000450e-01
4.181806290000000259e-01
7.581422039999999862e-01
8.657482600000000472e-01
9.862916819999999474e-01
8.851773480000000305e-01
8.103886240000000019e-01
6.776986959999999893e-01
1.224003490000000055e-01
7.711687699999999479e-01
9.125952609999999909e-01
7.554878390000000499e-01
8.468003250000000204e-01
8.116211589999999809e-01
4.383619759999999865e-01
7.592776679999999612e-01
4.054341759999999795e-01
2.549014350000000095e-01
3.781527700000000131e-02
2.253357440000000045e-01
3.313209280000000145e-01
1.536187629999999915e-01
3.266739060000000139e-01
4.754539509999999858e-01
7.719558130000000462e-01
5.469073740000000017e-01
4.025127030000000272e-01
2.577517300000000122e-01
6.799023899999999399e-02
3.390562129999999952e-01
5.149434019999999945e-01
3.220187919999999981e-01
4.439122699999999977e-01
4.185943039999999726e-01
1.777222599999999930e-01
3.384884409999999733e-01
8.998035549999999771e-01
8.049874860000000298e-01
5.341287150000000317e-01
6.906027059999999551e-01
8.544716949999999756e-01
6.369129079999999998e-01
8.768905799999999751e-01
9.230387580000000147e-01
1.002099371999999988e+00
9.486931899999999640e-01
9.030015839999999683e-01
8.378625290000000225e-01
2.807803750000000265e-01
8.831144539999999932e-01
9.547446590000000510e-01
8.704436979999999879e-01
9.180400619999999901e-01
9.027508789999999506e-01
5.910290280000000118e-01
8.668941230000000164e-01
5.229302300000000514e-01
3.800171290000000091e-01
1.367439689999999930e-01
2.176963309999999929e-01
3.651406420000000153e-01
2.178931910000000138e-01
5.128481219999999619e-01
5.681197479999999800e-01
8.818045460000000224e-01
6.241042049999999675e-01
4.912323189999999729e-01
3.211284779999999950e-01
-8.589739999999999789e-04
4.308389939999999751e-01
6.822542299999999615e-01
4.262323250000000230e-01
5.580254580000000297e-01
5.211999379999999737e-01
8.202573100000000450e-02
4.035181950000000239e-01
3.674528299999999664e-02
4.933162700000000289e-02
7.239976300000000586e-02
-6.425453999999999714e-03
4.470177000000000178e-02
4.321316000000000393e-03
7.405860799999999800e-02
5.134485899999999964e-02
2.804685709999999998e-01
8.126667799999999497e-02
7.805099399999999854e-02
4.048474400000000306e-02
-2.173771999999999857e-02
3.019731100000000099e-02
1.538166460000000013e-01
5.854778199999999960e-02
1.134870830000000025e-01
2.989009399999999900e-02
-3.445924000000000209e-02
-2.158643500000000104e-02
-3.024641200000000030e-02
-3.631568999999999769e-02
5.596904099999999715e-02
-2.103223599999999929e-02
-1.073950000000000078e-02
2.262147700000000095e-02
1.655782600000000118e-02
3.726237999999999773e-02
1.760162200000000080e-02
-1.402603799999999935e-02
-1.078506700000000061e-02
-3.777205999999999966e-03
-1.599252220000000058e-01
9.429590300000000036e-02
5.283845699999999840e-02
9.325758400000000448e-02
2.834309499999999871e-02
5.679832099999999884e-02
-5.704900799999999828e-02
1.282226880000000013e-01
1.071372609999999975e-01
-5.191964400000000091e-02
5.116287700000000244e-02
5.760736600000000013e-02
7.107948499999999781e-02
1.866820800000000002e-01
2.546030409999999744e-01
4.644764120000000052e-01
2.388369389999999981e-01
2.105998540000000030e-01
-4.383185500000000290e-02
-4.210083600000000259e-02
7.166351099999999918e-02
2.229657660000000097e-01
1.846967979999999954e-01
2.220020799999999905e-01
1.546372470000000054e-01
4.073381599999999908e-02
1.153734379999999948e-01
7.267098429999999665e-01
5.466999249999999755e-01
2.813611060000000275e-01
4.417798030000000264e-01
6.489695840000000437e-01
3.561760789999999788e-01
6.453001430000000482e-01
7.795882490000000109e-01
9.308842189999999572e-01
8.343879400000000501e-01
7.325000720000000021e-01
5.602818840000000078e-01
1.676543139999999987e-01
6.491482490000000105e-01
7.902780729999999698e-01
6.400216949999999461e-01
7.428061270000000382e-01
7.403960050000000237e-01
4.217216570000000275e-01
6.594300870000000536e-01
5.200765000000000249e-02
7.777430000000000107e-03
1.423842500000000073e-02
-1.638506899999999863e-02
5.168232600000000065e-02
-1.073459099999999992e-02
5.646049499999999943e-02
5.138622799999999907e-02
2.829309289999999977e-01
1.542383200000000121e-01
5.764580200000000293e-02
1.253036070000000113e-01
-4.311168700000000270e-02
1.009784420000000016e-01
1.864627530000000089e-01
1.849544700000000166e-02
3.389512100000000028e-02
6.247253099999999781e-02
-7.509639999999999718e-03
1.815314700000000142e-02
3.215207869999999746e-01
2.089333590000000129e-01
3.887650100000000081e-02
6.201564100000000329e-02
2.108091669999999918e-01
7.728619600000000145e-02
2.959928600000000243e-01
3.674688340000000220e-01
7.228843459999999554e-01
4.230605539999999776e-01
3.225723910000000139e-01
1.526985590000000115e-01
3.949871099999999885e-02
2.657901100000000238e-01
4.525323709999999888e-01
2.342553089999999949e-01
3.443885059999999831e-01
3.125805839999999947e-01
5.038101300000000227e-02
2.301867160000000134e-01
5.541107560000000376e-01
3.785961890000000274e-01
1.395024089999999939e-01
2.586834670000000003e-01
4.356112409999999824e-01
1.518441580000000068e-01
5.047643040000000525e-01
6.177659180000000250e-01
8.871103000000000183e-01
6.803681710000000216e-01
5.587909079999999751e-01
3.606145929999999833e-01
2.723220100000000102e-02
4.751978949999999813e-01
7.218305289999999985e-01
4.667307800000000118e-01
6.034959600000000535e-01
5.487198840000000466e-01
2.777205150000000011e-01
4.706882889999999819e-01
1.392972470000000129e-01
-4.413560799999999978e-02
-1.915760799999999958e-02
1.075703890000000024e-01
2.324693130000000107e-01
4.218495399999999673e-02
6.247539800000000143e-02
1.814626589999999984e-01
1.111937679999999984e-01
9.923211599999999522e-02
-4.646154000000000256e-02
-1.419999999999999957e-05
-1.003330330000000020e-01
7.294743099999999314e-02
2.050815699999999908e-02
-2.179095600000000021e-02
9.171891899999999598e-02
4.689781199999999706e-02
-2.152751460000000006e-01
-8.807122100000000509e-02
-9.947686000000000722e-03
4.781149999999999983e-02
-1.041187979999999985e-01
-2.228590899999999958e-02
-5.989565200000000061e-02
-8.121111100000000249e-02
6.418092200000000136e-02
2.598147259999999958e-01
4.638265099999999697e-02
-3.579037200000000085e-02
2.199194869999999968e-01
1.673002999999999947e-03
1.047436199999999921e-02
7.075339799999999513e-02
1.952303600000000056e-02
3.318546700000000321e-02
-2.801604099999999847e-02
-2.521596999999999988e-03
-3.012926999999999880e-03
