6.331831430000000038e-01
5.145014780000000121e-01
5.062103350000000113e-01
8.428291839999999535e-01
6.294989149999999922e-01
1.392371049999999999e-01
5.556193289999999951e-01
7.992669510000000033e-01
4.749770400000000170e-01
7.797828959999999476e-01
6.621991820000000528e-01
3.136001319999999759e-01
-9.349574600000000457e-02
7.166701420000000100e-01
3.770440729999999796e-01
4.999171049999999727e-01
6.105059910000000256e-01
7.346981710000000110e-01
3.745216989999999857e-01
6.432176269999999585e-01
4.453352420000000200e-01
3.103240740000000053e-01
3.188496470000000138e-01
7.248991839999999742e-01
4.338478159999999972e-01
1.097936330000000016e-01
3.992787320000000251e-01
6.489550080000000554e-01
2.528030190000000177e-01
5.941894479999999534e-01
4.547039549999999930e-01
1.153932589999999980e-01
2.282445899999999833e-02
4.697845339999999759e-01
2.256324359999999918e-01
2.880075329999999822e-01
4.073214030000000263e-01
5.416297700000000104e-01
1.978803709999999993e-01
4.273054729999999912e-01
1.482581159999999953e-01
1.055974529999999939e-01
1.164087989999999934e-01
3.743638289999999813e-01
1.231718120000000055e-01
8.463217800000000235e-02
1.670437820000000018e-01
2.822547759999999850e-01
1.376023190000000007e-01
2.999907629999999936e-01
1.876103869999999896e-01
8.081242600000000664e-02
-7.132452100000000184e-02
1.201407669999999955e-01
6.030748600000000043e-02
6.896976100000000443e-02
1.379628980000000005e-01
2.527906080000000277e-01
1.081469760000000058e-01
1.762289160000000132e-01
6.006313920000000417e-01
5.093252430000000386e-01
4.575027770000000271e-01
8.434336650000000546e-01
6.523516990000000071e-01
1.167374830000000030e-01
5.479316840000000299e-01
7.886207859999999625e-01
4.940936579999999911e-01
7.826127269999999525e-01
6.314505799999999835e-01
2.954375499999999932e-01
-1.263540429999999992e-01
6.865280089999999946e-01
3.325678930000000033e-01
4.678694130000000118e-01
6.080488480000000306e-01
7.252443960000000134e-01
3.931848150000000208e-01
6.590121279999999748e-01
2.208856730000000046e-01
1.680000550000000092e-01
4.380334200000000205e-02
4.275348680000000123e-01
1.741669620000000085e-01
9.985815100000000610e-02
1.384423860000000006e-01
3.720599010000000262e-01
1.094950950000000006e-01
3.514913820000000189e-01
2.046251199999999937e-01
1.200230240000000059e-01
-4.650075599999999726e-02
2.460252189999999894e-01
1.165735340000000064e-01
5.764044399999999901e-02
2.227534419999999959e-01
3.127648199999999989e-01
1.014852749999999998e-01
1.870245239999999975e-01
1.284162209999999971e-01
8.074692999999999454e-02
1.242214529999999956e-01
2.987469119999999756e-01
1.403062220000000082e-01
6.671981500000000176e-02
-1.588802200000000164e-02
3.717363870000000015e-01
3.968020199999999775e-02
2.238100660000000020e-01
1.551512869999999988e-01
3.054969719999999778e-01
-5.374237400000000248e-02
1.667143040000000076e-01
4.520754000000000092e-03
8.655477500000000046e-02
8.730351399999999873e-02
1.809379929999999914e-01
9.798599400000000681e-02
1.248525109999999994e-01
4.208814699999999798e-01
3.018218520000000016e-01
2.856786009999999765e-01
7.107754649999999952e-01
4.003250150000000063e-01
3.831992199999999932e-02
3.799959880000000068e-01
6.244820479999999563e-01
2.788642519999999791e-01
6.560318149999999626e-01
4.775260310000000175e-01
2.006743470000000029e-01
-3.122130700000000023e-02
5.165275820000000406e-01
2.433279230000000015e-01
3.039517010000000186e-01
4.050597209999999837e-01
5.612794469999999869e-01
2.761975790000000264e-01
4.646872670000000149e-01
6.815574020000000344e-01
5.286521180000000042e-01
4.781788430000000201e-01
8.690730880000000491e-01
6.456268149999999650e-01
2.024092999999999865e-01
6.089325420000000211e-01
8.414540640000000016e-01
4.775977670000000064e-01
8.070557640000000088e-01
6.935028260000000166e-01
3.627523380000000075e-01
-1.035612999999999898e-03
7.517252239999999697e-01
4.579338029999999726e-01
4.954227520000000218e-01
6.699521830000000344e-01
7.611926390000000042e-01
4.144957810000000076e-01
6.758725190000000049e-01
9.557095110000000115e-01
9.505701730000000182e-01
9.553096800000000499e-01
9.847138989999999481e-01
9.292730839999999715e-01
8.624596620000000158e-01
9.723920059999999754e-01
9.570077329999999716e-01
9.298849289999999712e-01
9.364787860000000075e-01
9.346171279999999637e-01
9.066414520000000143e-01
1.819765670000000057e-01
9.522301949999999460e-01
9.168523440000000413e-01
9.309116490000000077e-01
9.544065250000000056e-01
9.292453859999999510e-01
9.375567569999999629e-01
9.525751009999999797e-01
4.044713429999999832e-01
3.053531569999999862e-01
2.475629390000000096e-01
5.858910510000000516e-01
3.418737090000000256e-01
6.284849000000000685e-02
3.292967390000000050e-01
5.670528000000000235e-01
2.660156390000000259e-01
5.310822200000000493e-01
4.595240349999999974e-01
1.503693070000000076e-01
1.951787500000000050e-02
4.221120119999999809e-01
1.851508520000000046e-01
2.430249250000000028e-01
3.567488050000000022e-01
4.655913600000000097e-01
1.626727169999999945e-01
3.237404709999999741e-01
5.200242360000000286e-01
4.223806230000000106e-01
3.163910070000000019e-01
7.862665840000000461e-01
4.755932230000000094e-01
1.409206100000000017e-01
4.238048059999999784e-01
6.883743850000000331e-01
3.028004530000000250e-01
6.804517110000000146e-01
5.572728470000000156e-01
1.869724620000000059e-01
7.678713500000000636e-02
5.732946509999999884e-01
2.818740410000000196e-01
3.526564159999999726e-01
4.851063139999999829e-01
5.964269669999999746e-01
2.994085590000000185e-01
4.609685450000000073e-01
2.289357509999999929e-01
2.767189840000000012e-01
1.781862489999999910e-01
4.933935689999999763e-01
2.263991949999999975e-01
5.015952700000000236e-02
2.144267699999999888e-01
3.716235669999999880e-01
1.085568650000000024e-01
3.696138950000000256e-01
2.629616989999999932e-01
1.081414529999999985e-01
-8.204857699999999754e-02
2.737669609999999754e-01
1.504640180000000049e-01
1.599151460000000080e-01
2.152402929999999992e-01
3.247030980000000233e-01
1.401826029999999890e-01
2.137924860000000038e-01
-1.557650499999999917e-02
-6.751678499999999583e-02
-2.557609599999999955e-02
5.597771199999999892e-02
1.385267500000000006e-02
-4.592558800000000330e-02
-9.668985099999999333e-02
7.101523000000000210e-03
-7.084087899999999549e-02
4.165368199999999743e-02
1.411893799999999928e-02
-9.153291600000000583e-02
-1.356988909999999882e-01
-8.049659000000000675e-02
2.309226299999999829e-02
-1.599533910000000003e-01
-5.793860499999999719e-02
-6.023465000000000416e-03
-8.464166400000000534e-02
5.981482540000000458e-01
4.696589870000000277e-01
4.029682070000000227e-01
8.297403540000000133e-01
5.679412400000000138e-01
1.206496719999999995e-01
5.289618870000000195e-01
7.673510730000000502e-01
4.398099050000000010e-01
7.598487520000000162e-01
6.470096029999999887e-01
3.259148410000000107e-01
-9.682510399999999517e-02
6.866077000000000430e-01
3.126523210000000108e-01
4.385750640000000145e-01
5.768268850000000114e-01
7.321457139999999475e-01
3.552626509999999849e-01
5.935667329999999575e-01
6.930968870000000503e-01
5.530403739999999457e-01
5.085168410000000527e-01
8.891888959999999509e-01
6.782611069999999742e-01
3.101729679999999933e-01
6.316325250000000002e-01
8.258258779999999577e-01
5.069561289999999776e-01
8.007942689999999475e-01
6.890094660000000149e-01
3.754582169999999830e-01
-6.229728999999999822e-03
7.220787389999999695e-01
4.105620289999999950e-01
5.203546209999999617e-01
6.620453720000000208e-01
7.530892879999999678e-01
4.505092509999999995e-01
6.721993819999999564e-01
4.230817969999999817e-01
3.071372319999999823e-01
2.963365780000000171e-01
7.000601600000000424e-01
3.859362020000000060e-01
8.300501400000000196e-02
4.122295120000000201e-01
6.330072789999999783e-01
2.748392390000000129e-01
6.118126040000000376e-01
4.281887140000000258e-01
1.636938579999999976e-01
-7.086117999999999584e-02
4.645429799999999942e-01
2.328840349999999892e-01
2.574035809999999924e-01
4.152578029999999809e-01
5.446584570000000403e-01
2.148245129999999947e-01
4.186555510000000146e-01
4.650772160000000155e-01
4.295872980000000063e-01
3.211160060000000094e-01
7.465927289999999550e-01
4.463504249999999951e-01
4.663787360000000159e-01
4.101806279999999916e-01
6.898541630000000202e-01
3.257747509999999735e-01
6.543697510000000550e-01
5.245401610000000048e-01
2.357763119999999879e-01
1.300687700000000002e-01
5.285807169999999777e-01
2.290810630000000014e-01
3.357601780000000202e-01
4.553314390000000045e-01
5.847795070000000317e-01
3.283658269999999990e-01
4.775976730000000003e-01
6.634556329999999891e-01
5.385307620000000517e-01
4.391560660000000116e-01
8.637782489999999980e-01
6.259833240000000076e-01
1.845056929999999984e-01
6.080924810000000180e-01
8.390688859999999583e-01
5.392385480000000397e-01
7.969850979999999474e-01
6.942534740000000371e-01
3.919795699999999994e-01
5.910095900000000152e-02
7.303916689999999656e-01
3.854866430000000177e-01
4.939099559999999833e-01
6.294271059999999585e-01
7.715570139999999855e-01
3.807496470000000244e-01
6.437845859999999920e-01
2.683309369999999916e-01
1.959191949999999904e-01
5.120747030000000199e-01
3.123694679999999835e-01
3.319225599999999776e-01
2.102624439999999928e-01
4.675939210000000235e-01
2.087353710000000029e-01
4.545729430000000071e-01
3.152090819999999738e-01
3.688757750000000168e-01
4.816434999999999987e-03
5.024726999999999943e-01
1.855740859999999992e-01
1.929398410000000008e-01
2.880870420000000154e-01
4.718653879999999967e-01
6.682008600000000076e-02
3.053496430000000039e-01
4.545762760000000013e-01
3.514544909999999800e-01
3.175447519999999857e-01
7.257864539999999698e-01
4.723636310000000060e-01
5.489963199999999682e-02
4.177925630000000057e-01
6.697510949999999630e-01
4.200709200000000143e-01
6.459890499999999536e-01
4.970386279999999823e-01
2.049540850000000081e-01
4.907379500000000339e-02
6.022762529999999837e-01
2.781048030000000115e-01
3.435029629999999945e-01
4.489814830000000145e-01
5.997465659999999810e-01
2.587156700000000087e-01
4.692587939999999791e-01
3.449582339999999747e-01
4.142723990000000134e-01
2.493875600000000081e-01
6.227529099999999929e-01
3.385926730000000107e-01
5.177498099999999770e-02
3.127496679999999807e-01
5.879882530000000163e-01
2.729563420000000185e-01
5.456636190000000441e-01
3.906467249999999725e-01
3.091374800000000131e-02
3.887606299999999959e-01
2.096555890000000033e-01
2.995107659999999838e-01
3.552419949999999771e-01
4.885768890000000142e-01
1.877689760000000041e-01
4.265251489999999923e-01
1.662513929999999973e-01
1.262569090000000005e-01
2.709942550000000172e-01
1.584549610000000053e-01
8.461228599999999489e-02
1.317034169999999893e-01
2.578228000000000186e-01
1.010854159999999974e-01
2.784896980000000077e-01
2.881595400000000126e-02
-8.028535999999999312e-03
4.168189900000000142e-02
2.242217280000000090e-01
1.113789599999999956e-02
1.346620789999999901e-01
1.773856159999999960e-01
2.148197960000000073e-01
1.131114549999999996e-01
1.114153370000000032e-01
3.153263179999999943e-01
5.260731600000000119e-02
8.458026999999999906e-03
1.542055439999999999e-01
4.441148699999999949e-02
-8.915795000000000664e-03
2.389100499999999988e-02
9.679686499999999583e-02
3.532225099999999895e-02
1.395425110000000080e-01
-4.168468300000000015e-02
2.562283599999999953e-02
1.014332299999999923e-02
1.055336909999999989e-01
6.720837200000000233e-02
1.669986000000000040e-02
2.610304100000000044e-02
1.016470980000000052e-01
4.743867950000000278e-01
7.414099100000000331e-02
3.002687479999999742e-01
4.531091800000000003e-01
1.984951759999999954e-01
5.399672170000000548e-01
3.493864890000000223e-01
-9.897359199999999912e-02
2.316720810000000019e-01
4.941348019999999841e-01
2.327515360000000089e-01
4.408344450000000192e-01
2.988795269999999782e-01
1.201496950000000008e-01
1.139589010000000013e-01
3.214078109999999877e-01
1.690729270000000117e-01
2.088064350000000124e-01
2.272046199999999960e-01
3.655914849999999938e-01
1.186804699999999962e-01
3.004380720000000005e-01
1.593555429999999884e-01
2.589308280000000018e-01
3.262921120000000230e-01
1.492665380000000042e-01
3.592576539999999818e-01
3.007936699999999922e-02
3.101268990000000114e-01
2.276210660000000108e-01
2.561220229999999765e-01
1.774003040000000087e-01
-8.105091100000000326e-02
1.732166219999999868e-01
8.304021699999999950e-02
9.856512100000000554e-02
1.879854820000000093e-01
1.802194059999999987e-01
9.732446599999999837e-02
2.132710539999999877e-01
5.288527900000000032e-02
6.416540399999999533e-02
-5.529364400000000290e-02
1.730880180000000101e-01
1.209088839999999943e-01
-1.075763140000000062e-01
1.012481489999999956e-01
1.555217879999999941e-01
1.247278789999999998e-01
1.292836629999999931e-01
7.164202999999999544e-02
5.961640599999999679e-02
2.526937300000000122e-02
3.015689499999999953e-02
1.397812979999999983e-01
6.547828199999999876e-02
5.215533900000000195e-02
1.179538559999999958e-01
1.863453190000000093e-01
1.448698999999999959e-01
2.906147570000000013e-01
4.861948660000000033e-01
1.977138750000000111e-01
5.345990219999999793e-01
2.546971729999999989e-01
5.510458499999999760e-02
1.901291230000000110e-01
5.507975029999999661e-01
1.050326689999999952e-01
4.165411729999999868e-01
2.873910920000000147e-01
1.546753190000000056e-01
2.987636800000000037e-02
3.314016300000000026e-01
7.125472600000000434e-02
2.287442409999999871e-01
2.382351259999999915e-01
4.900726479999999996e-01
8.745161599999999591e-02
2.916614960000000201e-01
4.817042269999999848e-01
3.375681500000000113e-01
3.775593280000000274e-01
7.241137189999999890e-01
4.344925539999999753e-01
9.233979400000000282e-02
4.301924369999999831e-01
6.833895970000000153e-01
2.838471830000000029e-01
6.470350110000000488e-01
4.341584450000000039e-01
4.279352100000000103e-01
-1.965007999999999859e-03
5.261592550000000479e-01
2.437548519999999941e-01
3.326927450000000119e-01
4.563504079999999852e-01
5.625448760000000270e-01
2.499930949999999985e-01
5.046929310000000113e-01
7.579037010000000407e-01
7.602451690000000539e-01
7.855880149999999729e-01
8.418846650000000320e-01
7.415946150000000126e-01
6.463371540000000248e-01
7.615924539999999743e-01
7.838961970000000168e-01
7.228230799999999512e-01
7.424714489999999500e-01
7.055876690000000284e-01
7.009332640000000003e-01
1.081222689999999931e-01
7.774817309999999537e-01
7.051644830000000086e-01
7.602734309999999995e-01
7.756862389999999996e-01
7.879940490000000297e-01
6.734155109999999667e-01
7.456971629999999962e-01
2.439786569999999877e-01
4.242724959999999990e-01
1.888283480000000070e-01
5.385566899999999491e-01
2.264485049999999944e-01
7.799072999999999423e-02
1.994899370000000061e-01
3.882028790000000007e-01
1.373735080000000053e-01
4.096896110000000091e-01
2.400040659999999881e-01
7.137939999999999563e-02
1.678572379999999920e-01
3.380318970000000256e-01
3.660513120000000176e-01
1.590559599999999962e-01
2.418008540000000095e-01
3.241042299999999932e-01
1.958859699999999926e-02
3.032154360000000048e-01
3.306167320000000243e-01
2.691226449999999937e-01
1.533571740000000128e-01
5.983861950000000096e-01
3.055862870000000120e-01
8.549686700000000417e-02
2.673433009999999777e-01
5.267048250000000431e-01
1.479330899999999893e-01
4.765928879999999923e-01
2.809482950000000145e-01
1.728842190000000056e-01
-8.794473499999999611e-02
4.097127489999999872e-01
1.560425920000000077e-01
1.936957059999999953e-01
3.479278279999999945e-01
4.110013290000000263e-01
1.568695979999999990e-01
3.471352129999999980e-01
1.399988369999999871e-01
3.542669560000000217e-01
8.897931500000000327e-02
2.152167409999999892e-01
4.923878899999999809e-02
-5.431521899999999792e-02
1.264863069999999923e-01
2.001765379999999872e-01
-7.243720999999999841e-03
1.525273239999999919e-01
8.681141200000000446e-02
-4.304048000000000422e-03
-8.930097600000000413e-02
2.188130500000000020e-02
3.390136590000000227e-01
7.987357300000000326e-02
1.651705639999999919e-01
1.415506189999999886e-01
1.388978700000000066e-01
1.004370569999999963e-01
2.513398899999999894e-02
-6.250643799999999750e-02
-6.849784999999999902e-02
4.124130799999999736e-02
-1.968990099999999924e-02
-1.911284900000000120e-02
-1.390925900000000021e-02
5.708108700000000257e-02
2.584378299999999865e-02
1.717941499999999996e-02
2.401310859999999936e-01
-2.361062099999999830e-02
3.429447999999999872e-03
-6.870387299999999864e-02
9.863337299999999641e-02
2.192610590000000081e-01
-5.849756899999999926e-02
-1.988874900000000071e-02
-7.451932099999999948e-02
3.928812340000000236e-01
2.819405660000000036e-01
2.672546740000000254e-01
6.587445990000000418e-01
4.200548860000000162e-01
-2.890409000000000034e-02
3.786743379999999992e-01
6.481783719999999471e-01
2.420106439999999970e-01
5.963892689999999996e-01
4.778131090000000136e-01
2.547416189999999747e-01
-9.194790299999999750e-02
4.998451689999999781e-01
2.624975509999999956e-01
3.775804609999999784e-01
4.465369510000000153e-01
5.178145979999999593e-01
2.656337160000000197e-01
4.392362439999999979e-01
4.494948449999999762e-01
3.267270999999999925e-01
3.166348749999999823e-01
7.184236389999999473e-01
4.698453329999999761e-01
7.888480800000000071e-02
3.593402130000000194e-01
5.983362810000000254e-01
2.769766679999999814e-01
5.772957690000000142e-01
4.599827340000000042e-01
2.211906409999999934e-01
-8.080284199999999972e-02
4.907105139999999865e-01
3.656429729999999823e-01
2.755372460000000134e-01
4.262040260000000136e-01
5.578454790000000330e-01
2.450363640000000065e-01
4.625704760000000082e-01
2.240291189999999988e-01
2.014339490000000010e-01
1.395415299999999970e-01
4.837241310000000016e-01
2.420717099999999955e-01
2.875870300000000004e-02
1.791497340000000049e-01
3.620281850000000023e-01
1.322161850000000138e-01
2.986276179999999836e-01
2.266724920000000032e-01
5.477971499999999966e-02
-5.001965099999999831e-02
1.956342600000000043e-01
2.578054200000000074e-01
1.290538149999999884e-01
2.068970029999999960e-01
2.943109199999999759e-01
6.278262699999999363e-02
2.259232690000000099e-01
2.406461560000000000e-01
2.136595330000000126e-01
4.925781700000000235e-02
5.428501319999999852e-01
2.422821280000000133e-01
4.152192400000000172e-02
2.357423899999999961e-01
4.649646949999999834e-01
1.472204490000000032e-01
4.190008230000000222e-01
3.179007899999999887e-01
1.233522600000000052e-01
5.040689300000000123e-02
3.012913930000000184e-01
9.501774200000000226e-02
1.586312659999999930e-01
2.658067550000000057e-01
3.543508639999999876e-01
1.591689990000000055e-01
2.876477119999999998e-01
4.062850760000000228e-01
4.188700920000000272e-01
2.866581959999999762e-01
6.952946669999999774e-01
3.650610879999999780e-01
1.752318250000000077e-01
3.215983740000000202e-01
6.267067689999999969e-01
2.599971549999999798e-01
5.396264459999999819e-01
5.021476759999999873e-01
4.646983390000000158e-01
3.892098299999999927e-02
4.700659990000000121e-01
2.079704990000000031e-01
3.258577149999999922e-01
3.819750250000000236e-01
5.083533569999999502e-01
1.081554839999999962e-01
3.912354310000000224e-01
1.992619260000000059e-01
1.270345619999999898e-01
5.871502709999999459e-01
6.529108200000000028e-02
4.195297399999999705e-02
3.106595750000000211e-01
3.640111719999999940e-01
-3.883037899999999820e-02
2.599430560000000057e-01
1.649281969999999986e-01
8.476373199999999442e-02
2.454911710000000080e-01
6.064313100000000289e-02
1.292215409999999953e-01
1.490135609999999888e-01
2.916167720000000241e-01
1.351794890000000138e-01
1.983528509999999967e-01
3.250665209999999972e-01
2.670423180000000007e-01
6.032311670000000126e-01
2.992462670000000102e-01
1.195423760000000057e-01
2.866069689999999892e-01
5.187864620000000038e-01
1.406082509999999897e-01
5.538712030000000341e-01
3.967030520000000005e-01
1.248660659999999978e-01
-4.785265500000000088e-02
4.085313859999999964e-01
1.828561599999999898e-01
1.954748719999999940e-01
3.185372040000000182e-01
3.994077959999999816e-01
4.732031839999999989e-01
3.698708849999999826e-01
9.608987629999999891e-01
9.143478200000000333e-01
9.329245419999999678e-01
9.790150530000000240e-01
9.332685349999999547e-01
8.194773050000000447e-01
9.281281329999999663e-01
9.476815480000000402e-01
9.512133369999999921e-01
9.584786509999999593e-01
9.218611300000000286e-01
9.158500939999999479e-01
1.940959750000000039e-01
9.666033339999999807e-01
9.407908729999999720e-01
9.523574369999999734e-01
9.561363950000000278e-01
9.668349099999999918e-01
8.977595069999999566e-01
9.307801559999999697e-01
9.317776159999999752e-01
8.995208019999999527e-01
9.298203430000000491e-01
9.739197059999999961e-01
9.254134809999999822e-01
7.048783990000000443e-01
9.252179130000000029e-01
9.221846270000000345e-01
9.173007730000000137e-01
9.477048179999999489e-01
8.748410220000000237e-01
8.448745579999999977e-01
1.146629229999999999e-01
9.156368150000000483e-01
9.050316090000000147e-01
9.176883289999999693e-01
9.082520560000000298e-01
9.282695199999999591e-01
8.706303800000000370e-01
9.154540239999999773e-01
6.962359030000000448e-01
5.810260160000000340e-01
4.915138450000000048e-01
9.374330090000000393e-01
7.176215440000000001e-01
1.882484729999999995e-01
7.062991079999999533e-01
8.427238160000000144e-01
5.337138179999999510e-01
8.464374580000000314e-01
7.385194109999999590e-01
4.280356799999999740e-01
-5.351564999999999794e-02
7.923186620000000069e-01
4.163718040000000120e-01
5.183185510000000162e-01
6.956494500000000025e-01
8.225086769999999659e-01
4.762259180000000258e-01
6.998379989999999884e-01
8.725736640000000266e-01
8.037086030000000214e-01
7.860507660000000119e-01
9.523940419999999962e-01
8.329800130000000191e-01
3.893305510000000247e-01
8.771955139999999540e-01
9.108776859999999642e-01
7.841956660000000134e-01
9.128410260000000553e-01
8.353972499999999801e-01
6.165145440000000532e-01
2.901840500000000059e-02
9.072093909999999761e-01
6.975267389999999512e-01
8.030449109999999724e-01
8.752744080000000038e-01
8.979842829999999942e-01
7.400770730000000297e-01
8.630038490000000451e-01
9.294566229999999818e-01
8.968715929999999670e-01
8.478665229999999831e-01
9.719212130000000061e-01
9.017095520000000253e-01
5.448999209999999538e-01
8.932473269999999799e-01
9.401437169999999899e-01
8.838683680000000153e-01
9.448559300000000105e-01
9.141169649999999480e-01
7.379023239999999983e-01
1.473324129999999954e-01
9.259647979999999778e-01
8.477511239999999670e-01
8.869217369999999878e-01
9.404817330000000419e-01
9.385574819999999985e-01
8.049111700000000091e-01
9.238994310000000487e-01
7.101009870000000168e-01
5.599034729999999849e-01
5.244927750000000222e-01
9.082317570000000284e-01
6.669177259999999885e-01
2.081919560000000113e-01
6.576252230000000365e-01
8.381362129999999633e-01
4.991535160000000193e-01
8.247545710000000474e-01
7.254655540000000125e-01
3.622916990000000226e-01
1.746125000000000064e-03
7.684674710000000131e-01
4.029663709999999899e-01
5.136493720000000485e-01
6.849054759999999575e-01
7.855886029999999964e-01
4.457498979999999777e-01
6.910299460000000060e-01
9.103321909999999573e-01
8.443720270000000250e-01
8.935513630000000429e-01
9.613625270000000222e-01
8.994787600000000438e-01
7.379714370000000079e-01
8.999373510000000520e-01
8.847878829999999972e-01
8.904152570000000155e-01
9.011510729999999691e-01
8.404855900000000046e-01
8.342234130000000247e-01
1.589790329999999918e-01
9.335874159999999478e-01
8.941883699999999546e-01
9.046780049999999518e-01
9.215121969999999774e-01
9.167165910000000251e-01
9.015035260000000550e-01
8.771647249999999785e-01
9.694322899999999743e-01
9.822704970000000202e-01
9.577515970000000101e-01
1.002126966000000063e+00
9.536436299999999644e-01
9.315432179999999507e-01
9.782417469999999948e-01
9.661176949999999986e-01
9.668161610000000072e-01
9.752153099999999464e-01
9.424673649999999459e-01
9.536220640000000470e-01
2.169822110000000082e-01
9.894147589999999770e-01
9.686629079999999892e-01
9.593842449999999689e-01
9.715265979999999635e-01
9.782797579999999993e-01
9.661636310000000227e-01
9.645025200000000298e-01
9.673764879999999788e-01
9.629204529999999540e-01
9.760406950000000137e-01
1.000000000000000000e+00
9.459005750000000212e-01
9.725636469999999756e-01
9.798843130000000068e-01
9.825461380000000133e-01
9.506093700000000091e-01
9.623488369999999570e-01
9.547009520000000471e-01
9.856123730000000416e-01
8.004216109999999773e-01
9.877943240000000014e-01
9.801378200000000485e-01
9.900903460000000100e-01
9.769910560000000244e-01
9.828014999999999946e-01
9.661574170000000183e-01
9.689514759999999782e-01
9.256513200000000552e-01
8.925831640000000400e-01
8.979067090000000251e-01
9.788693609999999934e-01
9.144966199999999823e-01
7.011022700000000274e-01
9.196872720000000001e-01
9.278485709999999553e-01
9.117970140000000168e-01
9.268940249999999548e-01
9.113891149999999719e-01
8.372928240000000466e-01
1.201069450000000066e-01
9.391780339999999949e-01
8.937715309999999524e-01
9.079266209999999893e-01
9.345990469999999606e-01
9.321472290000000216e-01
8.708478769999999924e-01
8.922203300000000059e-01
9.650183119999999892e-01
9.391292359999999784e-01
9.207231980000000204e-01
1.005947399000000075e+00
9.382755820000000524e-01
8.177355859999999588e-01
9.500848769999999943e-01
9.408225319999999892e-01
9.512140430000000091e-01
9.527502770000000343e-01
9.272427020000000297e-01
9.243946339999999928e-01
1.891155150000000118e-01
9.697128499999999596e-01
9.347881649999999487e-01
9.469170340000000463e-01
9.660266539999999846e-01
9.568393060000000006e-01
9.145571550000000105e-01
9.244449329999999687e-01
8.689587389999999800e-01
8.401488339999999555e-01
7.626424019999999970e-01
9.653899809999999526e-01
8.651988189999999523e-01
3.702540879999999812e-01
8.572317440000000177e-01
9.003518109999999464e-01
7.798603189999999685e-01
9.138972250000000352e-01
8.765895790000000076e-01
6.275405099999999958e-01
9.405378500000000086e-02
9.223812850000000507e-01
7.328161220000000142e-01
7.967368179999999578e-01
8.754518380000000377e-01
8.815078149999999724e-01
7.117657790000000428e-01
8.699747289999999467e-01
1.341962969999999922e-01
7.568249999999999977e-02
2.844070900000000152e-02
2.557675730000000258e-01
1.553111070000000038e-01
5.739695999999999687e-02
1.605455940000000137e-01
2.631401629999999825e-01
1.651662999999999881e-01
1.449715609999999988e-01
7.400821300000000325e-02
-2.008802100000000104e-02
6.119730999999999782e-02
9.573084900000000674e-02
1.919704190000000033e-01
9.859105799999999531e-02
1.654066190000000047e-01
-6.330390599999999313e-02
4.544072300000000231e-02
9.127066839999999903e-01
9.534381360000000472e-01
9.403492209999999574e-01
9.757400320000000349e-01
9.229561309999999574e-01
8.001755210000000007e-01
9.137418670000000409e-01
9.425140450000000225e-01
9.268619310000000278e-01
9.600096489999999649e-01
9.072264639999999547e-01
8.752607940000000086e-01
1.182287999999999950e-01
9.757559390000000166e-01
8.791027839999999705e-01
9.506583939999999622e-01
9.242933150000000042e-01
9.440465519999999833e-01
9.128708070000000063e-01
9.141937919999999496e-01
9.455413959999999785e-01
9.610141070000000063e-01
9.550258780000000502e-01
9.961730279999999604e-01
9.538508310000000101e-01
9.185696599999999545e-01
9.808263400000000187e-01
9.612543759999999660e-01
9.605656259999999502e-01
9.748252240000000457e-01
9.361459570000000285e-01
9.367344850000000056e-01
2.619845740000000256e-01
9.879251409999999511e-01
9.745878679999999683e-01
9.622685399999999500e-01
9.672324490000000496e-01
9.592659850000000432e-01
9.475933810000000124e-01
9.608658220000000361e-01
9.367257270000000080e-01
9.069847730000000219e-01
8.826551750000000141e-01
9.785150219999999566e-01
9.172520210000000285e-01
6.057244499999999698e-01
9.271503020000000372e-01
9.434809859999999659e-01
8.963432890000000430e-01
9.532501070000000132e-01
9.166596790000000050e-01
8.028668820000000039e-01
9.638915300000000519e-02
9.306048730000000546e-01
8.545522209999999452e-01
8.994497510000000196e-01
9.259055659999999577e-01
9.360832449999999527e-01
8.552969830000000107e-01
9.107807780000000131e-01
9.293226089999999662e-01
8.901112869999999733e-01
9.043994659999999852e-01
1.004218588000000079e+00
9.230830949999999646e-01
6.996612650000000322e-01
9.650395250000000091e-01
9.461500010000000183e-01
9.369044610000000217e-01
9.640824150000000259e-01
9.297064809999999735e-01
8.535596920000000365e-01
8.100615699999999531e-02
9.535026009999999497e-01
9.140812000000000381e-01
9.280419020000000296e-01
9.426407049999999677e-01
9.328128409999999482e-01
8.977294489999999572e-01
9.406487679999999685e-01
9.583957819999999739e-01
9.479327589999999581e-01
9.276539280000000165e-01
9.864959159999999727e-01
9.387309900000000429e-01
8.858655199999999619e-01
9.640689510000000073e-01
9.645193229999999840e-01
9.587410170000000287e-01
9.616126440000000164e-01
9.248518980000000056e-01
9.189769549999999843e-01
1.971021229999999902e-01
9.520458630000000477e-01
9.526689149999999495e-01
9.444664959999999887e-01
9.560170620000000286e-01
9.687238710000000141e-01
9.166987880000000422e-01
9.368238319999999675e-01
9.048075939999999928e-01
8.793721989999999655e-01
8.577061599999999952e-01
1.017502225000000093e+00
8.988794709999999855e-01
6.591791129999999832e-01
8.935819149999999489e-01
9.161912370000000472e-01
9.107357780000000513e-01
9.402436520000000408e-01
8.863337009999999738e-01
7.907217699999999905e-01
1.158646819999999966e-01
9.383958629999999967e-01
8.796543940000000061e-01
8.795806579999999597e-01
9.128728350000000491e-01
9.160413809999999879e-01
8.122537220000000113e-01
8.950456060000000491e-01
9.544781460000000273e-01
9.665211009999999936e-01
9.327776690000000315e-01
1.000228969999999995e+00
9.233676029999999813e-01
8.107747880000000240e-01
9.420291779999999671e-01
9.477065620000000301e-01
9.486378349999999848e-01
9.685574219999999457e-01
9.306204510000000152e-01
8.804524790000000101e-01
1.457731230000000044e-01
9.777078200000000052e-01
9.309126239999999664e-01
9.422137250000000019e-01
9.598770009999999520e-01
9.523997210000000324e-01
8.987679440000000408e-01
9.136513010000000268e-01
8.016416589999999509e-01
6.759946150000000209e-01
7.428187490000000004e-01
9.305571590000000226e-01
7.731854439999999995e-01
2.467988829999999967e-01
7.727647709999999615e-01
9.001020589999999544e-01
6.497264950000000150e-01
8.563456910000000200e-01
7.851247190000000264e-01
4.338967120000000177e-01
8.583801999999999752e-03
8.481985770000000091e-01
5.379668709999999576e-01
6.509883739999999808e-01
7.759786119999999565e-01
8.574070339999999568e-01
5.982004739999999821e-01
8.038078269999999748e-01
7.172591950000000161e-01
6.004043310000000133e-01
5.125445039999999564e-01
8.956038010000000327e-01
6.757013809999999898e-01
1.453398589999999879e-01
6.278926329999999778e-01
8.175886690000000456e-01
5.329409480000000254e-01
8.189288860000000225e-01
6.697685340000000265e-01
3.370590179999999880e-01
-1.358013299999999944e-02
7.576957869999999540e-01
3.907846759999999975e-01
5.642689650000000112e-01
6.792738990000000143e-01
8.008176120000000120e-01
3.747621999999999898e-01
6.741153309999999843e-01
2.747171310000000033e-01
1.850496219999999969e-01
1.287413850000000137e-01
2.049656370000000061e-01
-6.803787699999999661e-02
1.913885919999999963e-01
4.144090109999999938e-01
1.479990039999999896e-01
3.425928420000000085e-01
4.415517150000000113e-01
1.639188470000000064e-01
3.981105169999999971e-01
2.653251750000000242e-01
1.240482489999999993e-01
2.691162770000000148e-01
3.566244729999999974e-01
4.691076339999999956e-01
6.868196199999999918e-02
2.222035440000000028e-01
6.265715670000000515e-01
4.536673370000000038e-01
4.547668329999999814e-01
8.691734789999999711e-01
5.491683640000000199e-01
2.676647400000000121e-01
5.417629999999999946e-01
7.472866719999999852e-01
4.363738260000000202e-01
7.502143430000000057e-01
6.799100099999999536e-01
2.374955509999999992e-01
-8.910971900000000390e-02
6.652493430000000485e-01
3.920615049999999768e-01
3.989048620000000267e-01
6.064215280000000430e-01
7.324316010000000432e-01
3.862856499999999804e-01
6.723858729999999673e-01
4.717053090000000171e-01
3.234304339999999889e-01
2.868076219999999843e-01
7.163214150000000169e-01
3.812038719999999992e-01
6.671111999999999875e-03
3.463914370000000242e-01
6.312453930000000435e-01
2.296343929999999922e-01
5.769889150000000466e-01
4.215449330000000105e-01
1.481327239999999934e-01
1.598204500000000028e-02
5.166555889999999707e-01
1.894755300000000031e-01
2.857270519999999814e-01
3.634143409999999741e-01
5.508945659999999744e-01
1.516589520000000135e-01
4.005980789999999958e-01
2.013615910000000064e-01
1.133182110000000020e-01
1.624525870000000094e-01
4.203651869999999735e-01
2.217602310000000021e-01
5.587019199999999908e-02
1.693362840000000036e-01
3.421378889999999728e-01
1.917418090000000130e-01
3.378805309999999840e-01
3.622481069999999859e-01
1.784513100000000019e-02
5.575330500000000300e-02
3.478512639999999934e-01
2.828282000000000018e-02
1.960029640000000017e-01
2.130082010000000081e-01
3.094743910000000153e-01
8.484442100000000320e-02
1.936185669999999914e-01
6.771578010000000036e-01
5.874361879999999703e-01
8.513112889999999711e-01
6.555674059999999637e-01
2.065399139999999911e-01
7.206106899999999982e-01
7.732614530000000430e-01
5.250339280000000386e-01
7.890820790000000473e-01
6.740888830000000276e-01
2.756900480000000209e-01
2.771967300000000023e-02
7.458807170000000264e-01
4.221589590000000003e-01
5.012368710000000283e-01
6.625300450000000119e-01
7.614157369999999814e-01
4.257044750000000266e-01
6.719877440000000535e-01
8.598356010000000049e-01
8.399393640000000216e-01
7.765552869999999830e-01
9.598429309999999548e-01
8.499035719999999960e-01
3.650523760000000117e-01
8.376070629999999850e-01
9.312608039999999976e-01
7.690265630000000519e-01
9.116222069999999622e-01
8.634414480000000003e-01
5.984756759999999565e-01
1.381476160000000009e-01
8.795595760000000096e-01
6.399112810000000540e-01
7.743434209999999762e-01
8.667568270000000075e-01
9.011944229999999667e-01
6.631016459999999890e-01
8.776805450000000342e-01
9.595657260000000077e-01
9.417108379999999945e-01
9.723481269999999510e-01
9.930607009999999901e-01
9.535982689999999984e-01
9.155690920000000288e-01
9.716386320000000021e-01
9.557598579999999622e-01
9.342872719999999465e-01
9.524440539999999844e-01
9.356673699999999982e-01
9.716940360000000387e-01
3.492940860000000036e-01
9.812755189999999850e-01
9.625673329999999694e-01
9.527488560000000328e-01
9.599019739999999912e-01
9.445404149999999666e-01
9.600923460000000409e-01
9.747915289999999899e-01
6.732064559999999531e-01
5.443714779999999642e-01
5.210168149999999665e-01
8.645195089999999638e-01
6.245306640000000131e-01
1.375216730000000109e-01
6.081374430000000553e-01
8.151989339999999862e-01
4.902092189999999738e-01
7.735338569999999914e-01
6.660129500000000480e-01
3.377035569999999876e-01
-3.055488400000000090e-02
7.404792629999999987e-01
3.756988250000000140e-01
4.777518290000000167e-01
6.183115340000000515e-01
7.570403559999999699e-01
3.447360130000000078e-01
6.284130260000000412e-01
7.560498629999999887e-01
6.593183209999999850e-01
5.660652750000000344e-01
9.047127689999999722e-01
6.834027320000000127e-01
1.871839419999999921e-01
6.968236949999999652e-01
8.430915919999999453e-01
5.750227620000000206e-01
8.596734719999999941e-01
7.865506340000000263e-01
4.540377910000000239e-01
6.459173499999999735e-02
8.271419309999999969e-01
5.172267619999999511e-01
5.813056540000000050e-01
7.347606679999999502e-01
8.499105049999999828e-01
4.881929870000000227e-01
7.630785909999999728e-01
3.532696410000000231e-01
2.725974500000000189e-01
2.840312220000000276e-01
6.323933489999999935e-01
3.471364869999999936e-01
1.406239740000000127e-01
3.290751160000000008e-01
5.796002559999999804e-01
1.985728489999999957e-01
5.386196840000000430e-01
4.099530519999999845e-01
1.312194909999999937e-01
-5.506229999999999762e-04
4.223792860000000204e-01
2.071330999999999867e-01
3.226660109999999748e-01
3.428363440000000151e-01
4.605891280000000143e-01
3.268731089999999950e-01
3.521278210000000075e-01
-1.153255599999999936e-02
1.153050400000000045e-02
-2.954237200000000077e-02
8.212422799999999357e-02
-2.214918600000000126e-02
-1.308957399999999965e-02
8.752582100000000365e-02
2.503377500000000117e-02
2.202307800000000149e-02
7.300268199999999930e-02
7.593850000000000079e-03
-8.560293000000000069e-03
4.617559100000000194e-02
1.146070329999999970e-01
2.358510399999999910e-02
7.307274199999999609e-02
2.671047129999999936e-01
5.657080200000000336e-02
-3.832030599999999843e-02
-1.514203899999999950e-02
7.804395870000000457e-01
7.008148969999999922e-01
6.320929690000000045e-01
8.629255179999999470e-01
7.235945299999999580e-01
2.312199550000000048e-01
7.305983539999999499e-01
8.545280560000000358e-01
6.512759719999999808e-01
8.516830579999999928e-01
7.512495550000000133e-01
4.417584469999999985e-01
-1.673744309999999902e-01
8.219126780000000076e-01
5.179663829999999747e-01
6.552634510000000523e-01
7.707272450000000052e-01
8.251845799999999453e-01
5.179371860000000494e-01
7.634249650000000109e-01
8.480183639999999690e-01
7.970647640000000367e-01
7.492652990000000512e-01
9.575053289999999606e-01
8.243746410000000191e-01
3.626952849999999784e-01
8.468863340000000184e-01
8.905560329999999691e-01
7.986866489999999708e-01
8.989480340000000069e-01
8.514576539999999527e-01
6.079601679999999675e-01
-1.653806000000000069e-03
9.032099700000000286e-01
7.017764239999999543e-01
7.741031179999999789e-01
8.561942289999999733e-01
8.862836710000000506e-01
7.419958920000000457e-01
8.507594299999999832e-01
6.394607159999999846e-01
4.958379680000000178e-01
4.466468430000000156e-01
8.535697220000000307e-01
6.005987480000000156e-01
1.434136299999999864e-01
5.734638699999999867e-01
7.902455069999999582e-01
4.105029749999999922e-01
7.806419129999999651e-01
6.467133099999999857e-01
2.786646469999999876e-01
1.443849699999999979e-02
7.124156870000000197e-01
3.314855259999999748e-01
4.230597540000000101e-01
5.804521390000000336e-01
7.202967150000000318e-01
3.207742190000000271e-01
6.092511280000000307e-01
6.733135569999999515e-01
5.590094140000000378e-01
4.947870010000000041e-01
8.721238860000000148e-01
6.681221059999999934e-01
1.543797110000000028e-01
6.433873279999999806e-01
8.149457420000000285e-01
5.116789480000000223e-01
8.003519930000000393e-01
7.034850110000000489e-01
3.393653580000000058e-01
2.550801200000000005e-02
7.460198369999999635e-01
4.286336609999999991e-01
5.289024049999999644e-01
6.835197069999999764e-01
7.695059800000000338e-01
4.494386450000000255e-01
6.871255720000000178e-01
7.971050650000000015e-01
7.539584070000000526e-01
7.480312719999999693e-01
9.605500559999999854e-01
7.874215829999999805e-01
3.237474029999999892e-01
7.897239320000000173e-01
9.222815070000000004e-01
7.102992139999999566e-01
8.928092229999999851e-01
8.316459200000000385e-01
5.183126279999999975e-01
5.500647499999999912e-02
8.680058290000000065e-01
6.107134010000000446e-01
7.066524680000000336e-01
8.216372699999999751e-01
8.780977949999999588e-01
6.200883790000000229e-01
7.937227190000000210e-01
4.574169559999999857e-01
3.860209589999999968e-01
3.508322529999999828e-01
7.742935130000000443e-01
4.559713730000000131e-01
-2.983999000000000200e-03
4.007031389999999860e-01
6.868973250000000030e-01
3.104617780000000216e-01
6.356899830000000140e-01
4.856517200000000090e-01
2.655420989999999759e-01
-3.578744999999999930e-03
5.634037490000000092e-01
2.587601010000000201e-01
3.231499429999999951e-01
4.463566609999999879e-01
6.167499990000000487e-01
4.415470630000000174e-01
7.132855049999999864e-01
6.410899880000000550e-01
6.287917229999999691e-01
9.377821060000000042e-01
7.256521190000000399e-01
1.538639230000000135e-01
6.975139310000000314e-01
8.705939440000000085e-01
5.786335280000000081e-01
8.440618930000000075e-01
7.659469639999999524e-01
3.404215079999999838e-01
-1.022836750000000045e-01
7.934458239999999662e-01
4.482337290000000252e-01
5.612672600000000456e-01
7.270176739999999471e-01
7.955133389999999860e-01
4.374113330000000133e-01
7.278133300000000361e-01
3.357520159999999865e-01
3.109082459999999992e-01
2.411908989999999864e-01
5.683598920000000332e-01
3.516899680000000195e-01
5.643584599999999785e-02
3.097663970000000266e-01
5.668742829999999788e-01
3.060553349999999839e-01
4.845179849999999844e-01
3.538306460000000264e-01
1.490687810000000113e-01
-6.961085799999999768e-02
3.939741139999999864e-01
2.612841439999999960e-01
2.635749789999999870e-01
3.363400480000000026e-01
4.287539899999999737e-01
1.774452639999999914e-01
3.454225650000000147e-01
2.467036920000000022e-01
7.131500000000000339e-02
1.092162210000000022e-01
4.143028979999999750e-01
2.283098759999999949e-01
-4.954103800000000252e-02
1.283393730000000066e-01
4.005959960000000097e-01
2.022906349999999964e-01
3.053222589999999848e-01
2.617690690000000209e-01
-3.502994799999999825e-02
2.884890090000000185e-01
1.393060319999999963e-01
1.160893509999999934e-01
2.178266010000000086e-01
2.893482720000000175e-01
1.196965309999999949e-01
2.040406449999999927e-01
7.002189699999999961e-02
6.310568799999999312e-02
1.813882009999999989e-01
2.763745999999999911e-02
-9.639543999999999890e-03
4.430936299999999745e-02
1.330655440000000078e-01
3.419763599999999654e-02
2.239577610000000052e-01
1.061268570000000050e-01
7.603196999999999907e-03
5.249740999999999609e-03
2.135676800000000167e-02
1.126250429999999941e-01
-2.624539000000000039e-02
3.363635499999999973e-02
8.826221300000000602e-02
2.073424800000000026e-02
2.631858619999999926e-01
2.374272849999999879e-01
3.001978390000000219e-01
2.655710030000000277e-01
4.774966350000000026e-01
2.290632920000000017e-01
4.474003089999999960e-01
2.313954460000000046e-01
1.274841830000000009e-01
1.881923200000000171e-02
3.500740290000000088e-01
2.040159420000000057e-01
2.559501109999999802e-01
3.120448900000000192e-01
3.751510820000000246e-01
2.760524540000000027e-01
3.114946040000000083e-01
1.935439850000000017e-01
5.536532300000000101e-02
3.105802670000000210e-01
1.093291720000000022e-01
-3.912273899999999666e-02
9.031379700000000121e-02
2.823830990000000263e-01
-2.283577999999999997e-02
1.848818389999999923e-01
9.012442199999999570e-02
-1.935024999999999940e-03
-3.520168199999999803e-02
8.027931500000000387e-02
4.145162000000000152e-02
4.924918500000000088e-02
1.411094860000000062e-01
1.967610559999999897e-01
5.377617700000000139e-02
1.404830960000000017e-01
3.102478700000000159e-02
1.018228870000000008e-01
-1.112423190000000062e-01
1.871296869999999890e-01
5.310151700000000086e-02
-7.238107800000000147e-02
2.310797300000000040e-02
3.235676889999999917e-01
8.081838199999999417e-02
1.015469509999999964e-01
8.661776300000000040e-02
2.373885069999999986e-01
-1.996003199999999908e-02
4.678564800000000190e-01
5.034239799999999654e-02
2.439956600000000100e-02
7.915013499999999647e-02
3.268771000000000176e-02
3.080422500000000105e-02
1.626871400000000009e-02
3.114573529999999923e-01
1.351932979999999895e-01
1.690024539999999964e-01
4.762113150000000239e-01
2.115534420000000082e-01
3.772541100000000036e-02
3.836719670000000026e-01
4.785340000000000149e-01
1.002380489999999957e-01
3.652234520000000040e-01
2.848246999999999862e-01
1.988191009999999981e-01
-4.741374500000000020e-02
4.930638399999999755e-01
1.302924380000000104e-01
1.262292170000000047e-01
2.428952020000000045e-01
3.354484569999999777e-01
1.571622759999999897e-01
2.805011559999999737e-01
4.011442780000000208e-01
2.991904930000000018e-01
3.376772740000000272e-01
6.669152630000000359e-01
3.820287270000000124e-01
1.223062040000000017e-01
4.545727649999999898e-01
6.636364949999999929e-01
3.077908610000000267e-01
5.540005890000000432e-01
4.074838139999999997e-01
1.027159799999999984e-01
-7.729626800000000131e-02
4.812466730000000137e-01
2.966596550000000221e-01
3.169437299999999791e-01
4.107655689999999971e-01
4.902387180000000177e-01
9.777307600000000043e-02
3.806014469999999816e-01
9.228884600000000216e-01
8.805505630000000084e-01
9.188358429999999855e-01
9.703933460000000455e-01
8.914803999999999506e-01
7.483320850000000357e-01
9.288285520000000295e-01
9.310415480000000521e-01
8.993583539999999710e-01
9.232648049999999662e-01
8.929553890000000438e-01
8.459921249999999837e-01
1.346354670000000087e-01
9.189282739999999894e-01
8.896594599999999575e-01
9.264305910000000255e-01
9.216341869999999936e-01
9.334538789999999864e-01
8.603819379999999573e-01
9.115770779999999851e-01
1.692670779999999875e-01
1.380450659999999941e-01
1.507021119999999992e-01
3.859115200000000079e-01
1.682355650000000036e-01
9.813820700000000508e-02
1.918893809999999978e-01
3.736289700000000047e-01
1.304485960000000000e-01
2.756013199999999830e-01
3.262779670000000021e-01
1.129089179999999970e-01
3.828849000000000054e-03
3.120566550000000161e-01
6.667169500000000304e-02
1.451192819999999883e-01
2.517038149999999974e-01
2.631161370000000277e-01
7.864434600000000386e-02
2.928951559999999898e-01
3.544545430000000108e-01
3.058039140000000100e-01
1.809356900000000101e-01
6.151121950000000282e-01
2.572570739999999745e-01
5.687232799999999977e-02
2.171094660000000010e-01
4.481754729999999909e-01
1.554585420000000051e-01
4.807422760000000239e-01
2.987667999999999990e-01
1.203244380000000058e-01
-5.451498899999999981e-02
3.127739429999999987e-01
1.213630730000000019e-01
2.677156660000000188e-01
2.320170799999999867e-01
3.603967820000000266e-01
1.575844060000000102e-01
2.547429429999999995e-01
3.111400020000000266e-01
3.051832999999999976e-02
2.839576499999999989e-02
2.571119310000000158e-01
1.351046909999999990e-01
-1.340333699999999954e-02
1.641105699999999973e-02
1.566636240000000013e-01
1.021374179999999937e-01
2.074598480000000023e-01
1.788236790000000132e-01
-5.437507000000000278e-03
8.391660999999999912e-03
1.301346999999999920e-01
9.485009699999999433e-02
9.295577500000000437e-02
9.515857199999999683e-02
1.767040370000000082e-01
5.135547900000000249e-02
1.387342799999999876e-01
-4.473563299999999687e-02
-5.840024099999999857e-02
-3.521265700000000137e-02
1.380097999999999915e-02
-9.105915900000000063e-02
-5.354706199999999944e-02
3.457947599999999788e-02
7.345124100000000045e-02
1.857391459999999939e-01
-1.834052039999999884e-01
7.022106000000000181e-03
-7.062461899999999959e-02
9.736902000000000404e-03
-8.112156099999999481e-02
7.365709600000000523e-02
-4.800398699999999796e-02
-6.047440500000000191e-02
7.607423999999999784e-03
-1.826348499999999944e-02
3.945759690000000264e-01
2.688156460000000192e-01
2.878131250000000030e-01
6.071313350000000497e-01
3.948988640000000161e-01
6.076014700000000046e-02
4.240550989999999909e-01
5.669443349999999660e-01
2.869641519999999724e-01
5.026612080000000260e-01
3.631166809999999967e-01
1.440014950000000071e-01
-3.299977400000000255e-02
6.602669009999999616e-01
1.801634609999999970e-01
2.893644209999999828e-01
3.673109439999999726e-01
4.788873109999999822e-01
2.210071849999999949e-01
3.845342480000000229e-01
4.447160450000000043e-01
3.580069049999999864e-01
4.153877510000000273e-01
6.762811359999999494e-01
4.558626769999999939e-01
1.077980709999999953e-01
3.901004120000000075e-01
6.524359039999999554e-01
3.167651160000000132e-01
6.345119190000000353e-01
4.885956390000000260e-01
2.117227389999999931e-01
-4.586280400000000007e-02
5.119587370000000526e-01
2.822386020000000051e-01
2.907076210000000271e-01
4.157558670000000012e-01
5.655171169999999581e-01
3.025887520000000164e-01
5.047093470000000304e-01
2.507112759999999829e-01
1.199138170000000059e-01
4.685150579999999843e-01
4.503769249999999835e-01
2.011276790000000037e-01
5.356567000000000273e-02
1.987503640000000127e-01
3.435838110000000167e-01
2.175203139999999924e-01
3.240674619999999728e-01
2.693583600000000189e-01
1.106138869999999941e-01
3.024742199999999950e-02
2.474093619999999938e-01
7.203002399999999805e-02
2.105117260000000101e-01
1.771528390000000064e-01
3.203467749999999725e-01
8.463438700000000536e-02
2.194409210000000110e-01
2.905117249999999984e-01
2.291334929999999936e-01
1.833867600000000098e-01
4.694785650000000143e-01
2.726882629999999863e-01
5.977164699999999720e-02
2.040240939999999892e-01
4.225325839999999888e-01
1.761669999999999903e-01
3.977120339999999921e-01
3.015677440000000264e-01
1.341188849999999932e-01
-3.667298699999999717e-02
3.495939730000000023e-01
8.955246399999999829e-02
1.559489699999999923e-01
2.163088049999999929e-01
4.028205970000000025e-01
1.725043199999999888e-01
3.117873070000000135e-01
3.527064050000000006e-01
2.688358049999999833e-01
2.453894819999999921e-01
6.070747869999999491e-01
3.250816879999999798e-01
9.173374600000000489e-02
2.890837499999999727e-01
5.343243629999999689e-01
2.731596459999999782e-01
4.822119369999999794e-01
3.540448429999999980e-01
2.056228950000000000e-01
-1.862227899999999853e-02
3.844397600000000192e-01
1.329345100000000057e-01
2.263181099999999890e-01
3.332805220000000235e-01
4.361429050000000252e-01
1.876296430000000126e-01
3.290059160000000094e-01
3.017582549999999753e-01
1.635021809999999964e-01
1.764461609999999903e-01
4.816163010000000244e-01
2.039274450000000127e-01
1.234696309999999964e-01
1.563992050000000134e-01
3.328676709999999761e-01
1.640129339999999991e-01
4.013451920000000173e-01
1.949715079999999878e-01
1.879639889999999980e-01
2.774401140000000154e-01
1.242954919999999935e-01
1.071999450000000048e-01
2.347294329999999873e-01
2.782362990000000202e-01
1.082721900000000077e-02
3.525575109999999901e-01
2.972878680000000107e-01
3.800500569999999967e-01
1.373829289999999870e-01
5.219235500000000139e-01
2.669443899999999759e-01
1.485241999999999951e-01
2.653545669999999856e-01
4.418467010000000084e-01
1.951624949999999914e-01
3.801846170000000025e-01
2.880255039999999878e-01
1.210506890000000030e-01
-4.430186800000000119e-02
4.113525829999999939e-01
1.799574589999999863e-01
2.422905599999999882e-01
2.695204030000000195e-01
4.217224849999999803e-01
1.049476959999999931e-01
2.433997210000000133e-01
3.174705219999999772e-01
2.181524529999999962e-01
2.270113129999999924e-01
5.614619859999999685e-01
3.733705339999999762e-01
8.390631299999999626e-02
3.326225970000000198e-01
5.581756110000000159e-01
2.123189719999999947e-01
4.667766910000000213e-01
3.074320260000000249e-01
7.833752600000000454e-02
-4.271662600000000060e-02
3.524452739999999751e-01
1.215900399999999965e-01
1.913333389999999912e-01
3.100887869999999769e-01
4.093514300000000161e-01
1.122720799999999963e-01
3.565235270000000067e-01
1.915035489999999951e-01
2.448832029999999937e-01
1.752002199999999899e-01
4.204920400000000114e-01
2.069081710000000018e-01
5.043916500000000108e-02
2.115873030000000043e-01
3.339300339999999867e-01
1.199366560000000026e-01
3.214247370000000159e-01
2.136555450000000023e-01
3.581366599999999956e-01
-1.130324000000000086e-02
3.134789390000000120e-01
8.024702000000000224e-02
9.899288100000000479e-02
1.283442190000000094e-01
3.738000559999999917e-01
3.776510999999999757e-02
1.685627700000000007e-01
-6.668964000000000315e-03
1.430157679999999876e-01
-1.217724079999999987e-01
7.852914499999999465e-02
1.078446700000000036e-01
-9.228010400000000168e-02
1.868858899999999851e-02
1.145157210000000009e-01
2.241017299999999851e-02
4.833574999999999677e-03
-3.049965099999999915e-02
1.614135800000000148e-02
1.491199600000000028e-02
7.673484899999999387e-02
6.210672999999999888e-03
-1.132554300000000042e-02
5.489864500000000286e-02
1.705765999999999880e-02
-3.028372099999999956e-02
5.852377100000000221e-02
2.883925689999999875e-01
2.189271389999999928e-01
1.600237760000000065e-01
5.443025649999999604e-01
3.254661180000000265e-01
9.026086399999999621e-02
2.153246119999999986e-01
4.342716580000000048e-01
1.739279619999999915e-01
4.102560880000000187e-01
3.193169189999999769e-01
6.930475399999999619e-02
-4.413994599999999935e-02
3.331760080000000235e-01
2.596869110000000203e-01
1.439109939999999865e-01
2.831355010000000116e-01
3.400468179999999729e-01
9.720965800000000434e-02
2.818751870000000270e-01
2.277013390000000026e-01
3.642374999999999780e-02
1.213273990000000024e-01
2.046597239999999873e-01
1.434763870000000108e-01
9.441380400000000395e-02
8.330220800000000259e-02
1.833735509999999957e-01
8.811942500000000122e-02
3.116632930000000079e-01
7.983465200000000594e-02
-1.590722699999999948e-02
1.082494300000000007e-02
7.843385799999999519e-02
3.969984099999999960e-02
8.141373000000000359e-02
2.491131179999999945e-01
1.805163750000000067e-01
9.601019000000000567e-03
8.562168600000000240e-02
1.156760079999999968e-01
1.385370180000000118e-01
2.317647600000000141e-02
1.106980340000000007e-01
9.040455299999999861e-02
3.790044199999999947e-02
1.141681110000000027e-01
1.014063060000000016e-01
-1.042036200000000072e-02
1.291545319999999886e-01
8.452036500000000008e-02
6.105106800000000000e-02
4.458341400000000176e-02
1.410791999999999905e-03
2.332897999999999916e-03
2.812331999999999853e-03
4.208231300000000313e-02
3.497783599999999826e-02
7.618971300000000613e-02
5.923235599999999990e-02
2.402106300000000083e-01
1.518812999999999969e-01
1.633392670000000102e-01
3.635682359999999891e-01
1.845187409999999861e-01
-2.652853000000000155e-03
1.769294339999999965e-01
3.235367809999999955e-01
1.735152450000000124e-01
3.251259060000000201e-01
2.421307259999999906e-01
7.770195900000000100e-02
4.962709800000000143e-02
2.662066479999999902e-01
5.528248999999999663e-02
1.387925580000000103e-01
2.402830529999999964e-01
2.847835839999999785e-01
7.518986499999999462e-02
2.449888410000000127e-01
3.857555570000000267e-01
3.013253340000000002e-01
2.575354950000000032e-01
6.553171030000000119e-01
3.805327560000000275e-01
1.697454799999999903e-02
3.287040319999999793e-01
5.875901460000000354e-01
2.420740409999999898e-01
5.569615239999999856e-01
3.732152069999999933e-01
2.961944389999999760e-01
-2.930794999999999928e-03
4.353606669999999790e-01
2.276226159999999998e-01
2.505599379999999821e-01
4.236855110000000146e-01
4.846974130000000214e-01
3.177869839999999946e-01
3.765336730000000132e-01
8.795247099999999874e-01
8.563143629999999673e-01
8.337937819999999833e-01
9.428671880000000227e-01
8.460968359999999633e-01
6.498311860000000051e-01
8.561849950000000042e-01
8.760382429999999943e-01
8.223226519999999873e-01
8.927628300000000072e-01
8.445828039999999648e-01
7.639514760000000182e-01
5.270989300000000072e-02
8.875811989999999874e-01
8.151215090000000218e-01
8.586375560000000240e-01
8.702468389999999943e-01
8.907584600000000297e-01
8.304962219999999506e-01
8.365137360000000077e-01
1.396844329999999967e-01
1.425629710000000105e-01
2.030800030000000089e-01
3.587842230000000132e-01
1.589902559999999965e-01
5.524474699999999683e-02
1.578458050000000057e-01
3.045999420000000124e-01
1.244197429999999993e-01
2.684793839999999876e-01
1.884301650000000106e-01
1.584320499999999909e-01
1.534750360000000091e-01
2.161272330000000019e-01
1.326244060000000002e-01
1.034227060000000031e-01
3.692586239999999798e-01
2.312988039999999967e-01
5.392400800000000244e-02
1.454583359999999936e-01
2.882002269999999755e-01
2.073258050000000019e-01
1.798602579999999951e-01
4.500690989999999725e-01
2.653864089999999898e-01
4.596397099999999930e-02
3.352305369999999951e-01
4.045993809999999802e-01
1.760489570000000059e-01
3.855485169999999795e-01
2.904182750000000035e-01
5.760790799999999934e-02
2.885297399999999998e-02
2.643067270000000191e-01
1.026675680000000007e-01
1.757461439999999930e-01
2.525940090000000082e-01
3.391655190000000264e-01
1.252320759999999977e-01
2.585082790000000075e-01
1.128087890000000065e-01
-5.343420000000000418e-04
2.791930899999999979e-02
1.746164229999999928e-01
1.075137439999999944e-01
-1.080256339999999954e-01
1.899081799999999959e-02
2.802241300000000157e-01
1.170056270000000009e-01
1.349260840000000017e-01
2.309057710000000097e-01
1.059540599999999992e-02
-1.608294099999999990e-02
1.556009379999999942e-01
7.434530100000000252e-02
7.630746400000000540e-02
4.859833200000000103e-02
1.420353420000000089e-01
2.387328049999999924e-01
5.035636799999999857e-02
4.490099599999999858e-02
4.134682900000000161e-02
-3.676837499999999898e-02
3.057876070000000168e-01
-6.914987999999999690e-02
-8.875524699999999545e-02
2.915026290000000131e-01
-1.947121400000000058e-02
1.285854200000000058e-02
5.799979999999999719e-04
-5.231525599999999748e-02
2.933806239999999788e-01
-4.530440499999999898e-02
-2.579241499999999909e-02
-5.448886000000000007e-03
-1.714064499999999949e-02
-2.429302200000000092e-02
-5.972556000000000392e-03
2.371715999999999842e-03
2.423875500000000072e-01
3.319997089999999762e-01
1.261579780000000039e-01
4.897939119999999980e-01
2.685260210000000036e-01
1.224069609999999947e-01
2.076652129999999874e-01
4.318254260000000122e-01
1.791908829999999953e-01
4.055135100000000214e-01
2.922631769999999851e-01
1.451834330000000006e-01
-3.021944799999999945e-02
4.106186980000000042e-01
8.003186900000000548e-02
1.879725760000000023e-01
2.496523300000000056e-01
3.721009949999999900e-01
1.581681550000000047e-01
3.198878680000000196e-01
3.676343389999999767e-01
2.727935470000000251e-01
2.403307150000000003e-01
6.397203609999999596e-01
3.598961829999999806e-01
9.968198300000000178e-02
3.305163810000000257e-01
5.698267500000000485e-01
2.351045529999999939e-01
5.237769549999999885e-01
3.793736340000000151e-01
1.665144249999999937e-01
-4.517588000000000333e-03
4.399331969999999981e-01
1.696482370000000073e-01
2.658657540000000097e-01
3.430275520000000133e-01
4.581895730000000166e-01
2.565409810000000013e-01
3.627367910000000029e-01
1.403008199999999928e-01
1.031761640000000008e-01
9.772291299999999459e-02
3.382125670000000195e-01
1.689116870000000048e-01
1.786732099999999851e-02
3.103791040000000168e-01
2.932214300000000051e-01
6.848922500000000080e-02
2.887401549999999983e-01
2.693633619999999951e-01
7.071861399999999909e-02
1.287676120000000035e-01
1.900095139999999905e-01
5.160492400000000340e-02
9.786787099999999517e-02
1.712976180000000126e-01
3.669241599999999992e-01
9.439748800000000162e-02
3.657998330000000187e-01
1.576455940000000000e-01
1.451675679999999968e-01
1.479347460000000058e-01
4.089776709999999871e-01
1.622938519999999885e-01
2.149800380000000122e-01
2.245863029999999871e-01
3.362957429999999803e-01
1.324301760000000105e-01
3.310451609999999767e-01
2.452430680000000085e-01
6.257302600000000381e-02
-7.599907000000000364e-03
2.661262320000000181e-01
1.037399860000000062e-01
1.215942650000000069e-01
3.728127090000000199e-01
2.625572549999999894e-01
7.644292799999999333e-02
2.435197779999999923e-01
3.811748460000000116e-01
3.557775200000000138e-01
2.400965710000000086e-01
6.014551639999999866e-01
3.645859859999999730e-01
1.427372470000000115e-01
2.817404419999999798e-01
5.959917449999999617e-01
3.025675979999999932e-01
4.916772529999999808e-01
4.149316670000000040e-01
1.219935459999999944e-01
-7.689147000000000343e-03
3.656383539999999988e-01
2.261615549999999863e-01
2.241493910000000034e-01
3.535229999999999762e-01
4.271719010000000205e-01
3.698116759999999781e-01
3.274176389999999826e-01
1.437302410000000086e-01
1.194760359999999938e-01
6.740042699999999887e-02
3.115950290000000233e-01
2.236586269999999987e-01
1.290504580000000068e-01
1.067497889999999977e-01
2.308359379999999905e-01
5.876661799999999963e-02
2.418839989999999884e-01
1.745469229999999927e-01
1.848952400000000024e-02
3.566285100000000235e-02
1.682562840000000060e-01
1.752851510000000002e-01
1.765188129999999966e-01
1.007972639999999975e-01
1.889752729999999992e-01
1.108243599999999933e-02
1.127076870000000008e-01
2.377936780000000083e-01
2.705454339999999736e-01
1.526467709999999867e-01
4.478795500000000152e-01
2.685079109999999880e-01
1.954447999999999949e-02
1.518770580000000092e-01
3.904921499999999823e-01
8.677799899999999456e-02
3.528058170000000215e-01
2.359207829999999950e-01
7.987957399999999486e-02
-2.980702000000000004e-03
3.019369319999999912e-01
1.211673350000000010e-01
2.694095690000000154e-01
2.447896350000000054e-01
3.338426859999999996e-01
6.287684899999999855e-02
2.633379639999999799e-01
4.880390430000000057e-01
4.260715509999999928e-01
2.679022220000000232e-01
7.306110300000000501e-01
4.290710770000000229e-01
1.147312300000000035e-01
3.823128599999999766e-01
7.028143159999999945e-01
2.926053000000000126e-01
6.630130969999999957e-01
5.144181479999999640e-01
1.849310959999999893e-01
-2.063400500000000040e-02
5.178645100000000001e-01
2.988435560000000102e-01
3.005133529999999831e-01
4.161975479999999727e-01
5.820444769999999490e-01
2.628121970000000251e-01
4.522814789999999863e-01
2.601039190000000167e-01
1.485537839999999943e-01
1.409791820000000084e-01
5.199656160000000193e-01
3.014302719999999991e-01
2.790440300000000123e-02
2.643155580000000060e-01
4.541178510000000168e-01
1.161506050000000040e-01
3.992215579999999764e-01
2.518546139999999767e-01
1.145053979999999944e-01
2.863268339999999745e-01
1.454747889999999932e-01
1.725881029999999927e-01
3.010289520000000163e-01
4.647991329999999754e-01
1.810107990000000000e-01
2.559825020000000007e-01
7.656696100000000282e-02
1.041081029999999935e-01
1.512489260000000058e-01
7.617587500000000400e-02
6.602949000000000318e-03
1.293447970000000113e-01
1.955468619999999880e-01
-1.106519499999999989e-02
1.472820880000000054e-01
1.470715999999999950e-03
-8.915002599999999333e-02
-8.147954599999999992e-02
7.888932299999999731e-02
7.165992599999999879e-02
7.806926200000000038e-02
1.465495049999999966e-01
-2.396521399999999857e-02
1.613137020000000033e-01
3.599609320000000112e-01
2.564755670000000154e-01
1.978869450000000085e-01
5.709759009999999524e-01
3.325981630000000022e-01
-2.076600000000000060e-03
2.461274900000000043e-01
5.404912280000000457e-01
1.680843150000000119e-01
5.100245799999999496e-01
3.603237539999999961e-01
6.823997699999999333e-02
-1.977883199999999966e-02
4.046724689999999791e-01
3.661385819999999902e-01
2.121386379999999905e-01
3.162227590000000199e-01
4.681788510000000070e-01
1.843485470000000015e-01
4.338261039999999902e-01
2.355728890000000075e-01
-2.927380799999999839e-02
4.320053409999999872e-01
1.952112330000000118e-01
-5.244322000000000046e-03
7.598916299999999846e-02
3.451340520000000245e-01
4.114049799999999757e-02
3.402147540000000081e-01
1.566485840000000074e-01
4.134297700000000297e-02
-1.064825580000000049e-01
2.700599570000000171e-01
5.685921499999999768e-02
1.688023519999999889e-01
2.134685480000000080e-01
3.470893979999999934e-01
1.350050650000000074e-01
2.013264009999999882e-01
2.345665799999999829e-02
2.991238599999999914e-02
-2.078040499999999832e-02
1.522272189999999970e-01
6.801618700000000572e-02
8.523569100000000232e-02
1.436324969999999979e-01
8.258987900000000493e-02
6.242815200000000064e-02
1.231372530000000021e-01
1.109905699999999967e-01
1.126157039999999970e-01
4.605468500000000076e-01
-5.488794999999999785e-02
3.684690599999999872e-02
1.676111699999999899e-02
1.031372269999999980e-01
1.125692900000000024e-01
2.631350500000000092e-02
3.177303140000000137e-01
2.375997760000000125e-01
9.714615199999999950e-02
5.695663880000000345e-01
3.091563010000000222e-01
9.945743099999999892e-02
2.612186790000000092e-01
5.109350550000000268e-01
1.859516579999999919e-01
5.539771839999999559e-01
3.661717700000000075e-01
1.208945810000000010e-01
3.548010580000000025e-01
1.354410520000000062e-01
3.020251620000000137e-01
4.186149430000000171e-01
4.250318750000000034e-01
1.831483459999999897e-01
2.818036070000000115e-01
4.949572859999999963e-01
5.022971939999999469e-01
3.902469829999999917e-01
8.025810690000000358e-01
4.841168900000000219e-01
1.012736340000000013e-01
4.306547199999999909e-01
7.130540060000000180e-01
5.250134170000000378e-01
6.725456389999999729e-01
5.288708509999999752e-01
3.126878209999999769e-01
-4.044907999999999837e-02
5.610443710000000417e-01
2.482606380000000057e-01
3.619336280000000072e-01
4.985029990000000022e-01
5.997274609999999617e-01
3.151333089999999726e-01
5.142953089999999783e-01
9.351553369999999754e-01
9.290138559999999712e-01
9.803623099999999591e-01
8.972723099999999619e-01
7.980405149999999503e-01
9.210583740000000130e-01
9.417101650000000435e-01
9.246720379999999739e-01
9.298763960000000495e-01
9.073582190000000214e-01
8.708099289999999826e-01
2.605006400000000125e-02
9.314312500000000439e-01
9.151941390000000176e-01
9.111871799999999855e-01
9.380258150000000406e-01
9.275216090000000246e-01
9.028004630000000530e-01
9.258048469999999863e-01
2.995028229999999736e-01
2.146373119999999968e-01
1.944576950000000137e-01
5.069352049999999998e-01
2.225819380000000069e-01
5.610696999999999907e-02
2.368828610000000001e-01
4.617229259999999780e-01
2.193136350000000068e-01
3.948848640000000021e-01
2.969193609999999928e-01
6.995229099999999978e-02
2.776954800000000154e-02
3.334046339999999775e-01
8.654374300000000630e-02
1.731546549999999907e-01
2.682798929999999915e-01
3.464604210000000184e-01
1.476909730000000032e-01
2.679450270000000023e-01
4.082890209999999742e-01
2.670848780000000255e-01
2.423872230000000128e-01
6.344568929999999662e-01
3.120776310000000220e-01
2.208322279999999915e-01
3.138725840000000100e-01
5.556737349999999465e-01
2.707870949999999777e-01
5.331162720000000022e-01
3.603086340000000165e-01
2.923872279999999990e-01
4.078687400000000074e-02
4.227278050000000120e-01
2.089366029999999985e-01
2.630164959999999885e-01
4.075556340000000000e-01
4.458474940000000108e-01
2.930355840000000156e-01
4.448811340000000114e-01
1.989220250000000023e-01
2.549198899999999962e-02
1.612773590000000090e-01
3.036470709999999906e-01
1.349220519999999868e-01
2.657752999999999852e-02
1.077251149999999963e-01
3.136559469999999905e-01
7.063543699999999537e-02
3.318975760000000275e-01
1.201001859999999977e-01
1.203636089999999964e-01
7.390033899999999545e-02
2.051346530000000001e-01
1.194518620000000059e-01
7.843373100000000653e-02
8.668453099999999523e-02
2.208510110000000137e-01
4.290253399999999911e-02
7.258463199999999615e-02
2.911906980000000256e-01
-2.602590499999999848e-02
2.303655099999999886e-02
8.527572000000000624e-03
-6.338598900000000369e-02
1.741895000000000032e-03
5.276648899999999975e-02
6.144679499999999850e-02
2.334230099999999933e-02
-7.190774599999999461e-02
3.170696199999999826e-02
2.435870600000000080e-02
6.173913300000000159e-02
9.380122999999999933e-02
-2.439513999999999832e-03
8.167769999999999761e-04
7.647660300000000411e-02
-3.343576899999999713e-02
4.678575300000000214e-01
3.860375540000000050e-01
3.080332089999999745e-01
6.983157110000000056e-01
4.236641870000000254e-01
5.459545780000000237e-01
4.095766610000000085e-01
6.864265299999999792e-01
2.755100879999999863e-01
6.616725820000000091e-01
4.910405680000000106e-01
2.145575180000000026e-01
8.687066999999999706e-03
5.914879680000000306e-01
2.815721070000000159e-01
2.970911179999999874e-01
4.421454220000000102e-01
6.218736409999999770e-01
2.742847199999999819e-01
4.976762750000000013e-01
5.624159819999999810e-01
4.418661609999999795e-01
3.825263999999999887e-01
7.903687900000000432e-01
5.324376669999999478e-01
1.764233530000000050e-01
5.342614509999999983e-01
7.951799259999999814e-01
3.891910179999999997e-01
7.239905070000000054e-01
6.116416329999999624e-01
3.099347969999999841e-01
-6.085903899999999672e-02
6.703262260000000250e-01
2.954119060000000019e-01
3.833854649999999809e-01
5.179760300000000317e-01
6.812412749999999795e-01
3.170367590000000013e-01
5.410408589999999851e-01
2.943067679999999964e-01
2.237863579999999908e-01
2.397080269999999902e-01
5.151426380000000416e-01
2.984562720000000224e-01
4.190542099999999825e-02
2.602737660000000175e-01
4.587080049999999742e-01
1.785983549999999864e-01
4.476904099999999831e-01
2.882378349999999978e-01
1.385006900000000096e-01
-1.903791000000000164e-02
3.231824340000000184e-01
1.206408229999999943e-01
1.848426699999999867e-01
3.248504300000000233e-01
4.123677199999999932e-01
1.441197329999999999e-01
2.571301260000000144e-01
2.836803529999999962e-01
2.590453629999999730e-01
2.056734349999999878e-01
6.015182100000000531e-01
3.257404819999999979e-01
1.442397739999999873e-01
3.023642959999999769e-01
5.386032339999999863e-01
2.334303470000000102e-01
5.081454130000000458e-01
3.706948409999999972e-01
1.167942919999999940e-01
3.159591600000000167e-02
3.855858790000000202e-01
1.626117300000000099e-01
1.953862650000000034e-01
3.854561899999999763e-01
4.330899590000000243e-01
1.700128499999999931e-01
3.473612839999999924e-01
4.580823459999999736e-01
3.606565890000000274e-01
3.280405960000000176e-01
7.289008919999999669e-01
4.309597709999999915e-01
1.654531690000000110e-01
4.321107040000000121e-01
6.704710799999999971e-01
2.991855239999999805e-01
6.365567260000000172e-01
4.614310930000000144e-01
2.476233969999999951e-01
-7.611430199999999480e-02
5.213859429999999628e-01
2.440885260000000001e-01
3.035970889999999867e-01
4.793848840000000111e-01
5.505469659999999710e-01
2.991082460000000220e-01
4.464202369999999975e-01
2.997730679999999759e-01
2.704092969999999929e-01
1.979499989999999876e-01
5.076411990000000429e-01
2.185886300000000060e-01
1.144483629999999974e-01
2.316355690000000134e-01
4.980376699999999879e-01
1.434053369999999938e-01
4.143673299999999782e-01
3.307600789999999846e-01
1.380220809999999909e-01
-8.149587899999999330e-02
1.524506499999999931e-01
2.317963989999999863e-01
3.113207689999999972e-01
4.140610550000000112e-01
3.802467939999999991e-01
3.176712970000000191e-01
2.827286990000000277e-01
1.665652800000000100e-01
6.472047730000000110e-01
3.245823330000000007e-01
6.099400499999999697e-02
3.464494140000000111e-01
6.271246249999999911e-01
2.430529720000000060e-01
5.301674180000000014e-01
4.325979739999999962e-01
1.430561999999999945e-01
5.153989999999999960e-02
5.133796210000000082e-01
2.459247890000000047e-01
3.048823410000000012e-01
3.367151110000000114e-01
4.741046910000000225e-01
2.256236110000000017e-01
4.016670620000000191e-01
5.638624580000000108e-01
4.510972429999999811e-01
3.706432479999999807e-01
8.127388290000000515e-01
5.455974399999999891e-01
9.603196899999999481e-02
5.028081840000000469e-01
7.408948950000000533e-01
3.843962450000000253e-01
7.210111729999999497e-01
5.697274340000000326e-01
2.601531440000000028e-01
-6.187272199999999805e-02
6.450727459999999747e-01
3.759904689999999938e-01
3.979772080000000267e-01
5.653615260000000031e-01
6.809485889999999930e-01
2.836500759999999732e-01
5.543292220000000103e-01
3.595955800000000258e-01
4.419266720000000204e-01
2.179407299999999992e-01
6.367118870000000319e-01
3.175556210000000101e-01
-6.669928699999999600e-02
2.352583360000000123e-01
5.484183449999999738e-01
2.154833459999999923e-01
5.201021430000000167e-01
3.621191979999999755e-01
1.111704200000000059e-01
-7.346227700000000638e-02
4.219048229999999844e-01
2.105918139999999883e-01
1.656001759999999878e-01
3.299566290000000013e-01
4.580483879999999730e-01
2.376812450000000132e-01
3.678414380000000206e-01
1.146321240000000019e-01
4.870557100000000306e-02
8.018052900000000038e-02
2.727958899999999853e-01
3.577904800000000080e-02
2.307996370000000019e-01
1.022288650000000021e-01
1.648113830000000057e-01
4.483907699999999802e-02
1.845980379999999921e-01
1.143890860000000009e-01
-1.064153860000000007e-01
-1.658156800000000139e-02
1.363137869999999918e-01
-3.074260300000000029e-02
5.934351799999999788e-02
1.274759500000000045e-01
2.401490540000000007e-01
7.942852999999999719e-02
1.729701599999999839e-02
4.393502989999999997e-01
3.216522720000000168e-01
2.879021190000000119e-01
7.359220149999999849e-01
4.492001990000000222e-01
6.580114900000000322e-02
3.497298329999999900e-01
6.309746090000000196e-01
2.963460769999999855e-01
6.125597560000000108e-01
4.503576519999999972e-01
1.581549369999999954e-01
-5.917473799999999756e-02
4.756501260000000064e-01
2.075030300000000050e-01
3.526837110000000108e-01
4.200130040000000231e-01
5.351736740000000436e-01
2.550131130000000135e-01
4.628434889999999968e-01
1.857262789999999941e-01
1.363557539999999957e-01
1.181172949999999972e-01
1.138161580000000006e-01
1.870328370000000073e-01
1.833001760000000091e-01
3.631499000000000255e-01
1.589725820000000012e-01
3.110280999999999740e-01
1.873349360000000074e-01
5.606994299999999709e-02
-7.242509099999999700e-02
2.077700979999999864e-01
1.143250100000000047e-01
1.795088360000000050e-01
1.537113820000000075e-01
2.979823549999999766e-01
1.591670199999999924e-01
1.840917330000000074e-01
1.102542779999999972e-01
6.019751599999999953e-02
1.066940870000000069e-01
2.335733429999999888e-01
7.120702099999999535e-02
2.040251939999999931e-01
1.014904019999999935e-01
1.691554620000000064e-01
8.280017600000000311e-02
1.767298629999999870e-01
7.785696599999999967e-02
-1.295443599999999973e-02
-5.599582999999999991e-03
9.934056099999999390e-02
4.416422999999999877e-02
1.523411400000000138e-01
6.127497099999999752e-02
1.447065120000000094e-01
-1.593332000000000038e-03
6.807947899999999830e-02
4.753011899999999845e-01
4.152366160000000028e-01
3.527891949999999999e-01
6.812048710000000451e-01
3.944606210000000113e-01
1.197619530000000043e-01
3.433758049999999784e-01
5.970741130000000174e-01
3.971697670000000069e-01
6.308568070000000194e-01
4.771651960000000137e-01
1.586279969999999928e-01
-5.343847699999999812e-02
4.871304399999999979e-01
1.868366399999999983e-01
3.297340810000000122e-01
4.402700740000000112e-01
5.516314119999999876e-01
1.996671680000000060e-01
3.901029360000000112e-01
5.309503700000000048e-01
4.560126879999999994e-01
4.218115199999999954e-01
7.800303739999999708e-01
4.992687610000000054e-01
1.551433580000000090e-01
5.591638770000000314e-01
7.487706259999999947e-01
3.785088560000000046e-01
6.963867009999999969e-01
5.841091269999999502e-01
3.375121440000000139e-01
7.622116800000000580e-02
5.974582670000000428e-01
3.062794939999999855e-01
3.817850159999999771e-01
5.503164200000000283e-01
6.538771190000000066e-01
2.504707609999999862e-01
5.010186880000000453e-01
9.241958989999999874e-01
9.092305109999999635e-01
9.060192980000000285e-01
9.863510479999999525e-01
9.049296580000000256e-01
8.528919029999999513e-01
9.448508650000000397e-01
9.413701399999999664e-01
9.232027259999999735e-01
9.424295959999999805e-01
9.078993140000000128e-01
8.858067309999999583e-01
2.585983680000000229e-01
9.439477840000000120e-01
9.223926649999999450e-01
9.219101939999999606e-01
9.378272690000000189e-01
9.187645309999999954e-01
9.112001010000000401e-01
9.031762129999999500e-01
3.536120389999999891e-01
2.379215289999999927e-01
3.234707510000000008e-01
5.788278110000000254e-01
2.731138570000000154e-01
8.333233900000000527e-02
2.747320830000000158e-01
4.594023190000000034e-01
1.720015830000000134e-01
3.997706859999999862e-01
3.025937000000000210e-01
1.405349969999999948e-01
-3.530813900000000227e-02
3.394856909999999783e-01
1.586435720000000105e-01
2.834671040000000253e-01
3.084740770000000132e-01
3.708458210000000199e-01
1.977024019999999993e-01
2.797942030000000191e-01
4.133751460000000266e-01
4.930646390000000268e-01
2.700182219999999744e-01
6.987195959999999983e-01
4.084447030000000201e-01
3.378839499999999885e-02
3.922655429999999943e-01
6.047318059999999829e-01
3.050933989999999874e-01
5.722977439999999971e-01
4.393496390000000140e-01
2.666067129999999952e-01
2.719764800000000135e-02
4.836710779999999765e-01
2.486680350000000095e-01
3.085912199999999994e-01
4.498138890000000223e-01
5.252302899999999886e-01
1.812880390000000119e-01
3.544441260000000260e-01
3.695700169999999729e-01
1.955475879999999944e-01
1.338217640000000097e-01
3.990688849999999843e-01
3.977961919999999929e-01
4.740649000000000425e-03
1.984860119999999895e-01
3.348542560000000168e-01
1.085445010000000016e-01
2.992040999999999729e-01
1.906554299999999869e-01
9.269235600000000352e-02
-5.148106899999999736e-02
2.343690669999999865e-01
9.766553199999999935e-02
1.296313610000000005e-01
2.016140590000000121e-01
2.329442320000000011e-01
1.027002290000000040e-01
1.633942589999999861e-01
-3.420251400000000330e-02
1.420377299999999940e-02
-1.059323929999999997e-01
3.646154800000000334e-02
-3.581849399999999933e-02
-1.712769949999999874e-01
4.337034599999999712e-02
-1.372696999999999980e-03
2.519529699999999844e-02
-9.427321000000000659e-03
2.856355199999999900e-02
-2.545941499999999913e-02
-4.209051500000000196e-02
-2.438851100000000161e-02
-1.069041499999999999e-02
3.412200399999999745e-02
-6.117207100000000147e-02
-6.494833699999999488e-02
-3.461310599999999765e-02
5.304200800000000160e-02
5.748156570000000354e-01
4.967881670000000027e-01
4.291986850000000242e-01
7.878699879999999656e-01
5.263261860000000292e-01
7.291388199999999931e-02
4.661376199999999748e-01
7.736324949999999756e-01
3.606853440000000188e-01
7.359974289999999808e-01
6.223480049999999819e-01
2.717761189999999827e-01
2.767054299999999883e-02
6.371444670000000476e-01
3.650583960000000072e-01
4.134040159999999853e-01
5.755887600000000326e-01
6.866601850000000340e-01
3.807597690000000257e-01
5.651831419999999717e-01
6.456911079999999581e-01
5.185021739999999824e-01
4.761736380000000102e-01
8.504658299999999782e-01
6.021505480000000077e-01
2.043228980000000028e-01
5.772258369999999639e-01
7.739890680000000023e-01
4.318187960000000047e-01
7.786099930000000002e-01
6.445266389999999568e-01
2.849883999999999751e-01
4.296272000000000285e-02
6.936113590000000384e-01
3.552882700000000171e-01
4.499462200000000078e-01
6.151350060000000397e-01
7.502968030000000121e-01
3.592122420000000149e-01
6.198830149999999817e-01
3.628493230000000014e-01
2.743377180000000082e-01
3.106847710000000262e-01
6.130596040000000357e-01
3.313200020000000023e-01
1.092322400000000047e-02
3.124733149999999737e-01
5.663980189999999748e-01
2.445085999999999926e-01
5.279503599999999519e-01
3.881427969999999839e-01
1.018821270000000029e-01
1.284020610000000118e-01
3.886476449999999860e-01
1.961500379999999988e-01
2.301597890000000035e-01
3.477842820000000001e-01
4.676026529999999792e-01
1.545484249999999893e-01
3.428895510000000146e-01
4.152351650000000172e-01
3.202016779999999896e-01
2.613308970000000064e-01
6.578729819999999950e-01
4.374440720000000171e-01
8.041676400000000169e-02
3.616872789999999727e-01
6.130820529999999602e-01
3.310846829999999907e-01
5.521535869999999457e-01
4.332881829999999934e-01
1.535908529999999994e-01
-1.094950199999999985e-02
4.711701699999999993e-01
2.178074359999999932e-01
2.503536020000000084e-01
3.919072980000000150e-01
4.826246310000000261e-01
1.663192340000000102e-01
3.584931219999999974e-01
5.096459429999999902e-01
3.807045439999999781e-01
3.395821079999999936e-01
7.657380550000000285e-01
4.661392089999999988e-01
1.120162849999999932e-01
4.703515970000000102e-01
6.968304619999999838e-01
3.178092889999999948e-01
6.578450850000000516e-01
5.289136359999999648e-01
3.681305550000000260e-01
1.805918200000000001e-02
5.455948390000000536e-01
2.933811599999999742e-01
3.860550509999999824e-01
5.126721340000000016e-01
6.032051379999999741e-01
2.915662729999999869e-01
5.408907290000000145e-01
2.677369860000000101e-01
1.481502189999999997e-01
1.346159409999999890e-01
5.439225629999999700e-01
1.983205299999999949e-01
7.717240300000000053e-02
1.919714799999999999e-01
4.083010400000000040e-01
3.237486900000000056e-02
3.838479619999999870e-01
2.945536819999999834e-01
1.758081959999999999e-01
-7.566881000000000301e-02
2.955766550000000215e-01
5.276045600000000002e-01
1.670808930000000081e-01
2.354819109999999882e-01
3.514724539999999897e-01
8.682298200000000687e-02
2.395395830000000004e-01
4.442426340000000251e-01
3.525084430000000046e-01
2.954888769999999831e-01
7.079501519999999992e-01
4.094366620000000068e-01
7.629824699999999960e-02
3.866518789999999761e-01
6.737825469999999539e-01
3.244708310000000151e-01
5.890838619999999581e-01
4.824557320000000260e-01
1.876627949999999934e-01
-1.453230999999999967e-02
4.896354170000000172e-01
3.071199760000000167e-01
3.449588650000000034e-01
4.272181729999999789e-01
5.608142640000000068e-01
2.968863039999999898e-01
4.553167379999999986e-01
3.954974499999999726e-01
3.193843599999999783e-01
2.756198690000000173e-01
6.333702159999999859e-01
3.751969820000000122e-01
1.267173480000000074e-01
3.742373119999999886e-01
5.908998250000000452e-01
2.906512319999999816e-01
5.912539049999999685e-01
3.989173220000000186e-01
1.583147649999999962e-01
-6.335961699999999308e-02
4.548915099999999989e-01
1.803380549999999971e-01
2.740951910000000158e-01
3.752388019999999824e-01
5.288056150000000066e-01
2.638071679999999808e-01
4.053840690000000135e-01
2.225619470000000100e-01
1.483345140000000006e-01
1.991822089999999990e-01
4.368195519999999998e-01
2.068699979999999994e-01
8.726321800000000350e-02
1.182287999999999950e-01
4.520560519999999860e-01
1.270852199999999987e-02
3.191326270000000020e-01
2.397683949999999953e-01
3.307303200000000221e-02
-4.486626800000000082e-02
2.293531119999999979e-01
2.312246579999999996e-01
1.138815180000000010e-01
1.054260300000000039e-01
2.395179709999999962e-01
9.314987600000000645e-02
2.188529919999999962e-01
2.863630690000000256e-01
1.285093280000000060e-01
-3.762961799999999662e-02
3.007296110000000078e-01
3.097272499999999956e-02
1.028504090000000037e-01
-3.638419200000000270e-02
1.066962739999999937e-01
8.648216000000000236e-03
1.325308769999999914e-01
-2.163667899999999894e-02
-4.198849500000000068e-02
2.622854599999999842e-02
6.601959000000000299e-02
3.472478100000000317e-02
3.150780590000000214e-01
1.094157340000000006e-01
3.575619939999999941e-01
8.480399199999999471e-02
9.786463300000000642e-02
3.854116240000000082e-01
2.409368110000000007e-01
2.223551029999999984e-01
6.012153989999999837e-01
3.461467109999999958e-01
5.101767699999999739e-02
2.937384900000000187e-01
5.653227520000000395e-01
2.827602570000000148e-01
4.957751089999999916e-01
4.187219349999999896e-01
1.522068219999999916e-01
3.757554679999999814e-01
1.333185620000000016e-01
5.007616280000000142e-01
3.430145649999999935e-01
4.176152349999999736e-01
1.192551980000000067e-01
3.454743250000000265e-01
1.441853549999999873e-01
1.288710240000000007e-01
8.529058300000000314e-02
2.825051860000000192e-01
1.114638540000000011e-01
1.557190100000000084e-02
1.476632099999999892e-01
2.213580739999999880e-01
1.028830949999999939e-01
2.407673519999999900e-01
2.143077230000000055e-01
3.232556500000000055e-02
-1.429935579999999928e-01
4.568740929999999811e-01
1.661073899999999937e-02
7.325194999999999623e-02
1.338167299999999948e-01
1.555798740000000069e-01
-3.254938000000000189e-03
6.919573800000000663e-02
1.698933860000000073e-01
1.617213099999999931e-02
-1.311209999999999936e-04
1.645888460000000109e-01
6.915003999999999595e-02
4.748060000000000128e-03
8.833777099999999549e-02
1.500114419999999948e-01
7.141132599999999719e-02
1.079497420000000013e-01
1.131163899999999972e-01
-9.376983000000000193e-03
-3.007364499999999954e-02
1.351993380000000022e-01
1.943131820000000010e-01
7.978584699999999308e-02
1.154389899999999983e-02
1.225205340000000004e-01
4.876884000000000080e-02
8.144269499999999551e-02
2.432962700000000089e-01
1.853578419999999949e-01
2.415107410000000010e-01
4.748133370000000020e-01
3.011502469999999820e-01
8.507281599999999555e-02
2.724090100000000070e-01
3.662192049999999921e-01
8.485842600000000069e-02
3.624557050000000169e-01
2.151972819999999897e-01
1.173371200000000031e-01
-6.708572499999999883e-02
4.418470150000000096e-01
1.174297509999999989e-01
1.323861859999999890e-01
2.727440629999999810e-01
3.642649689999999940e-01
7.930459600000000497e-02
3.954361630000000072e-01
4.022576390000000002e-01
3.349673400000000023e-01
3.053184709999999802e-01
6.651982199999999512e-01
4.124473699999999798e-01
1.170918900000000006e-02
3.827838809999999925e-01
6.198985310000000304e-01
2.727319120000000208e-01
5.898160730000000518e-01
3.995576299999999970e-01
1.825506540000000066e-01
1.511432899999999926e-02
4.504862330000000137e-01
2.058389180000000096e-01
2.907217429999999769e-01
4.746632330000000177e-01
5.028978499999999796e-01
2.467437969999999869e-01
3.812962269999999876e-01
8.639033229999999453e-01
8.210832369999999658e-01
8.193319550000000007e-01
9.031462900000000182e-01
8.196039330000000067e-01
6.911641130000000244e-01
8.407677019999999501e-01
8.605444629999999817e-01
8.179614419999999830e-01
8.670339460000000553e-01
8.232636159999999759e-01
7.657413920000000207e-01
1.401496050000000104e-01
8.863376210000000199e-01
8.233506870000000255e-01
8.581846180000000102e-01
8.916793859999999627e-01
8.713826869999999891e-01
7.648239540000000281e-01
8.172596640000000523e-01
2.344453760000000109e-01
3.210995759999999977e-01
1.271569320000000003e-01
3.826512120000000183e-01
2.686341580000000118e-01
8.996229299999999873e-02
2.333598020000000051e-01
3.499736319999999790e-01
2.359672459999999916e-01
3.446314719999999943e-01
2.247497380000000045e-01
1.841044089999999966e-01
-1.742538899999999946e-02
2.848727059999999756e-01
1.696378109999999995e-01
1.181141329999999962e-01
2.179701679999999919e-01
2.562763069999999810e-01
1.041368569999999993e-01
1.814799930000000061e-01
2.483871310000000110e-01
2.538509110000000124e-01
2.487994629999999985e-01
5.050329759999999668e-01
2.553533960000000103e-01
1.119182999999999983e-02
2.244776400000000061e-01
4.302208770000000015e-01
2.161643819999999883e-01
4.253447149999999843e-01
2.599620460000000022e-01
5.330448000000000131e-02
1.712871399999999975e-02
3.470990869999999728e-01
1.657147599999999887e-01
2.039870300000000136e-01
2.762465139999999986e-01
3.935997459999999726e-01
3.863919820000000227e-01
2.616917229999999872e-01
1.587045139999999910e-01
8.922169600000000311e-02
1.428250849999999905e-01
2.578351950000000170e-01
1.356357290000000104e-01
-5.047958999999999780e-02
1.006419530000000062e-01
2.657454710000000109e-01
3.499490430000000152e-01
2.260139760000000053e-01
1.078390389999999976e-01
1.211891099999999957e-02
-6.334353400000000689e-02
1.512626260000000111e-01
1.075066580000000049e-01
5.555446900000000215e-02
9.339261799999999669e-02
1.701939140000000017e-01
1.491124999999999916e-02
1.516043310000000088e-01
1.857901299999999839e-02
-1.189692680000000030e-01
4.594324320000000017e-01
-2.849403199999999900e-02
4.396728999999999915e-02
-5.615557799999999766e-02
1.401803899999999950e-02
-1.585742000000000054e-02
-5.108385599999999693e-02
-4.575135400000000102e-02
-1.071995840000000005e-01
-1.227238999999999969e-01
-6.559482499999999550e-02
-2.137801099999999885e-02
-1.747511499999999940e-02
-8.866213100000000513e-02
1.617301200000000050e-02
-4.894539800000000107e-02
-2.342267899999999833e-02
3.612461249999999735e-01
3.129842600000000141e-01
2.055596709999999994e-01
6.175541639999999610e-01
4.267559309999999773e-01
1.052192549999999976e-01
3.608199779999999857e-01
5.792183269999999773e-01
2.972327969999999930e-01
5.297091109999999547e-01
4.193801520000000060e-01
4.982002580000000069e-01
5.026906000000000256e-03
4.202940110000000229e-01
1.497663939999999971e-01
2.277008209999999977e-01
3.579254000000000047e-01
4.538954499999999781e-01
1.146942769999999973e-01
3.354673220000000122e-01
4.606932160000000165e-01
3.892406010000000194e-01
2.893061089999999780e-01
6.611448490000000344e-01
4.052395899999999829e-01
1.019407670000000016e-01
3.354433479999999745e-01
5.749407939999999773e-01
2.397113909999999959e-01
5.713978739999999723e-01
4.133588180000000167e-01
1.610830739999999928e-01
3.461352300000000021e-02
4.058682060000000091e-01
2.974453479999999983e-01
3.346496359999999726e-01
3.823408030000000069e-01
5.285334240000000294e-01
1.923036810000000041e-01
3.666486640000000130e-01
2.362234199999999895e-01
2.523133519999999907e-01
1.580330209999999957e-01
4.247057599999999877e-01
2.451347989999999866e-01
1.853949599999999906e-02
3.263457630000000109e-01
3.777978149999999813e-01
1.140118880000000057e-01
3.625319289999999750e-01
2.136600959999999938e-01
8.195175400000000165e-02
-2.856093000000000087e-03
2.819493240000000012e-01
2.152974679999999919e-01
1.116203000000000056e-01
2.126360700000000103e-01
3.266403540000000216e-01
8.327136100000000207e-02
2.527593799999999780e-01
2.898678170000000276e-01
1.967293970000000003e-01
2.926731830000000034e-01
4.760517839999999778e-01
2.366201870000000096e-01
5.122182799999999703e-02
3.438010759999999832e-01
4.125843339999999970e-01
1.635043499999999927e-01
4.866154059999999726e-01
2.711952750000000134e-01
1.857594419999999968e-01
-4.142128000000000129e-03
3.016578739999999925e-01
1.204096199999999950e-01
1.711535939999999922e-01
2.571545960000000131e-01
3.335086709999999788e-01
1.660996640000000080e-01
2.917812049999999879e-01
3.906635629999999915e-01
3.329383320000000035e-01
3.092875219999999814e-01
6.401644170000000411e-01
3.498938580000000020e-01
1.237215210000000010e-01
4.325082310000000207e-01
6.139776799999999701e-01
2.788234609999999947e-01
5.332467939999999684e-01
4.113067550000000239e-01
1.921061330000000122e-01
-4.295818800000000132e-02
4.192255100000000234e-01
1.848471230000000021e-01
2.601727119999999727e-01
3.623889699999999769e-01
4.837648449999999989e-01
2.224635160000000000e-01
4.894212299999999849e-01
9.795758000000000243e-02
1.328551229999999916e-01
3.799654989999999843e-01
1.731726150000000020e-01
1.639664720000000020e-01
1.790006939999999880e-01
2.559258839999999924e-01
7.243939600000000312e-02
4.270363950000000131e-01
1.611829080000000136e-01
1.195418159999999952e-01
-3.455517100000000258e-02
1.648994599999999977e-01
1.605074899999999957e-02
4.138378099999999726e-01
1.234977970000000064e-01
2.480656599999999934e-01
9.407828899999999550e-02
1.620700680000000116e-01
2.734393190000000140e-01
2.408193030000000123e-01
5.394749979999999834e-01
2.954588650000000150e-01
6.143108700000000227e-02
2.780328950000000021e-01
4.860115050000000103e-01
2.542375069999999737e-01
4.514771369999999728e-01
2.973989919999999731e-01
8.635570400000000535e-02
-1.047586320000000043e-01
3.063137550000000209e-01
1.276115290000000013e-01
1.923392449999999920e-01
3.027077020000000229e-01
3.852635549999999798e-01
1.350959369999999993e-01
2.989112820000000004e-01
5.502872260000000182e-01
4.189476489999999775e-01
3.725499469999999924e-01
7.957715410000000267e-01
4.936805659999999873e-01
1.910813550000000083e-01
4.754384560000000093e-01
7.608335859999999506e-01
4.013930740000000164e-01
7.086197239999999509e-01
5.472695530000000197e-01
2.373557189999999928e-01
-1.904627500000000140e-02
6.229618820000000223e-01
3.074650039999999862e-01
3.746685470000000184e-01
5.272135850000000401e-01
6.609898899999999689e-01
3.515496510000000185e-01
5.458358899999999903e-01
3.949094499999999952e-01
2.669980789999999993e-01
2.668932150000000170e-01
7.108969529999999981e-01
3.615383979999999831e-01
7.336827699999999564e-02
3.496981679999999759e-01
6.049433910000000525e-01
2.366615089999999921e-01
5.510296070000000324e-01
3.907329250000000087e-01
4.039140130000000162e-01
1.721258579999999927e-01
4.472217740000000163e-01
2.083031110000000130e-01
2.970903100000000241e-01
3.983839730000000023e-01
5.225230789999999459e-01
1.902481900000000115e-01
3.574819810000000042e-01
1.261766669999999924e-01
8.883797400000000011e-02
7.480889699999999920e-02
2.761137020000000164e-01
1.962927439999999912e-01
6.053024500000000335e-02
1.372334990000000088e-01
1.684322550000000029e-01
9.823036699999999899e-02
1.765440540000000058e-01
5.057132000000000294e-02
7.310958600000000418e-02
-2.715905600000000086e-02
3.317134339999999737e-01
1.528888479999999939e-01
1.691060309999999900e-01
1.175166099999999936e-01
1.694155910000000043e-01
8.214116899999999999e-02
1.885253600000000029e-01
4.793526599999999860e-01
4.016912579999999955e-01
3.342740659999999808e-01
7.948831640000000309e-01
4.755730309999999794e-01
2.441561999999999986e-03
4.077067160000000245e-01
7.112194560000000276e-01
4.356939739999999839e-01
6.720435150000000357e-01
5.111915350000000302e-01
2.020476160000000132e-01
-8.382599500000000037e-02
5.507121179999999727e-01
2.562776959999999993e-01
3.356508309999999828e-01
4.406776370000000109e-01
6.074366249999999523e-01
2.780961029999999834e-01
4.852133750000000023e-01
2.139523030000000103e-01
2.368371290000000073e-01
9.737556799999999568e-02
4.009940220000000055e-01
1.477088970000000057e-01
-6.220340000000000417e-03
1.656376250000000105e-01
2.965046760000000226e-01
7.588632600000000394e-02
2.759453310000000159e-01
2.398386799999999985e-01
4.468392499999999934e-02
-2.137765900000000024e-02
2.028966209999999992e-01
1.055372380000000054e-01
1.721620050000000068e-01
2.773921529999999747e-01
2.674210209999999810e-01
1.030081409999999975e-01
1.373333320000000024e-01
1.173980300000000004e-01
6.908605299999999450e-02
1.230924979999999946e-01
2.447684009999999966e-01
7.571190899999999391e-02
-5.104161399999999904e-02
7.192725499999999550e-02
1.674797919999999884e-01
5.305192999999999715e-02
1.758830979999999877e-01
8.411181199999999414e-02
4.568021199999999782e-02
-1.474594090000000135e-01
1.532034320000000005e-01
6.837635100000000188e-02
4.630644999999999900e-02
1.371039390000000080e-01
2.002988510000000000e-01
5.464513700000000335e-02
1.312713919999999868e-01
3.787283410000000239e-01
3.137899490000000124e-01
2.512972669999999908e-01
6.610902899999999693e-01
3.614061680000000276e-01
1.067504749999999974e-01
3.468150380000000199e-01
6.164696010000000337e-01
3.510989910000000269e-01
5.784840039999999961e-01
4.573540389999999900e-01
2.342034940000000121e-01
1.633283050000000070e-01
4.628179609999999999e-01
2.890988279999999744e-01
3.194703280000000256e-01
3.731874259999999888e-01
5.137817249999999669e-01
1.587543839999999984e-01
3.664386960000000082e-01
5.908958079999999669e-01
5.043472220000000394e-01
4.260611630000000205e-01
8.218318930000000355e-01
5.273740660000000302e-01
1.410891119999999888e-01
5.344513880000000272e-01
7.691107209999999972e-01
4.423132109999999839e-01
7.276640180000000235e-01
6.050731480000000051e-01
2.929270219999999814e-01
7.040194600000000691e-02
6.856666850000000535e-01
3.357277450000000218e-01
4.213380829999999744e-01
5.847283599999999470e-01
7.114012809999999964e-01
2.844713589999999792e-01
5.693626979999999449e-01
9.457935259999999955e-01
9.296156970000000186e-01
9.486836090000000388e-01
9.964246749999999819e-01
9.202101489999999773e-01
8.542455839999999467e-01
9.446477429999999842e-01
9.518166559999999832e-01
9.326751559999999497e-01
9.464401399999999853e-01
9.216274380000000210e-01
9.147457709999999853e-01
1.917043489999999961e-01
9.538934540000000295e-01
9.365954709999999572e-01
9.408913380000000215e-01
9.357064889999999746e-01
9.500334230000000435e-01
9.063614330000000496e-01
9.268732269999999662e-01
3.091708129999999888e-01
2.049594540000000131e-01
2.153458470000000069e-01
5.418169350000000550e-01
2.681495790000000268e-01
4.394078800000000146e-02
3.269876480000000196e-01
4.288853659999999901e-01
2.068486519999999940e-01
4.075361610000000079e-01
3.308869810000000244e-01
1.208070140000000042e-01
-3.893924800000000269e-02
4.498973499999999737e-01
1.506286599999999976e-01
2.163681470000000107e-01
3.459162390000000142e-01
3.827295139999999929e-01
1.075570220000000021e-01
2.839453270000000251e-01
4.078471060000000148e-01
3.833163030000000249e-01
3.207634670000000243e-01
6.874988579999999905e-01
4.158500199999999869e-01
4.129188000000000303e-02
4.328885120000000031e-01
6.086131550000000168e-01
3.043957119999999850e-01
5.490425939999999949e-01
4.350172540000000199e-01
1.590743870000000115e-01
-1.930502099999999860e-02
4.730667780000000211e-01
2.812030289999999932e-01
2.792628639999999995e-01
4.007742240000000122e-01
5.192621280000000450e-01
1.111111250000000050e-01
3.794730219999999932e-01
1.992656459999999907e-01
1.846995190000000064e-01
1.159716850000000049e-01
4.386491860000000242e-01
1.712957910000000028e-01
1.225588499999999970e-01
1.589811479999999888e-01
3.252544199999999885e-01
1.404389309999999891e-01
3.019494810000000196e-01
2.187433209999999906e-01
1.035390469999999952e-01
-3.991420500000000121e-02
2.451074649999999966e-01
1.361583980000000138e-01
1.175120399999999982e-01
2.237545900000000032e-01
2.793521720000000097e-01
9.749665500000000151e-02
2.253494040000000032e-01
-1.598218790000000000e-01
6.330525400000000524e-02
9.221589000000000522e-03
8.699986999999999304e-03
2.605002600000000043e-02
4.739167500000000116e-02
-2.795862699999999978e-02
1.835846600000000037e-02
-3.508107199999999787e-02
5.636861900000000175e-02
6.222371699999999783e-02
-1.918388299999999880e-02
4.771653800000000278e-02
-5.257511799999999708e-02
2.827372089999999893e-01
-2.399280499999999899e-02
-3.612336199999999914e-02
5.388519399999999737e-02
-4.194462399999999980e-02
-5.010151000000000014e-03
5.607510270000000130e-01
4.434004320000000110e-01
3.933383670000000221e-01
7.670035020000000037e-01
5.048337139999999890e-01
8.448012100000000524e-02
4.517679190000000178e-01
7.476307899999999895e-01
4.193984450000000086e-01
6.947529850000000451e-01
6.135023830000000400e-01
2.370029660000000094e-01
1.199131890000000034e-01
6.106508459999999694e-01
2.987372690000000275e-01
3.643299819999999967e-01
5.291414140000000321e-01
6.645234559999999568e-01
2.994551460000000054e-01
5.318600129999999648e-01
6.384893419999999598e-01
5.086269629999999875e-01
4.352340020000000087e-01
8.229646739999999516e-01
6.176741989999999793e-01
1.731095310000000109e-01
5.784928870000000112e-01
7.964489150000000350e-01
4.845081820000000095e-01
7.750642260000000228e-01
6.592629620000000079e-01
3.078189199999999959e-01
-7.593240999999999706e-03
6.796169410000000299e-01
3.827525469999999985e-01
4.465758739999999838e-01
6.133227439999999753e-01
7.309368200000000426e-01
3.646378539999999835e-01
6.090861170000000380e-01
3.676971359999999800e-01
2.694665479999999724e-01
2.336642549999999874e-01
6.123130409999999468e-01
3.154736200000000101e-01
3.833693800000000096e-02
3.653180480000000063e-01
5.565758490000000114e-01
2.310074400000000083e-01
5.175213730000000067e-01
3.583230079999999984e-01
1.492046710000000109e-01
2.752521000000000134e-02
4.074075600000000019e-01
2.024670909999999879e-01
2.424490230000000135e-01
3.358897579999999827e-01
4.582588530000000215e-01
1.662604540000000020e-01
3.523217189999999777e-01
4.402557229999999877e-01
3.772081179999999812e-01
2.756517740000000161e-01
6.732929760000000430e-01
4.202595199999999975e-01
1.069712760000000040e-01
3.483106850000000088e-01
6.528082979999999536e-01
2.859296929999999848e-01
5.885889319999999536e-01
4.512167790000000123e-01
2.208055909999999955e-01
4.524582500000000340e-02
4.853846110000000214e-01
2.485511489999999990e-01
3.212156959999999950e-01
4.260756399999999777e-01
5.272451099999999613e-01
2.206958179999999881e-01
4.341897809999999969e-01
5.741587409999999725e-01
4.331943070000000007e-01
3.828418809999999950e-01
8.317175190000000162e-01
5.020868819999999566e-01
1.145867869999999955e-01
4.872349309999999822e-01
7.501476400000000044e-01
4.020958040000000011e-01
7.003200160000000452e-01
5.819240140000000450e-01
2.741820380000000168e-01
3.069066000000000155e-02
6.141682710000000434e-01
3.376108569999999864e-01
3.967612440000000129e-01
5.441034200000000043e-01
6.788076790000000527e-01
2.676170589999999905e-01
5.324494739999999782e-01
3.286023590000000105e-01
1.767239009999999888e-01
1.975678070000000119e-01
5.449392100000000072e-01
2.645750310000000161e-01
1.920405430000000080e-01
2.822695789999999927e-01
4.890157059999999944e-01
2.184997810000000040e-01
4.770074539999999974e-01
2.860930689999999776e-01
9.974490699999999377e-02
-1.855029700000000031e-02
3.153629969999999783e-01
1.054902659999999992e-01
1.850230730000000101e-01
3.513758949999999937e-01
4.035382880000000227e-01
1.302989639999999893e-01
2.385240780000000005e-01
4.975020410000000060e-01
3.016746359999999960e-01
2.915932130000000178e-01
7.307986380000000004e-01
3.824031299999999800e-01
1.344446980000000014e-01
3.668948149999999853e-01
6.546015530000000027e-01
3.230565280000000095e-01
6.236261039999999589e-01
4.387490960000000051e-01
1.869548309999999880e-01
-4.846220200000000283e-02
4.842560160000000113e-01
1.858077529999999922e-01
3.047039049999999971e-01
4.052604000000000206e-01
5.769043350000000459e-01
3.211970909999999901e-01
4.177557020000000065e-01
5.662104540000000297e-01
4.562712820000000002e-01
4.022847649999999886e-01
8.094492239999999672e-01
5.468532750000000275e-01
9.706368699999999572e-02
5.225945549999999606e-01
7.839188099999999659e-01
3.943223900000000226e-01
7.381316079999999946e-01
5.851561830000000519e-01
2.685555889999999835e-01
-4.775867300000000149e-02
6.420377350000000538e-01
2.953286829999999807e-01
3.743602180000000224e-01
5.466992120000000455e-01
7.066898240000000220e-01
3.345501639999999832e-01
5.641234219999999855e-01
4.216587310000000088e-01
3.520363109999999907e-01
3.153926439999999998e-01
7.291645500000000224e-01
3.571438109999999777e-01
5.365402500000000102e-02
4.143930430000000165e-01
6.547464459999999820e-01
2.760174659999999891e-01
5.995153159999999648e-01
4.735895680000000163e-01
1.346916340000000045e-01
5.603959499999999760e-02
4.715003280000000241e-01
1.450268989999999869e-01
2.859979400000000060e-01
4.073581339999999829e-01
5.338904850000000257e-01
1.714024010000000098e-01
3.984244060000000087e-01
8.130719200000000035e-02
1.688041710000000029e-01
3.419031899999999680e-02
3.177320310000000259e-01
8.852301399999999709e-02
1.151302659999999950e-01
1.135311660000000028e-01
2.264998229999999890e-01
8.589538000000000728e-03
1.852562219999999982e-01
1.066124660000000030e-01
8.133664499999999908e-02
1.313983270000000092e-01
1.214407599999999948e-01
3.865111130000000172e-01
4.577584700000000145e-02
8.077862700000000562e-02
1.534886689999999942e-01
2.178661000000000139e-02
7.430763599999999636e-02
5.081514660000000516e-01
4.255128340000000065e-01
4.033605900000000188e-01
7.841953010000000113e-01
4.521343569999999867e-01
9.382681499999999397e-02
5.016238490000000105e-01
6.800349900000000058e-01
3.568195499999999853e-01
6.781893960000000554e-01
5.241337470000000387e-01
2.234014689999999914e-01
-6.949035700000000260e-02
5.905896349999999462e-01
2.692857989999999924e-01
3.256046089999999893e-01
4.905880440000000009e-01
5.982425869999999923e-01
2.836157730000000154e-01
4.601314420000000016e-01
2.133742409999999923e-01
1.355982380000000098e-01
6.260407499999999514e-02
4.172716750000000085e-01
1.870317079999999910e-01
4.131090099999999710e-02
1.903453930000000016e-01
3.669595010000000213e-01
9.460596100000000230e-02
3.164363219999999921e-01
2.139692800000000117e-01
-1.575094800000000073e-02
-4.870847400000000160e-02
3.093296730000000272e-01
8.801632299999999354e-02
1.315361770000000041e-01
2.762724699999999922e-01
2.985467780000000126e-01
4.135682100000000194e-02
2.079279250000000134e-01
7.265538000000000551e-02
1.099431170000000069e-01
1.274890079999999870e-01
2.514032709999999837e-01
1.254689180000000126e-01
-7.252213000000000409e-03
9.582294500000000659e-02
3.093744279999999791e-01
5.427734399999999820e-02
1.522600679999999984e-01
1.111647399999999980e-01
6.625482300000000435e-02
3.773686400000000191e-02
1.101898300000000025e-01
7.453254900000000349e-02
5.022114500000000176e-02
1.017126500000000017e-01
1.820356830000000037e-01
1.428177969999999963e-01
8.097777100000000394e-02
4.108371350000000199e-01
2.898548459999999993e-01
6.993435230000000224e-01
4.452617580000000075e-01
1.094265900000000041e-01
3.884046600000000127e-01
5.922048559999999462e-01
2.913936249999999895e-01
6.096772919999999818e-01
4.791508360000000244e-01
2.066817179999999865e-01
3.723724409999999985e-01
4.727759469999999742e-01
2.101444719999999988e-01
2.910552590000000106e-01
5.107705869999999981e-01
5.409571119999999622e-01
1.708975990000000111e-01
3.531410110000000047e-01
6.527858869999999536e-01
5.553634330000000174e-01
4.658872350000000107e-01
8.435494150000000246e-01
6.369886340000000535e-01
1.827973019999999948e-01
6.278129019999999505e-01
8.273287230000000436e-01
5.000194390000000100e-01
7.922705399999999676e-01
6.702541690000000107e-01
3.164558060000000062e-01
-3.304292300000000182e-02
7.446799389999999574e-01
4.364383510000000022e-01
5.273265430000000364e-01
6.474623689999999820e-01
7.612629309999999760e-01
3.449924329999999872e-01
6.382839160000000067e-01
9.112056659999999697e-01
8.967016620000000104e-01
9.179204810000000103e-01
9.618047979999999608e-01
9.137079099999999565e-01
8.251709600000000089e-01
9.071660030000000541e-01
9.232508720000000002e-01
8.864248099999999519e-01
9.274515340000000219e-01
8.774760839999999895e-01
9.214135190000000142e-01
2.527487429999999979e-01
9.153341120000000330e-01
8.883179749999999819e-01
9.174440010000000090e-01
9.212402950000000423e-01
9.214587520000000476e-01
8.964551060000000016e-01
8.996064919999999798e-01
3.160074050000000190e-01
2.501667430000000247e-01
2.400632109999999986e-01
5.932904879999999492e-01
3.199662950000000117e-01
7.768296900000000449e-02
3.383843990000000024e-01
4.946986520000000165e-01
2.352699390000000113e-01
4.649732699999999941e-01
3.709575410000000018e-01
1.577924019999999983e-01
-3.997437499999999949e-02
3.959835290000000008e-01
1.628358330000000131e-01
2.372650370000000120e-01
3.336551119999999759e-01
4.557267919999999917e-01
1.205496689999999982e-01
2.981553330000000224e-01
4.814049799999999824e-01
3.872835170000000216e-01
3.257432390000000177e-01
7.002275610000000539e-01
4.144204269999999801e-01
1.058537120000000026e-01
4.251150109999999871e-01
6.418528789999999873e-01
3.331148939999999947e-01
6.012082690000000174e-01
5.560114510000000454e-01
1.638025830000000016e-01
8.767048299999999350e-02
5.529163910000000071e-01
2.773774219999999846e-01
3.547148929999999756e-01
4.355731620000000137e-01
5.454128940000000370e-01
2.039409610000000039e-01
4.034867770000000187e-01
1.689724410000000010e-01
2.680878000000000080e-02
4.682997199999999749e-02
3.858962670000000150e-01
1.595296790000000076e-01
2.768465100000000109e-02
1.632900009999999902e-01
3.395169180000000009e-01
6.797824700000000553e-02
3.241788299999999734e-01
3.689348000000000072e-01
1.856739999999999953e-03
-9.706061900000000076e-02
1.970192590000000021e-01
9.695835299999999712e-02
1.400402089999999988e-01
2.973456329999999981e-01
2.597455679999999822e-01
1.338136289999999895e-01
4.074836929999999802e-01
7.654341200000000511e-02
-3.846769800000000156e-02
9.003972600000000048e-02
7.364661399999999913e-02
1.351109200000000059e-02
5.015628000000000274e-03
2.253717299999999923e-01
-2.658331099999999836e-02
-1.289250279999999971e-01
4.702094999999999886e-03
5.538885400000000125e-02
-3.331533400000000200e-02
-8.553129600000000665e-02
-1.503326969999999874e-01
4.468661300000000003e-02
-1.915255899999999956e-02
-8.838026200000000110e-02
5.693940299999999954e-02
3.856077699999999747e-02
1.236026900000000012e-02
5.579829469999999514e-01
4.395492420000000067e-01
3.985834129999999975e-01
7.845448670000000346e-01
5.712766889999999487e-01
1.849534549999999888e-01
5.031660810000000428e-01
7.792800869999999547e-01
3.768090949999999828e-01
7.063539829999999631e-01
5.619281259999999723e-01
2.305359499999999895e-01
-4.786524999999999808e-02
6.125488340000000420e-01
4.158903999999999934e-01
4.563145690000000032e-01
5.365237600000000162e-01
6.735901619999999923e-01
3.509525279999999858e-01
5.476218830000000315e-01
6.366045409999999682e-01
5.459166730000000189e-01
4.521491839999999818e-01
8.400776479999999546e-01
6.184430170000000393e-01
2.309095220000000059e-01
5.649774520000000466e-01
7.748601750000000399e-01
4.807788630000000007e-01
7.745763329999999502e-01
6.458461650000000276e-01
3.405247590000000102e-01
-5.742884499999999920e-02
6.722835569999999761e-01
3.950607270000000004e-01
4.758195889999999872e-01
6.065637480000000137e-01
7.210572219999999977e-01
4.475261899999999904e-01
6.331487000000000087e-01
3.581127259999999923e-01
2.531131759999999953e-01
2.070954839999999963e-01
6.409880740000000188e-01
3.515374210000000166e-01
6.370458199999999571e-02
3.193291950000000101e-01
5.809196450000000400e-01
2.611126269999999860e-01
5.403123260000000094e-01
3.758317190000000085e-01
1.299868690000000049e-01
-3.231662999999999897e-02
3.881873310000000243e-01
2.980285129999999949e-01
2.427087769999999867e-01
3.612390630000000269e-01
4.527988569999999990e-01
2.271911919999999863e-01
3.900521240000000001e-01
5.584702940000000337e-01
3.012683829999999729e-01
2.918088799999999927e-01
7.198621649999999983e-01
4.048930290000000154e-01
7.745825800000000205e-02
3.338163740000000268e-01
6.469599579999999461e-01
3.433416340000000067e-01
5.828674240000000228e-01
4.323688219999999860e-01
2.111751940000000105e-01
2.734924700000000014e-02
5.222046580000000437e-01
1.882652890000000023e-01
3.012975609999999915e-01
4.381504279999999807e-01
5.056832820000000117e-01
1.801794670000000098e-01
4.620250639999999853e-01
6.113162589999999730e-01
5.217348800000000120e-01
4.471721439999999936e-01
8.325997339999999802e-01
5.353657649999999935e-01
1.982271150000000093e-01
5.423639390000000171e-01
7.845761369999999513e-01
4.393849400000000016e-01
7.519611950000000267e-01
6.119784110000000554e-01
2.846757449999999801e-01
-2.034381400000000173e-02
6.686875850000000288e-01
3.468071710000000252e-01
4.833763830000000206e-01
5.811642390000000269e-01
7.053058239999999701e-01
3.269991440000000193e-01
6.060279880000000174e-01
3.275176690000000113e-01
2.658153679999999963e-01
3.875084520000000032e-01
6.246240629999999516e-01
3.131762069999999842e-01
3.951046469999999755e-01
3.048585899999999849e-01
5.428771629999999959e-01
5.993099969999999832e-01
4.744503179999999820e-01
4.142822079999999851e-01
1.415311890000000017e-01
-7.520454000000000201e-03
4.141004679999999993e-01
1.384629559999999981e-01
2.511994339999999992e-01
3.007031709999999913e-01
4.471247300000000258e-01
1.242023379999999955e-01
3.534198539999999777e-01
4.955548390000000247e-01
3.623687660000000088e-01
3.733942949999999872e-01
7.436384689999999686e-01
4.213798180000000171e-01
1.049490540000000000e-01
4.148751680000000164e-01
6.642982699999999685e-01
3.341234659999999801e-01
6.497697019999999490e-01
4.722532429999999892e-01
2.149471950000000076e-01
-3.435100399999999748e-02
5.624678450000000218e-01
2.680931999999999760e-01
3.453793729999999895e-01
4.594614240000000072e-01
6.389407520000000007e-01
3.964310659999999986e-01
4.378875070000000091e-01
6.304725610000000424e-01
5.144980590000000076e-01
8.531726750000000470e-01
6.332077940000000460e-01
1.419396290000000116e-01
5.803185339999999970e-01
8.127932140000000416e-01
4.400769460000000244e-01
7.944711899999999938e-01
6.461181110000000505e-01
3.100463549999999957e-01
1.372839499999999914e-02
7.013871310000000525e-01
3.589141330000000241e-01
4.475366089999999741e-01
5.990081489999999897e-01
7.384096999999999467e-01
5.332799689999999648e-01
6.286839819999999746e-01
3.848279780000000150e-01
3.081741960000000113e-01
2.770553419999999822e-01
7.153993229999999759e-01
3.664679089999999806e-01
5.736051100000000291e-02
3.712213790000000180e-01
6.739201740000000385e-01
2.661531520000000040e-01
5.768953049999999694e-01
4.737613589999999930e-01
2.037612719999999933e-01
-1.340549420000000103e-01
4.533811209999999980e-01
2.647888480000000211e-01
2.626659680000000274e-01
3.920631600000000216e-01
5.363322400000000156e-01
2.181663149999999995e-01
3.992082140000000057e-01
1.860685300000000097e-01
2.840366739999999890e-01
3.284323069999999789e-01
5.139901499999999929e-02
1.568623859999999925e-01
1.653632110000000099e-01
2.140733210000000108e-01
6.369307200000000335e-02
2.025109609999999893e-01
1.712404949999999926e-01
7.623339799999999389e-02
-2.764168200000000075e-02
1.238472250000000052e-01
4.788226599999999972e-02
9.302045500000000189e-02
1.491065769999999902e-01
1.890741720000000126e-01
5.132166600000000189e-02
1.396216630000000070e-01
3.698961390000000127e-01
2.765018349999999736e-01
2.855373489999999959e-01
6.400004059999999662e-01
3.857560709999999782e-01
7.748815500000000300e-02
3.180809989999999754e-01
5.790211720000000284e-01
2.022136489999999953e-01
5.504988669999999473e-01
3.810295300000000052e-01
1.396005050000000136e-01
-1.174642490000000067e-01
5.233496930000000047e-01
1.815326600000000123e-01
2.430737970000000081e-01
3.486752679999999827e-01
4.506442999999999977e-01
1.611245859999999863e-01
3.811994220000000100e-01
3.018840970000000179e-01
2.992472449999999951e-01
1.364566520000000116e-01
5.229927629999999716e-01
2.931621030000000072e-01
8.334102499999999913e-02
4.595721019999999823e-01
4.928489090000000017e-01
2.296971989999999908e-01
4.218796100000000160e-01
3.350181769999999726e-01
1.575064969999999953e-01
4.297266100000000227e-02
3.712667720000000227e-01
4.626842720000000075e-01
1.425999169999999927e-01
2.534013310000000074e-01
3.790829450000000045e-01
7.610904400000000070e-02
3.044024570000000152e-01
1.019253759999999981e-01
1.028838519999999979e-01
2.105720480000000117e-01
2.219820630000000072e-01
1.015576680000000037e-01
-6.041404999999999692e-03
1.063753489999999940e-01
2.128231019999999862e-01
4.496468099999999940e-02
1.773367680000000057e-01
1.761132440000000021e-01
8.616903600000000440e-02
-9.195396999999999252e-03
1.124534870000000047e-01
1.214111169999999990e-01
2.315124980000000110e-01
1.145480489999999990e-01
1.721100160000000046e-01
1.145444699999999955e-02
1.354485099999999942e-01
4.523343610000000181e-01
3.174930690000000166e-01
2.997217220000000237e-01
7.072686569999999673e-01
5.116152929999999710e-01
1.139182680000000031e-01
3.772649220000000025e-01
6.753513319999999709e-01
3.209628820000000049e-01
6.518946620000000136e-01
4.969455500000000137e-01
1.674524940000000073e-01
7.176057999999999916e-03
5.360515550000000129e-01
2.182637309999999886e-01
3.224395400000000245e-01
4.409828619999999755e-01
5.659280629999999812e-01
2.353588570000000046e-01
4.123544740000000264e-01
7.189310599999999551e-01
6.186346430000000396e-01
5.187300440000000012e-01
8.975528369999999923e-01
7.127685590000000238e-01
2.326738690000000054e-01
6.856098029999999621e-01
8.530500930000000093e-01
5.713664259999999828e-01
8.470002699999999995e-01
7.474508629999999654e-01
3.681249509999999781e-01
2.688536299999999893e-02
7.680590710000000376e-01
4.489636359999999993e-01
5.691155959999999459e-01
6.998691949999999995e-01
8.169121719999999920e-01
4.613484680000000115e-01
7.176180979999999821e-01
9.299842769999999703e-01
9.187717640000000463e-01
9.346218779999999615e-01
9.776138559999999478e-01
9.118185989999999519e-01
8.601906870000000094e-01
9.253973770000000210e-01
9.243381349999999497e-01
9.039938960000000190e-01
9.280799530000000130e-01
8.916091250000000024e-01
9.149151129999999466e-01
1.671454950000000050e-01
9.425685409999999820e-01
9.229815780000000247e-01
9.274893149999999808e-01
9.350780880000000295e-01
9.411346870000000253e-01
9.032054779999999505e-01
9.256884490000000243e-01
3.702494880000000155e-01
3.301934539999999974e-01
3.079959469999999921e-01
6.365414980000000389e-01
3.761553469999999733e-01
1.195145569999999935e-01
3.402044699999999811e-01
5.732912209999999620e-01
3.032909560000000004e-01
5.777610509999999699e-01
4.009606039999999982e-01
1.859171330000000122e-01
-1.521296599999999964e-02
4.927180520000000175e-01
2.819003079999999883e-01
2.749224219999999996e-01
3.702086459999999746e-01
4.654323020000000199e-01
2.582613799999999848e-01
3.753568649999999840e-01
5.339269290000000501e-01
3.632702480000000178e-01
3.282182289999999725e-01
7.336905169999999865e-01
4.898343219999999887e-01
1.679199989999999865e-01
4.565832029999999930e-01
7.232653089999999674e-01
3.443452359999999990e-01
6.800494049999999957e-01
5.386192899999999728e-01
2.794669839999999739e-01
-1.656987249999999912e-01
5.719195089999999926e-01
3.046715090000000070e-01
4.057475079999999790e-01
4.741947639999999908e-01
6.425207530000000000e-01
3.354122689999999851e-01
5.058957769999999909e-01
1.888116469999999991e-01
2.722066300000000050e-01
6.568734699999999316e-02
3.964619580000000032e-01
1.675473799999999958e-01
-6.529570000000000166e-04
1.457400530000000083e-01
3.471950469999999789e-01
1.443045069999999985e-01
3.065005980000000130e-01
2.785443930000000012e-01
9.232058999999999405e-02
-4.557797899999999763e-02
2.603430310000000025e-01
5.582089700000000126e-02
1.160430120000000009e-01
2.294942849999999923e-01
2.624483930000000020e-01
1.856418300000000146e-02
2.030137310000000028e-01
3.070177899999999849e-02
-3.679193800000000319e-02
6.148345899999999725e-02
6.776688399999999945e-02
7.056627999999999686e-03
-1.698483679999999996e-01
7.605304000000000231e-02
8.147168100000000412e-02
-1.190421980000000018e-01
-1.205738500000000032e-02
3.827779299999999746e-02
-9.676782100000000386e-02
-4.789493599999999907e-02
-8.777738300000000049e-02
-1.513179599999999944e-02
1.560501460000000007e-01
6.792627900000000607e-02
7.785545999999999960e-03
1.633293650000000041e-01
2.451688399999999921e-02
5.760554540000000223e-01
4.545155140000000094e-01
3.883718460000000205e-01
8.037568729999999828e-01
5.244474949999999858e-01
7.933619299999999930e-02
5.058079800000000459e-01
7.374872209999999706e-01
3.824293610000000232e-01
7.228318030000000505e-01
5.411962030000000423e-01
3.168184450000000041e-01
7.301092100000000640e-02
6.268201970000000234e-01
3.176357890000000017e-01
3.787630530000000162e-01
5.314590219999999476e-01
6.778502539999999854e-01
3.238682949999999727e-01
6.264800230000000525e-01
7.116471629999999715e-01
6.388252700000000006e-01
5.309171280000000159e-01
8.955888800000000316e-01
7.009838640000000121e-01
2.862802260000000265e-01
6.849557349999999545e-01
8.275205989999999678e-01
5.393482779999999588e-01
8.213474259999999916e-01
7.080849270000000306e-01
3.762360650000000084e-01
-2.782728400000000074e-02
7.741120369999999751e-01
4.478122099999999883e-01
5.421257459999999639e-01
6.755727289999999829e-01
7.875517490000000231e-01
4.801434569999999957e-01
7.220401600000000419e-01
4.411572409999999778e-01
3.813807599999999853e-01
2.922261489999999906e-01
6.492684720000000409e-01
3.648353710000000194e-01
1.031608360000000058e-01
3.488162300000000049e-01
6.005540470000000353e-01
2.599625409999999914e-01
5.605592659999999450e-01
4.124153099999999794e-01
1.172861719999999941e-01
4.811276800000000020e-02
4.267516740000000253e-01
2.138578690000000060e-01
2.622645439999999883e-01
3.610642079999999976e-01
4.962997679999999745e-01
2.026934890000000045e-01
3.823849559999999981e-01
4.257791590000000181e-01
3.477240260000000194e-01
3.008857580000000032e-01
7.346726329999999638e-01
4.297464360000000094e-01
1.651364760000000043e-01
3.920064759999999926e-01
6.663974900000000368e-01
3.012279070000000170e-01
6.342294210000000154e-01
4.593163570000000084e-01
1.452932329999999939e-01
2.215452900000000058e-01
5.216584539999999937e-01
2.920807349999999802e-01
3.069303340000000269e-01
4.350178729999999994e-01
5.638473830000000353e-01
2.694598009999999988e-01
4.352537819999999780e-01
6.770407200000000403e-01
5.300482899999999775e-01
4.684482990000000124e-01
8.480011189999999699e-01
6.514683310000000116e-01
3.557977760000000100e-01
6.074514709999999651e-01
7.999988609999999500e-01
4.924809339999999813e-01
7.960560890000000223e-01
6.832163930000000329e-01
3.134833659999999855e-01
3.350814099999999823e-02
7.074732379999999488e-01
4.130198489999999945e-01
4.861129240000000018e-01
6.366156170000000225e-01
7.522349430000000448e-01
4.320794179999999929e-01
6.633778219999999504e-01
3.991123140000000236e-01
2.387163680000000121e-01
2.461057209999999995e-01
6.106144519999999742e-01
3.533140889999999978e-01
1.142195559999999999e-01
3.194499550000000077e-01
5.686359399999999509e-01
2.456496710000000139e-01
4.892833630000000267e-01
3.987379580000000034e-01
1.585821420000000093e-01
2.396720499999999837e-02
3.974721640000000167e-01
3.834161480000000122e-01
2.164353689999999886e-01
3.518017840000000063e-01
4.528450729999999869e-01
3.007649290000000142e-01
3.579290019999999961e-01
5.389910900000000060e-01
4.379033979999999993e-01
4.014304670000000130e-01
8.053543490000000249e-01
5.277445450000000093e-01
1.329313400000000089e-01
5.438952809999999527e-01
7.541626609999999564e-01
3.899913970000000174e-01
7.175958249999999650e-01
5.771929030000000349e-01
2.628184379999999876e-01
6.350801500000000099e-02
6.227871489999999843e-01
2.975409960000000020e-01
3.710666989999999998e-01
5.144641699999999984e-01
6.711542400000000130e-01
3.000772789999999746e-01
5.516404499999999489e-01
-2.165376399999999896e-02
3.342560599999999660e-02
-3.147052300000000025e-02
-7.980281699999999812e-02
-6.460159699999999672e-02
1.496901939999999986e-01
7.048721500000000584e-02
2.251494299999999907e-02
-1.261140499999999914e-02
-5.970754799999999918e-02
1.656375800000000134e-02
-1.522638699999999921e-02
-3.213518600000000308e-02
9.086707400000000601e-02
-2.191477600000000039e-02
-6.127795400000000253e-02
2.582617200000000141e-02
4.707761399999999680e-02
3.685093460000000154e-01
9.884330500000000630e-02
-3.155629299999999915e-02
-1.222351779999999999e-01
5.192049700000000295e-02
-6.330846499999999433e-02
5.738992000000000052e-03
2.720905699999999830e-02
-6.953004699999999760e-02
-4.767261999999999889e-02
3.477069139999999781e-01
-1.004678989999999994e-01
-4.851183099999999832e-02
-3.091391400000000067e-02
2.926973460000000249e-01
2.151152940000000124e-01
4.194319999999999993e-02
2.727722399999999922e-02
-3.537370000000000098e-02
-7.777064000000000199e-03
8.117828400000000333e-02
4.320129400000000119e-02
-2.129869699999999838e-02
5.773318000000000200e-02
-5.107794100000000170e-02
6.293909799999999888e-02
-2.381918699999999861e-02
-9.718239999999999518e-03
3.122535099999999841e-02
4.515067899999999912e-02
-7.040897699999999759e-02
-1.133997209999999950e-01
2.850508499999999945e-02
-5.132917499999999772e-02
-7.256291600000000508e-02
-2.080158999999999828e-03
3.611160699999999696e-02
7.466378399999999693e-02
-4.144537000000000221e-03
3.785842000000000200e-03
5.857382900000000087e-02
1.067592950000000041e-01
1.020288999999999962e-03
-2.780294100000000115e-02
-1.826740000000000091e-03
-6.396103999999999679e-03
1.523063999999999972e-03
-2.407490899999999850e-02
2.466945889999999919e-01
4.932259099999999896e-02
-4.491404000000000056e-03
-4.366765100000000177e-02
7.923045999999999561e-03
-5.275430300000000239e-02
-9.006129000000000218e-02
3.453326400000000101e-02
-8.932597300000000295e-02
-2.478058799999999923e-02
-1.049381449999999966e-01
3.391669700000000259e-02
2.977580879999999763e-01
1.085359989999999941e-01
-5.740412100000000239e-02
1.561047190000000029e-01
3.053774999999999892e-03
3.256268400000000146e-02
2.786413500000000168e-02
1.738264999999999906e-03
3.571880699999999825e-02
4.087582399999999810e-02
2.641302139999999743e-01
2.794442870000000134e-01
5.033692900000000248e-02
-2.366439000000000129e-03
-2.723316400000000068e-02
-8.867228900000000136e-02
-7.319680100000000578e-02
5.439796000000000215e-03
1.346230099999999874e-01
-6.361002799999999902e-02
3.977525400000000294e-02
-5.000380799999999681e-02
1.708136199999999924e-02
-2.477374499999999979e-02
-1.785380300000000142e-02
7.681305999999999724e-03
2.100140600000000024e-02
1.289723400000000048e-02
1.817862199999999845e-02
4.937179999999999781e-04
-2.134930700000000139e-02
-5.238876099999999897e-02
2.713323950000000040e-01
3.341853599999999869e-02
-1.412127999999999908e-03
7.878957400000000111e-02
3.798410999999999801e-03
-6.289475999999999574e-03
-3.066352199999999861e-02
9.825692000000000453e-03
-1.010877129999999957e-01
1.489602670000000073e-01
5.284579500000000096e-02
-4.908259200000000128e-02
1.290794299999999985e-02
-4.638800000000000106e-04
1.863791299999999901e-02
7.031778499999999377e-02
3.160285000000000091e-03
-2.486273799999999881e-02
4.009674999999999871e-03
-1.092606470000000024e-01
-4.083219800000000010e-02
8.060781000000000196e-02
8.498299600000000509e-02
3.143838569999999888e-01
-3.973372999999999662e-03
-9.923008999999999996e-03
3.542074399999999706e-02
7.678425499999999571e-02
8.622330999999999745e-02
1.049433699999999942e-02
-4.982695499999999916e-02
5.780193000000000310e-03
2.958460099999999857e-02
8.035119400000000078e-02
4.832246840000000154e-01
-1.451152199999999892e-01
1.788613669999999933e-01
1.273075750000000061e-01
1.789895430000000009e-01
3.897323500000000190e-02
4.846542499999999948e-02
4.637379900000000027e-02
-1.542210100000000056e-02
8.022857199999999800e-02
3.663839900000000205e-02
-1.751373700000000144e-02
3.147974099999999859e-02
4.404372699999999780e-02
3.469304299999999980e-02
1.180354999999999903e-03
4.492138500000000118e-02
1.343958100000000079e-02
-3.670624000000000109e-02
9.884630000000000152e-03
-2.106844999999999985e-03
-1.789935600000000168e-02
-9.047487999999999364e-02
4.298303800000000119e-02
-7.491740999999999678e-03
-1.152431699999999920e-02
-2.376953000000000052e-02
-2.712753899999999913e-02
-2.573834499999999928e-02
2.582476900000000089e-02
-1.228956999999999923e-03
1.574950089999999914e-01
1.649068949999999978e-01
-1.051471540000000066e-01
-4.831215800000000088e-02
8.494978000000000251e-03
-1.792952800000000013e-02
2.069284500000000138e-02
-6.957480500000000345e-02
-5.515574999999999992e-03
-8.589821899999999788e-02
-2.901292000000000107e-02
-3.689578200000000197e-02
3.788479000000000152e-02
-1.940422600000000011e-02
-1.198146270000000069e-01
5.280469699999999766e-02
-2.666943499999999828e-02
1.326651300000000061e-02
-7.771940700000000424e-02
2.501822199999999968e-02
-8.913048699999999436e-02
-3.532197799999999693e-02
8.328250700000000561e-02
-5.820075000000000075e-03
7.765989000000000052e-03
1.745920499999999848e-02
-2.311827799999999905e-02
8.498047100000000187e-02
3.719805999999999807e-02
7.125628999999999644e-03
-4.897504200000000335e-02
-1.816661000000000014e-03
1.320807830000000072e-01
-9.446795299999999340e-02
-2.413488800000000017e-02
6.615595600000000187e-02
-5.286279999999999538e-04
6.302247499999999447e-02
5.427481399999999762e-02
-1.192396100000000028e-02
-5.332454999999999834e-03
6.397743300000000022e-02
-3.139147400000000254e-02
3.133483399999999891e-02
-1.253759650000000059e-01
2.468986240000000110e-01
-9.390453899999999521e-02
-4.568341100000000016e-02
1.517185179999999967e-01
7.054637299999999556e-02
-5.891869000000000273e-02
-4.870291399999999993e-02
-1.500403999999999974e-02
1.273608900000000078e-02
5.765903000000000174e-03
5.340604899999999711e-02
7.364597600000000188e-02
3.733501000000000181e-03
5.296661999999999898e-02
4.649264100000000122e-02
-3.099419499999999869e-02
-9.953232100000000693e-02
8.360202299999999753e-02
-7.314697900000000086e-02
-3.518969799999999842e-02
6.176350199999999790e-02
9.220380000000000242e-03
-7.567091300000000631e-02
-7.027043400000000661e-02
1.424318200000000006e-02
2.209665400000000030e-02
3.875689999999999691e-02
-4.423620000000000178e-04
1.809448889999999976e-01
-4.437316699999999808e-02
3.532739429999999792e-01
6.863800300000000298e-02
2.349890199999999860e-02
3.181675380000000275e-01
7.488675300000000035e-02
4.836306900000000158e-02
-4.030829999999999830e-02
2.678830199999999995e-02
-2.304826499999999834e-02
1.262443799999999998e-02
5.906684100000000187e-02
4.379357899999999915e-02
1.930476000000000067e-02
-2.394975800000000155e-02
3.495556999999999831e-03
-8.235277300000000411e-02
6.288793099999999414e-02
1.669398539999999986e-01
7.028661199999999831e-02
3.944495099999999893e-02
-2.227874999999999994e-02
1.821910699999999828e-02
4.230797399999999819e-02
2.847097599999999853e-02
1.331032099999999996e-02
2.774791000000000063e-02
-4.485930500000000209e-02
2.730889200000000128e-02
2.822036600000000020e-02
1.091067299999999921e-02
1.973209600000000105e-02
-3.661372400000000027e-02
1.378986500000000011e-02
-1.160119839999999986e-01
1.132896149999999963e-01
-3.612126300000000068e-02
-6.602600799999999714e-02
2.708883100000000071e-02
4.583761000000000432e-03
2.195573899999999842e-02
1.045428469999999943e-01
-4.351419100000000068e-02
-2.260388400000000117e-02
-1.098257199999999947e-02
-8.884256999999999571e-03
2.858200300000000166e-02
-3.973804799999999804e-02
-5.063062000000000118e-02
-2.976053000000000205e-03
-3.274455999999999808e-03
-1.705775299999999842e-02
2.907413500000000095e-02
-1.140692100000000042e-01
-4.692596699999999899e-02
-8.801177000000000306e-03
2.273300899999999847e-02
-6.800840199999999558e-02
-3.055089799999999994e-02
-7.823666999999999427e-03
-1.059854820000000059e-01
3.661512000000000013e-03
-8.011609399999999881e-02
2.829034600000000094e-02
5.518115500000000256e-02
2.240735799999999875e-02
-6.182596000000000272e-03
-3.265692199999999795e-02
-3.341601699999999925e-02
-1.292095099999999996e-02
-2.551951599999999903e-02
-2.394865999999999835e-03
-4.103454000000000303e-03
-6.422739999999999699e-04
-1.755999000000000058e-03
4.667782100000000128e-02
-4.354073700000000297e-02
2.685511999999999969e-02
-4.083184499999999856e-02
-5.867038399999999904e-02
-1.365141940000000054e-01
-9.658933000000000102e-02
-1.756101399999999979e-02
1.737892970000000092e-01
-2.093353990000000053e-01
-6.480592999999999770e-02
-1.128346320000000041e-01
5.599682300000000112e-02
4.352285000000000181e-02
4.056358000000000186e-02
-1.071234749999999958e-01
-1.121756450000000044e-01
-1.456046499999999987e-02
8.245017000000000318e-03
2.952902500000000041e-02
8.964586099999999336e-02
2.589125499999999844e-02
-1.204826860000000055e-01
-1.101856100000000033e-01
2.719780899999999987e-02
-7.925041900000000250e-02
5.508619900000000236e-02
-8.318350600000000428e-02
5.641889439999999700e-01
4.086982239999999988e-01
3.955405819999999739e-01
7.751745399999999675e-01
5.074136769999999519e-01
2.002678099999999906e-01
4.709188610000000219e-01
7.569667839999999481e-01
3.840502499999999819e-01
7.133904880000000448e-01
5.740359189999999501e-01
2.563131310000000274e-01
-2.823437800000000095e-02
6.039692979999999878e-01
2.930715950000000181e-01
3.931616820000000123e-01
5.342334349999999787e-01
6.873801400000000283e-01
2.704131410000000235e-01
5.111994909999999503e-01
3.746013129999999913e-01
2.769135289999999916e-01
3.115728609999999787e-01
6.401240409999999770e-01
3.520938829999999964e-01
2.913414799999999860e-02
5.695381109999999580e-01
5.644965189999999744e-01
1.323438650000000050e-01
5.128241150000000248e-01
3.754050199999999782e-01
1.368347629999999981e-01
2.253526299999999982e-02
4.358222720000000106e-01
1.513053829999999877e-01
2.858708979999999844e-01
2.951460080000000152e-01
4.721432979999999890e-01
6.034339890000000040e-01
3.384562999999999877e-01
1.277930399999999966e-01
1.999290459999999992e-01
1.011663220000000030e-01
2.492653679999999872e-01
1.904022170000000125e-01
-3.368540700000000054e-02
1.877578870000000122e-01
1.504356219999999911e-01
9.771615899999999688e-02
1.717556440000000129e-01
1.014397900000000019e-01
-3.409676799999999952e-02
1.110755749999999958e-01
8.892409299999999572e-02
-1.744918300000000005e-02
-2.777730600000000161e-02
1.431156879999999909e-01
1.582041849999999972e-01
3.417140300000000297e-02
2.650007899999999861e-01
4.412991969999999764e-01
3.191336410000000234e-01
2.606776450000000134e-01
7.421185479999999890e-01
4.280079119999999904e-01
-2.379748199999999828e-02
4.113419540000000096e-01
6.966168729999999698e-01
2.470868290000000078e-01
6.371766410000000436e-01
5.264590110000000323e-01
2.001860400000000095e-01
4.636766909999999742e-01
2.254731289999999944e-01
3.111694810000000255e-01
3.878876980000000030e-01
5.695574810000000321e-01
7.911928999999999490e-02
4.457339759999999762e-01
2.921274099999999763e-01
1.332459510000000014e-01
1.414246680000000034e-01
4.168683610000000206e-01
2.507941009999999915e-01
1.071326570000000061e-01
1.879470990000000064e-01
3.597216779999999892e-01
2.195934469999999972e-01
3.315447320000000087e-01
2.383097100000000079e-01
1.559415140000000033e-01
3.272570879999999738e-01
1.366152559999999905e-01
3.061182390000000142e-01
1.908640610000000015e-01
3.002286630000000067e-01
5.870384599999999703e-02
2.672868039999999890e-01
1.488437669999999879e-01
3.009511900000000004e-02
1.994962769999999996e-01
7.588365900000000608e-02
2.122911400000000032e-02
-2.263421399999999972e-02
1.208572190000000018e-01
3.959261499999999767e-02
1.062714760000000036e-01
1.325481749999999903e-01
-3.418095799999999740e-02
4.527139399999999952e-02
1.317982339999999863e-01
7.474898000000000653e-02
1.853219730000000010e-01
1.023191090000000053e-01
1.591342340000000133e-01
1.314365939999999899e-01
8.825880599999999521e-02
3.639429770000000008e-01
3.361156140000000070e-01
1.992084169999999987e-01
6.384000330000000334e-01
3.129359959999999941e-01
3.579392270000000265e-01
5.254233740000000541e-01
3.152835270000000079e-01
5.512808829999999993e-01
4.603398810000000063e-01
1.598323809999999956e-01
1.620499000000000071e-03
4.753475389999999856e-01
1.889489340000000128e-01
3.328303120000000170e-01
3.387443270000000117e-01
5.224666380000000387e-01
1.706730830000000032e-01
3.457350790000000007e-01
6.461093270000000111e-01
5.169993950000000282e-01
4.645490310000000012e-01
8.462743200000000243e-01
6.221227310000000399e-01
1.460152010000000111e-01
5.696808260000000290e-01
7.671822459999999566e-01
4.658339610000000186e-01
7.720760949999999623e-01
6.709087609999999646e-01
2.882615649999999974e-01
-3.068959400000000060e-02
7.245712800000000398e-01
3.692848049999999938e-01
4.959841810000000240e-01
6.450268169999999746e-01
7.322112760000000220e-01
3.696432150000000250e-01
6.202356740000000146e-01
8.943706240000000030e-01
9.212637949999999964e-01
8.868153109999999950e-01
9.635683550000000430e-01
8.946416489999999833e-01
8.115412899999999707e-01
9.079967119999999836e-01
9.073071609999999731e-01
8.829254699999999900e-01
9.044061420000000240e-01
8.719054769999999843e-01
8.574980549999999813e-01
1.982434160000000056e-01
9.151047049999999627e-01
8.786255579999999732e-01
9.097504659999999799e-01
8.891765099999999755e-01
9.023640229999999596e-01
8.694400909999999705e-01
9.145340629999999527e-01
3.546525070000000057e-01
1.750856960000000129e-01
1.936336660000000098e-01
5.618847729999999485e-01
2.871701150000000036e-01
7.890897700000000514e-02
2.742751800000000073e-01
5.118973249999999586e-01
1.990262889999999951e-01
4.695655730000000139e-01
3.357861999999999791e-01
1.649454999999999949e-01
-5.247110499999999705e-02
4.264584080000000110e-01
1.379636880000000010e-01
4.297487879999999927e-01
3.058512030000000159e-01
4.184152259999999734e-01
1.027306179999999958e-01
3.161901810000000146e-01
4.094674859999999916e-01
3.094791920000000141e-01
2.243757459999999870e-01
6.790676610000000446e-01
3.735307600000000172e-01
1.753677339999999973e-01
4.223266010000000237e-01
6.426884280000000338e-01
2.946759219999999790e-01
6.001006110000000060e-01
4.813028730000000199e-01
2.061396640000000002e-01
5.099323460000000363e-01
4.629617340000000136e-01
2.212845439999999997e-01
3.080273290000000164e-01
4.150623159999999867e-01
5.235109980000000052e-01
2.737864340000000229e-01
4.297280620000000217e-01
1.539058709999999996e-01
1.050889680000000048e-01
3.511005509999999830e-01
1.306485629999999953e-01
-5.316501600000000244e-02
1.956064349999999952e-01
5.754496350000000149e-01
3.442468399999999706e-02
3.369789369999999784e-01
1.960378799999999977e-01
-3.992929399999999712e-02
5.966503599999999768e-02
2.233414370000000038e-01
1.000695229999999936e-01
1.803991659999999997e-01
1.739373810000000020e-01
2.594354970000000149e-01
2.078929479999999941e-01
-1.212782400000000059e-02
-9.036704499999999307e-02
1.041927589999999959e-01
1.234575299999999924e-02
2.627315200000000101e-02
1.675075800000000101e-02
4.515873309999999807e-01
6.312038200000000265e-02
2.759406859999999906e-01
-2.925343999999999861e-02
-2.686991899999999905e-02
-8.318646100000000321e-02
-2.828913400000000050e-02
5.853863599999999806e-02
-8.877877900000000211e-02
-7.626539000000000235e-02
9.288335300000000183e-02
5.776684779999999853e-01
4.150141099999999916e-01
3.480083700000000113e-01
7.480468129999999771e-01
4.574174919999999811e-01
4.258276950000000061e-01
7.002847169999999455e-01
3.461213920000000277e-01
6.808501569999999559e-01
5.125038069999999779e-01
2.233941100000000068e-01
5.530997530000000273e-01
2.674231260000000110e-01
3.700017150000000088e-01
4.580625819999999959e-01
6.063130839999999466e-01
2.710143640000000076e-01
4.573172999999999822e-01
6.276667740000000384e-01
4.709523509999999913e-01
4.012304449999999911e-01
8.298815670000000422e-01
5.858378050000000448e-01
1.821682689999999938e-01
5.219875809999999783e-01
7.598354699999999573e-01
3.866525499999999838e-01
7.316034550000000136e-01
6.191208219999999596e-01
3.230593869999999757e-01
-2.764793000000000112e-02
6.525344459999999902e-01
2.866879609999999912e-01
4.084479599999999988e-01
5.497444280000000072e-01
7.047177249999999615e-01
3.991647850000000219e-01
5.732951830000000415e-01
3.494248369999999881e-01
2.656712290000000087e-01
2.622873450000000051e-01
5.969214200000000359e-01
3.282831800000000078e-01
7.070077800000000579e-02
2.832299839999999902e-01
5.427727369999999496e-01
2.273973780000000111e-01
5.082146370000000246e-01
3.946869680000000269e-01
1.888957609999999954e-01
-1.646400239999999959e-01
3.758928630000000215e-01
1.777408809999999895e-01
2.618551610000000029e-01
3.369690920000000256e-01
4.338951420000000114e-01
1.899156270000000035e-01
3.182975109999999774e-01
3.923525680000000126e-01
3.424146789999999996e-01
2.143763469999999949e-01
6.583356289999999778e-01
3.704912599999999889e-01
1.549808239999999893e-01
3.636823750000000022e-01
5.881203539999999563e-01
3.102531130000000248e-01
5.792872270000000157e-01
4.414396990000000187e-01
1.366439140000000052e-01
-2.282173100000000135e-02
4.530949380000000026e-01
2.079885910000000004e-01
2.698007789999999906e-01
3.885503220000000035e-01
4.979574869999999764e-01
2.042139900000000119e-01
3.845214419999999911e-01
5.800298659999999495e-01
5.321230129999999781e-01
4.300994349999999744e-01
8.425038609999999650e-01
5.974103670000000532e-01
9.987577999999999734e-02
5.196404770000000450e-01
7.696551400000000154e-01
4.228314200000000134e-01
7.446086530000000092e-01
6.224161329999999825e-01
3.025893430000000106e-01
-5.398840800000000162e-02
6.336039420000000311e-01
3.403524250000000140e-01
4.244406190000000190e-01
5.906601009999999929e-01
7.041290740000000214e-01
3.709452899999999831e-01
5.975030239999999937e-01
2.547759139999999922e-01
3.050478039999999780e-01
5.377967499999999901e-02
5.310710210000000320e-01
2.353534349999999997e-01
9.951116599999999812e-02
2.436305900000000080e-01
4.110573080000000101e-01
9.701360600000000223e-02
3.785204750000000229e-01
2.829734469999999891e-01
4.926316199999999923e-02
-8.530524899999999966e-02
4.158252310000000174e-01
4.171365020000000201e-01
1.965070519999999876e-01
1.984032420000000074e-01
3.571421599999999863e-01
3.327345899999999829e-02
3.424969560000000190e-01
4.497125980000000189e-01
3.524561469999999974e-01
7.053002940000000498e-01
3.877931190000000194e-01
9.932625999999999955e-03
3.769659650000000140e-01
6.222673650000000167e-01
3.647392489999999876e-01
6.185130730000000243e-01
4.433765840000000180e-01
1.515909559999999989e-01
6.104428440000000400e-01
2.365576020000000057e-01
2.780693180000000098e-01
3.915261540000000151e-01
5.700776650000000112e-01
2.026222370000000106e-01
3.969441719999999840e-01
3.043816400000000089e-01
2.318789559999999972e-01
2.621954060000000197e-01
5.415742580000000306e-01
3.129430959999999762e-01
8.121241599999999561e-02
2.789146639999999788e-01
4.684408620000000134e-01
2.458401080000000016e-01
4.385988780000000253e-01
3.680690990000000107e-01
8.517934100000000563e-02
-6.304021599999999614e-02
4.691386659999999820e-01
1.939637459999999924e-01
1.990906420000000121e-01
3.174715570000000153e-01
3.830418970000000201e-01
2.689633260000000026e-01
3.246693440000000264e-01
1.067027450000000016e-01
1.560720359999999973e-01
6.036647900000000067e-02
2.792865489999999951e-01
1.649134479999999903e-01
-5.991908800000000229e-02
1.686351939999999883e-01
3.916694179999999914e-01
4.613711000000000374e-03
3.591477759999999742e-01
1.159621710000000028e-01
2.703620230000000069e-01
1.041822799999999986e-02
1.230356189999999988e-01
6.183828999999999715e-02
1.096121169999999950e-01
1.462186360000000129e-01
1.617838420000000110e-01
7.900603200000000381e-02
1.342481419999999870e-01
3.350513999999999992e-01
6.337966300000000275e-02
6.902226599999999879e-02
1.121610370000000051e-01
7.368588900000000441e-02
-8.538384699999999883e-02
1.776127050000000096e-01
8.256837999999999678e-02
4.451276900000000064e-02
6.804434099999999430e-02
1.846519630000000023e-01
1.117542600000000046e-02
-3.137306399999999912e-02
8.198473600000000250e-02
6.705027600000000587e-02
5.595973800000000192e-02
2.527164299999999988e-02
2.467482500000000092e-02
5.115388099999999827e-02
1.027916749999999990e-01
3.168889739999999899e-01
2.090325939999999882e-01
1.642434279999999969e-01
4.768695640000000235e-01
2.853730340000000254e-01
1.101969000000000039e-02
3.100516159999999743e-01
4.774554590000000265e-01
1.184622379999999975e-01
4.372436590000000067e-01
4.860479140000000253e-01
1.674910410000000072e-01
-6.208749799999999791e-02
3.510696180000000277e-01
1.465768379999999871e-01
2.162581879999999901e-01
3.162082560000000209e-01
4.110216560000000130e-01
1.420003400000000027e-01
3.323822180000000071e-01
2.966416669999999978e-01
-5.009832399999999963e-02
2.983668939999999936e-01
2.576102109999999779e-01
1.014415310000000015e-01
9.715476500000000404e-02
4.156298199999999832e-02
1.534936769999999950e-01
8.855631099999999867e-02
2.626031939999999842e-01
1.134509689999999987e-01
5.541239700000000212e-02
-3.106088900000000125e-02
1.532953760000000110e-01
8.616742500000000582e-02
3.957161499999999749e-02
8.886125799999999852e-02
1.125572370000000044e-01
5.528930299999999798e-02
1.368719840000000021e-01
9.373289999999999400e-02
3.223889700000000247e-02
5.827385100000000151e-02
9.259659900000000166e-02
6.819116499999999803e-02
-5.032375499999999779e-02
3.348437700000000267e-02
9.973782200000000375e-02
3.927416100000000188e-02
8.715444799999999548e-02
7.714905399999999469e-02
3.341384800000000294e-02
1.392400999999999925e-03
2.016037500000000121e-02
2.549354599999999887e-02
2.901289000000000038e-03
1.586737300000000128e-01
8.667494600000000271e-02
3.939838999999999668e-03
5.648766799999999783e-02
1.889050409999999958e-01
1.588251960000000018e-01
1.545930859999999907e-01
3.631904089999999918e-01
1.742333560000000059e-01
1.269449320000000103e-01
1.456000010000000067e-01
2.725328710000000099e-01
8.762891999999999904e-02
3.604362130000000053e-01
2.005574649999999903e-01
2.871166949999999773e-01
2.207512299999999858e-02
4.568315969999999782e-01
7.289256900000000428e-02
1.135766970000000042e-01
1.980430019999999958e-01
2.428874269999999891e-01
1.066418979999999989e-01
2.185723529999999970e-01
2.895490569999999986e-01
3.304738620000000071e-01
2.302618230000000044e-01
5.380161940000000032e-01
2.954850560000000237e-01
1.326862749999999924e-01
2.995246019999999731e-01
5.061845120000000309e-01
2.842540120000000003e-01
4.498827579999999937e-01
3.388071679999999919e-01
1.159961000000000048e-01
-1.736891309999999966e-01
3.570361850000000059e-01
1.699747640000000004e-01
2.559877269999999982e-01
3.723432939999999913e-01
3.989695409999999831e-01
1.356768100000000088e-01
3.152798769999999862e-01
8.273565160000000418e-01
8.106330849999999755e-01
8.174272780000000349e-01
9.172822189999999543e-01
7.961928879999999875e-01
5.730896629999999714e-01
8.559265010000000062e-01
8.710264020000000329e-01
7.761881069999999605e-01
8.395067130000000155e-01
7.981436419999999865e-01
7.440158030000000311e-01
1.159172039999999959e-01
8.449917529999999566e-01
7.890386069999999474e-01
8.013631350000000042e-01
8.609526469999999598e-01
8.559525650000000541e-01
7.389680690000000052e-01
7.912906680000000303e-01
2.587306549999999761e-01
7.993303599999999898e-02
1.374794430000000067e-01
3.161409499999999761e-01
1.328437670000000015e-01
-3.368321600000000193e-02
1.441198599999999885e-01
2.781487750000000148e-01
1.018649789999999944e-01
2.305565059999999944e-01
1.524144299999999896e-01
1.947348750000000017e-01
1.588626549999999915e-01
1.709315130000000071e-01
5.862802799999999870e-02
1.025653869999999940e-01
1.808337540000000132e-01
2.609098429999999746e-01
2.709895909999999741e-01
1.712441700000000011e-01
2.353152870000000119e-01
2.264218289999999911e-01
1.548964059999999865e-01
4.073628080000000207e-01
1.873524639999999963e-01
2.699966630000000256e-01
2.004163160000000110e-01
3.617972629999999801e-01
1.185425900000000032e-01
3.538942569999999899e-01
2.861770730000000040e-01
8.713121899999999587e-02
-6.685569999999999621e-04
4.066447730000000149e-01
6.611830100000000432e-02
2.197469270000000086e-01
3.041285420000000017e-01
3.410570520000000272e-01
1.127823200000000053e-01
2.498893879999999901e-01
1.077075940000000037e-01
7.450760400000000505e-02
3.641216500000000328e-02
1.712350699999999892e-01
3.424320599999999826e-02
5.865787299999999926e-02
7.853900699999999402e-02
1.216163420000000023e-01
4.739002199999999693e-02
2.390694270000000010e-01
8.884714100000000447e-02
8.182767700000000144e-02
-8.043824400000000596e-02
1.097342060000000008e-01
3.735600499999999768e-02
6.254374399999999834e-02
1.030107269999999964e-01
1.323088980000000081e-01
1.599623970000000062e-01
6.157174499999999717e-02
-3.521545999999999704e-02
7.151461100000000570e-02
5.091929000000000247e-03
-4.937119599999999914e-02
-4.674946399999999752e-02
-1.639498899999999870e-02
-5.259217499999999795e-02
2.328291500000000125e-02
-3.089122000000000048e-02
-3.622074399999999916e-02
2.034123240000000055e-01
-8.589321900000000676e-02
-5.411324199999999890e-02
-6.350761000000000600e-02
-4.221095999999999702e-03
7.761258899999999572e-02
-2.931898399999999932e-02
-8.680498000000000033e-03
-1.037247900000000042e-02
-5.153193999999999830e-03
2.900306480000000020e-01
1.990917199999999998e-01
1.994963019999999865e-01
4.930983820000000017e-01
3.217822969999999949e-01
1.484070010000000106e-01
2.879155090000000139e-01
5.146482359999999812e-01
3.067752300000000099e-01
4.417780190000000218e-01
3.404383610000000226e-01
1.506469139999999929e-01
9.362520000000000564e-02
3.213915689999999881e-01
1.407873570000000019e-01
2.121362890000000057e-01
2.696769689999999886e-01
3.915503989999999934e-01
2.051895609999999925e-01
3.193655519999999970e-01
3.338688490000000231e-01
2.801918999999999937e-01
2.356158160000000057e-01
5.860152299999999981e-01
3.803704989999999730e-01
9.194971300000000236e-02
2.762492939999999786e-01
5.321169639999999701e-01
2.359485540000000048e-01
4.706356070000000114e-01
2.910920060000000142e-01
1.688628090000000026e-01
-4.624996900000000188e-02
3.105629719999999927e-01
2.121194309999999972e-01
2.750998299999999896e-01
2.842600490000000146e-01
4.422177059999999882e-01
1.422038069999999876e-01
3.426307929999999891e-01
2.497136090000000030e-01
1.143869819999999982e-01
1.750711279999999925e-01
3.317633099999999780e-01
2.488883920000000138e-01
-4.351866000000000241e-03
1.632180460000000055e-01
2.911167780000000205e-01
3.109306270000000150e-01
3.112469219999999814e-01
2.684088570000000007e-01
1.189964040000000001e-01
-8.348572599999999622e-02
1.910542299999999916e-01
9.948798000000000363e-02
1.139291300000000035e-01
1.755273750000000132e-01
4.008874780000000193e-01
8.616089000000000386e-02
1.868976230000000127e-01
2.292480169999999984e-01
1.675076640000000006e-01
4.135392700000000143e-01
3.782636140000000258e-01
2.072485629999999968e-01
5.393149600000000238e-02
1.727854610000000013e-01
3.187569490000000116e-01
1.490104120000000087e-01
3.159160690000000216e-01
3.359882679999999788e-01
1.124829340000000066e-01
6.567491500000000038e-02
2.577991559999999738e-01
5.922751899999999931e-02
1.363371409999999950e-01
2.173453220000000075e-01
2.885490760000000154e-01
9.482420399999999527e-02
2.380871999999999988e-01
3.217778629999999973e-01
2.087938699999999925e-01
2.198254410000000103e-01
5.739621649999999686e-01
2.870485950000000175e-01
1.293118779999999912e-01
3.908633739999999857e-01
4.761403699999999795e-01
2.269838399999999923e-01
4.271311480000000160e-01
3.177377510000000127e-01
1.554317349999999875e-01
7.370680000000000114e-03
3.277694190000000063e-01
1.920010440000000096e-01
1.932723560000000063e-01
3.636539979999999783e-01
3.853651459999999918e-01
1.789942120000000136e-01
2.739150630000000142e-01
8.489134500000000694e-02
5.648886799999999764e-02
-3.988577000000000095e-03
2.580500470000000046e-01
9.921194799999999425e-02
-1.010992500000000051e-02
1.137585769999999996e-01
2.944005310000000208e-01
1.426471280000000119e-01
1.926880669999999907e-01
1.870124479999999978e-01
2.461910399999999929e-02
2.380038400000000082e-02
1.219978220000000058e-01
-2.569843999999999948e-03
4.690310400000000102e-02
6.433694399999999314e-02
3.525103580000000236e-01
1.187855099999999969e-01
6.305594999999999777e-03
2.798556179999999727e-01
2.277488809999999864e-01
1.223813509999999993e-01
5.065874550000000198e-01
2.223088569999999986e-01
5.929610999999999910e-02
1.357811889999999966e-01
4.444294380000000100e-01
1.018174949999999940e-01
3.557402250000000210e-01
3.473896040000000185e-01
1.356321889999999863e-01
1.405991499999999922e-02
2.621294960000000174e-01
9.481073299999999426e-02
2.210695059999999990e-01
2.019292990000000065e-01
2.855176529999999824e-01
1.089460750000000033e-01
1.918153579999999914e-01
4.831366770000000144e-01
4.148374009999999945e-01
3.579316289999999734e-01
7.558225699999999714e-01
4.906712799999999874e-01
1.022547840000000013e-01
4.407691659999999900e-01
7.335592709999999572e-01
3.312964970000000231e-01
6.927657270000000533e-01
5.306101909999999533e-01
2.171430370000000110e-01
4.945222800000000085e-02
5.568195830000000068e-01
3.593787259999999817e-01
3.399681600000000192e-01
4.902560819999999819e-01
6.222910139999999757e-01
3.272074919999999887e-01
4.940270090000000169e-01
3.050681920000000158e-01
2.496134859999999955e-01
2.617524430000000013e-01
5.707308239999999699e-01
2.983818579999999998e-01
4.449824720000000178e-01
4.808255459999999926e-01
5.049530380000000207e-01
1.875973720000000122e-01
4.716106890000000273e-01
3.188418049999999782e-01
1.033290619999999993e-01
-1.082770899999999960e-02
3.158521280000000098e-01
1.919892519999999991e-01
2.051762510000000039e-01
3.268310420000000160e-01
4.014696400000000165e-01
2.473776139999999957e-01
3.310588030000000126e-01
8.611625900000000056e-02
6.473005699999999363e-02
1.102794160000000051e-01
2.544885020000000053e-01
8.040277099999999788e-02
8.639317999999999997e-03
5.650813899999999890e-02
1.898883349999999914e-01
2.667269250000000036e-01
1.823564189999999918e-01
1.162785419999999986e-01
1.113902899999999994e-02
-4.871877499999999889e-02
9.300600200000000428e-02
1.156873199999999997e-02
6.519964599999999999e-02
1.750489620000000024e-01
1.588027880000000003e-01
2.293991700000000064e-02
1.194076050000000000e-01
4.504685990000000251e-01
4.195622090000000193e-01
3.389321330000000243e-01
7.649078809999999562e-01
4.464083520000000083e-01
1.514054059999999924e-01
4.080462590000000223e-01
7.081646249999999920e-01
3.114607229999999949e-01
6.676010850000000385e-01
4.943849880000000252e-01
2.089317109999999922e-01
-4.591434800000000066e-02
5.326196119999999645e-01
2.121321110000000121e-01
3.207026649999999979e-01
4.470775759999999766e-01
5.932585700000000406e-01
2.372948480000000027e-01
4.718300590000000239e-01
1.777178610000000047e-01
7.282227099999999398e-02
1.057916170000000045e-01
3.766302129999999915e-01
1.878841749999999866e-01
1.492553400000000072e-02
2.319736920000000091e-01
3.350410369999999860e-01
1.282512570000000074e-01
2.861786619999999726e-01
1.720376540000000121e-01
4.188631599999999983e-02
-6.237787999999999666e-02
3.233093610000000173e-01
1.143374479999999943e-01
1.569387879999999957e-01
2.209551299999999996e-01
2.506446419999999731e-01
6.799193000000000597e-02
2.762154740000000164e-01
9.261290399999999590e-02
3.764961399999999792e-02
5.343559400000000292e-02
1.580414240000000137e-01
9.751882600000000290e-02
6.675726499999999619e-02
2.375835239999999904e-01
1.311572749999999898e-01
2.743072900000000092e-02
1.989644030000000119e-01
6.019107700000000255e-02
-1.779914000000000149e-02
3.667015699999999767e-01
9.763962199999999536e-02
4.150545600000000307e-02
1.090339500000000045e-01
7.976624499999999951e-02
1.628590319999999869e-01
5.015928599999999737e-02
3.264718360000000152e-01
3.654000780000000170e-01
3.389408620000000094e-01
2.825464269999999889e-01
5.862730510000000450e-01
3.798509849999999743e-01
4.388788999999999711e-03
4.280739980000000111e-01
5.177275209999999683e-01
2.353066430000000098e-01
5.030965450000000061e-01
3.302713469999999929e-01
1.382575470000000084e-01
-1.551703599999999968e-02
3.866138120000000011e-01
1.884910479999999944e-01
3.228161689999999862e-01
3.229877990000000199e-01
4.916087450000000136e-01
4.047344050000000193e-01
3.158133370000000273e-01
5.805746240000000391e-01
4.533720059999999941e-01
3.984365570000000245e-01
7.923956429999999829e-01
5.385789709999999619e-01
1.407902080000000000e-01
5.108451339999999785e-01
7.315391310000000091e-01
4.056938190000000111e-01
7.309837059999999553e-01
5.973565259999999988e-01
2.682876379999999950e-01
1.413705799999999922e-02
6.360119239999999508e-01
3.469742570000000081e-01
4.228953859999999843e-01
5.518460099999999979e-01
6.923320330000000133e-01
3.475501679999999927e-01
5.632319529999999519e-01
8.867467039999999967e-01
8.838915859999999514e-01
8.820059129999999747e-01
9.800849169999999999e-01
8.845878919999999868e-01
7.768234179999999878e-01
9.037774530000000084e-01
9.091960089999999717e-01
8.691963870000000147e-01
9.072340500000000141e-01
8.821721219999999475e-01
8.364536649999999574e-01
8.032032000000000060e-02
9.156232640000000478e-01
8.489197979999999477e-01
8.767811290000000479e-01
9.048597649999999826e-01
9.004242209999999691e-01
8.636293309999999446e-01
9.048720380000000452e-01
3.030149220000000199e-01
2.254615269999999949e-01
1.939239849999999932e-01
5.078986789999999640e-01
2.907438609999999923e-01
1.315774600000000072e-01
2.725890069999999943e-01
4.450440390000000024e-01
2.122081839999999942e-01
4.044554100000000152e-01
3.287564330000000146e-01
1.301179369999999891e-01
-8.643392999999999216e-03
3.481944359999999961e-01
1.703841550000000094e-01
2.001523400000000119e-01
2.950225530000000207e-01
3.620068249999999765e-01
1.381689620000000063e-01
3.705477269999999934e-01
3.781125280000000033e-01
2.835098149999999984e-01
2.607766999999999724e-01
6.543194959999999449e-01
3.818685130000000205e-01
4.144564399999999676e-02
3.110160479999999894e-01
5.554341010000000134e-01
2.723226550000000246e-01
5.145435050000000121e-01
4.152903330000000115e-01
1.516880640000000113e-01
-4.163416999999999812e-02
4.339597920000000109e-01
2.134450720000000135e-01
2.612549000000000121e-01
3.758785929999999831e-01
4.533896009999999754e-01
1.709010059999999942e-01
3.507284139999999883e-01
1.450193879999999991e-01
2.003518390000000038e-01
1.149068889999999982e-01
3.452313260000000050e-01
3.080502500000000254e-01
5.049728299999999698e-02
9.678058200000000388e-02
3.177230420000000111e-01
1.287888490000000108e-01
2.535584590000000138e-01
1.968712320000000071e-01
2.139185740000000002e-01
4.885050099999999756e-02
3.234931560000000039e-01
6.167446199999999934e-02
8.718042800000000425e-02
1.402460919999999889e-01
2.070231110000000097e-01
6.532373800000000619e-02
1.202075969999999994e-01
-2.769494399999999912e-02
-9.362497200000000075e-02
-3.026256100000000032e-02
3.561610800000000049e-02
7.171684000000000218e-03
4.006956799999999985e-02
1.158893400000000039e-02
6.730960399999999511e-02
1.922210300000000080e-02
1.066307199999999913e-02
-9.935680000000000119e-04
-5.689130399999999671e-02
-6.038675400000000082e-02
8.980403300000000533e-02
-7.475046000000000468e-02
4.476442099999999868e-02
2.081141999999999801e-03
-1.858451499999999937e-02
4.054891299999999893e-02
1.478586999999999957e-02
4.940999010000000080e-01
3.773857769999999778e-01
3.258216509999999899e-01
7.040927120000000095e-01
4.318319130000000117e-01
9.063082999999999556e-02
4.064930179999999837e-01
6.831414460000000410e-01
3.035150340000000169e-01
6.513409900000000086e-01
4.987148809999999988e-01
2.292150890000000107e-01
-3.255670599999999776e-02
5.208768499999999468e-01
3.368956960000000223e-01
3.384085589999999977e-01
4.420449140000000110e-01
6.043546170000000384e-01
2.179233020000000132e-01
4.557850399999999746e-01
5.190757329999999836e-01
4.179684909999999975e-01
3.881141759999999774e-01
7.819962959999999796e-01
5.258172100000000349e-01
1.189438939999999945e-01
4.931011929999999932e-01
6.965327500000000338e-01
3.693560459999999934e-01
6.960197729999999527e-01
5.580779380000000511e-01
2.755381729999999973e-01
6.950559999999999941e-04
5.599921159999999842e-01
2.610973609999999723e-01
3.729644650000000228e-01
5.310833270000000494e-01
6.515875909999999660e-01
2.963511309999999899e-01
5.451759029999999617e-01
2.773337009999999880e-01
2.126851979999999920e-01
1.539056779999999902e-01
5.396817139999999791e-01
3.201734019999999958e-01
4.054468800000000234e-02
3.059729159999999837e-01
4.673160350000000185e-01
1.690939419999999971e-01
4.523316399999999793e-01
3.734054940000000045e-01
2.283330140000000008e-01
1.325779519999999989e-01
3.422384580000000232e-01
1.137605680000000064e-01
2.700129920000000072e-01
2.959002980000000060e-01
4.271205610000000097e-01
1.612089399999999950e-01
3.133253670000000213e-01
3.417063659999999836e-01
2.767963489999999971e-01
1.961219829999999997e-01
6.058533510000000399e-01
3.716390709999999875e-01
3.463359460000000056e-01
2.911023759999999960e-01
5.645622150000000339e-01
2.788614209999999982e-01
5.166573349999999953e-01
3.536133719999999814e-01
1.189599209999999962e-01
-4.345309199999999872e-02
4.267389300000000163e-01
2.163302179999999908e-01
2.391154970000000102e-01
3.342420779999999980e-01
4.941786200000000129e-01
1.417541790000000079e-01
3.554341690000000220e-01
5.546160629999999925e-01
4.391894239999999949e-01
3.704157809999999995e-01
7.719528740000000111e-01
5.196807359999999765e-01
1.052904509999999932e-01
4.633250320000000255e-01
7.519456239999999791e-01
3.864386989999999966e-01
7.102913859999999691e-01
5.919195120000000365e-01
2.417435589999999968e-01
1.860559440000000009e-01
6.111322839999999701e-01
3.067338039999999988e-01
3.674700370000000271e-01
5.612534869999999954e-01
6.454280599999999701e-01
3.585495559999999915e-01
5.269295819999999519e-01
2.120209359999999932e-01
1.861516380000000082e-01
1.547429670000000090e-01
4.664045689999999911e-01
2.526629619999999909e-01
4.184195799999999854e-02
1.961192119999999872e-01
3.655382380000000153e-01
1.645758119999999880e-01
3.544770620000000094e-01
2.928989240000000049e-01
8.670976699999999315e-02
2.479258900000000029e-02
2.955959240000000099e-01
5.653549599999999759e-02
1.474952780000000074e-01
2.247421639999999943e-01
3.230916509999999797e-01
1.358732380000000073e-01
2.075969779999999876e-01
4.146911970000000114e-01
3.330088979999999976e-01
2.615850730000000013e-01
6.951072329999999910e-01
3.574681690000000023e-01
4.988715600000000194e-02
4.070703330000000064e-01
5.982742300000000180e-01
4.612994679999999903e-01
5.494129239999999692e-01
3.954531399999999808e-01
1.867227190000000092e-01
-4.643331099999999795e-02
4.270710129999999993e-01
1.713068510000000100e-01
2.716493720000000001e-01
3.647039469999999728e-01
4.985312849999999907e-01
2.615774759999999755e-01
3.678920059999999936e-01
4.846227450000000214e-01
4.138222679999999931e-01
3.779220779999999946e-01
7.624142099999999811e-01
4.996437160000000155e-01
2.885440770000000099e-01
4.614122259999999809e-01
7.182880369999999903e-01
4.162040859999999731e-01
6.911853740000000190e-01
5.768847999999999754e-01
2.402714129999999892e-01
-9.152419000000000179e-03
5.584741079999999691e-01
3.331792519999999813e-01
3.337693749999999793e-01
4.842179910000000143e-01
6.353058600000000000e-01
2.740447109999999964e-01
5.182167130000000510e-01
3.233109450000000162e-01
3.124570959999999897e-01
3.537803700000000107e-01
6.093740269999999848e-01
3.085370740000000223e-01
-2.322078199999999884e-02
2.513832340000000110e-01
5.303051370000000375e-01
1.697528560000000075e-01
4.711914170000000013e-01
3.727086580000000260e-01
1.688257260000000093e-01
6.037007300000000326e-02
3.096122820000000164e-01
1.586786719999999928e-01
2.501158980000000032e-01
2.864120350000000093e-01
4.161889830000000123e-01
3.965111110000000272e-01
2.520170580000000160e-01
5.696774699999999914e-02
2.686562949999999894e-01
9.069947000000000079e-03
2.251574550000000063e-01
9.948295499999999791e-02
4.422616099999999995e-02
8.040692000000000672e-02
1.529332350000000007e-01
6.499221400000000648e-02
1.400508249999999899e-01
1.276184770000000079e-01
-1.399018699999999941e-02
-7.172856000000000024e-03
1.311194189999999871e-01
6.430444999999999911e-02
9.199407399999999513e-02
3.549602849999999865e-01
1.361106039999999961e-01
5.162481099999999962e-02
7.187750699999999326e-02
4.400938580000000044e-01
4.595352870000000145e-01
2.910767850000000045e-01
7.126747100000000446e-01
4.761718340000000160e-01
9.311753400000000180e-02
3.819612629999999953e-01
6.361969379999999896e-01
2.855674530000000266e-01
6.064140420000000420e-01
4.702392009999999956e-01
1.310233670000000017e-01
3.009043000000000134e-02
4.842857219999999741e-01
2.452210830000000064e-01
2.833052979999999832e-01
4.117084349999999837e-01
5.374642349999999569e-01
2.418767420000000057e-01
4.531498569999999892e-01
2.116230550000000044e-01
1.726619359999999881e-01
1.506227689999999897e-01
4.183812179999999992e-01
1.527148379999999916e-01
-1.083353420000000011e-01
1.919819259999999972e-01
3.446482020000000146e-01
1.094101749999999984e-01
2.915080680000000091e-01
2.187122599999999917e-01
1.210401229999999995e-01
-4.728553600000000301e-02
2.010872320000000046e-01
8.692450200000000071e-02
1.105839930000000054e-01
2.679313750000000272e-01
2.988173780000000224e-01
2.867453000000000016e-02
1.859545609999999904e-01
2.414941260000000034e-01
7.552944899999999850e-02
2.969476299999999902e-02
1.993083300000000058e-01
9.003885100000000308e-02
5.694789599999999785e-02
1.051982939999999977e-01
9.531282100000000590e-02
1.105159170000000052e-01
2.381147040000000104e-01
1.341965119999999900e-01
6.708375900000000669e-02
-1.674882499999999844e-02
8.912499000000000116e-02
2.660064460000000075e-01
1.055541039999999958e-01
9.288566600000000562e-02
9.766283300000000445e-02
6.780237799999999648e-02
7.842879099999999770e-02
3.847295629999999966e-01
2.784424079999999746e-01
2.219692849999999884e-01
6.165818690000000046e-01
3.198714349999999818e-01
5.631821499999999786e-02
2.884853840000000114e-01
5.044691700000000223e-01
3.197329349999999959e-01
5.105417610000000384e-01
3.882074460000000116e-01
1.500583869999999875e-01
1.566566100000000086e-02
3.970659859999999819e-01
2.060421020000000047e-01
3.156021780000000110e-01
3.668557969999999835e-01
4.633360590000000223e-01
1.902939110000000100e-01
3.461803880000000055e-01
5.435506140000000430e-01
4.174383669999999769e-01
3.775056609999999924e-01
7.946580290000000435e-01
5.214233289999999910e-01
1.336360319999999879e-01
4.738359509999999775e-01
7.558516299999999966e-01
3.924551239999999885e-01
6.912889319999999671e-01
5.773235239999999768e-01
1.985493020000000108e-01
-3.702817000000000174e-03
5.721327299999999783e-01
3.901401400000000241e-01
4.072592580000000129e-01
5.274144290000000179e-01
6.497043630000000070e-01
3.023512600000000106e-01
5.419186049999999977e-01
9.204074730000000315e-01
8.762002359999999657e-01
9.006793490000000180e-01
9.925479769999999702e-01
9.126186389999999538e-01
7.977827229999999714e-01
9.096615970000000440e-01
9.294937330000000442e-01
8.740050190000000496e-01
9.118386410000000053e-01
8.926975569999999749e-01
8.517041090000000425e-01
1.279658670000000109e-01
9.238221129999999448e-01
8.750589519999999455e-01
9.063218020000000097e-01
9.195096480000000128e-01
9.265414589999999562e-01
8.571551219999999915e-01
9.072936569999999756e-01
2.995398060000000195e-01
2.286798999999999915e-01
2.024990680000000043e-01
5.209318520000000285e-01
2.840698280000000242e-01
1.473089639999999867e-01
2.766507129999999925e-01
4.660406770000000143e-01
2.024280930000000034e-01
4.304064579999999918e-01
3.314892380000000194e-01
1.263933170000000050e-01
1.420738799999999961e-02
3.427308920000000092e-01
1.282152460000000049e-01
2.211321380000000059e-01
2.638725710000000002e-01
3.872363739999999943e-01
1.146675419999999973e-01
2.582826300000000130e-01
4.042635470000000009e-01
5.181993270000000429e-01
2.723217540000000270e-01
6.357192449999999884e-01
3.615522190000000080e-01
9.650922000000000667e-02
3.407619150000000263e-01
5.806648970000000132e-01
2.688132850000000129e-01
5.453785989999999639e-01
4.836048989999999770e-01
1.443292059999999877e-01
2.176675499999999874e-02
4.620075430000000205e-01
1.931811979999999984e-01
2.844552029999999898e-01
3.916509479999999987e-01
5.212992260000000044e-01
2.048111989999999993e-01
3.390835730000000270e-01
1.172986470000000059e-01
1.053069289999999936e-01
1.303851639999999978e-01
3.322953439999999925e-01
1.266340009999999960e-01
-3.904290199999999739e-02
1.490214529999999982e-01
2.756609850000000250e-01
2.148417700000000014e-02
2.545844580000000135e-01
1.779946490000000048e-01
2.136734620000000084e-01
5.196210700000000043e-02
2.009292520000000026e-01
8.313289799999999674e-02
7.336052699999999482e-02
3.753452340000000276e-01
2.347434389999999982e-01
2.987204499999999985e-02
1.626233139999999910e-01
-5.086657599999999668e-02
2.883783000000000006e-03
-5.566413900000000137e-02
-5.750847600000000281e-02
9.268177700000000685e-02
2.475495000000000126e-02
-6.352781799999999979e-02
1.281163299999999935e-02
-1.220596280000000033e-01
5.781665000000000068e-03
4.526629499999999806e-02
-1.001915800000000023e-02
-5.642363200000000134e-02
-3.460372700000000079e-02
7.669043999999999861e-03
3.199973190000000023e-01
1.222371000000000091e-03
1.522131529999999899e-01
-3.752246299999999896e-02
-1.118013799999999919e-02
4.997385529999999743e-01
4.072318050000000023e-01
3.181643319999999941e-01
7.355923589999999734e-01
4.710373469999999951e-01
9.856455000000000077e-02
4.501043450000000168e-01
7.162192870000000378e-01
3.328112670000000217e-01
6.691699180000000302e-01
5.157175109999999618e-01
2.494689989999999968e-01
-5.028946699999999742e-02
5.415236479999999686e-01
2.264143859999999953e-01
3.559951579999999782e-01
4.764447849999999818e-01
6.256184599999999874e-01
3.728462129999999819e-01
4.776785640000000277e-01
5.243426700000000107e-01
4.609820139999999955e-01
4.204584109999999764e-01
8.097505879999999934e-01
5.848432980000000114e-01
1.188840240000000048e-01
4.790259020000000034e-01
7.091760999999999759e-01
3.535002760000000022e-01
7.157787289999999469e-01
5.933810680000000115e-01
2.191434989999999916e-01
2.000327550000000065e-01
5.934658149999999521e-01
4.643246209999999929e-01
3.937424110000000144e-01
5.805619709999999545e-01
6.698908599999999769e-01
3.707356339999999806e-01
5.823677430000000488e-01
2.955670049999999938e-01
2.288701479999999955e-01
1.812710519999999881e-01
5.537410029999999539e-01
2.873700690000000058e-01
5.422781499999999866e-02
2.644137320000000124e-01
4.722921540000000196e-01
1.988679409999999925e-01
4.512466489999999997e-01
3.505843379999999954e-01
1.489668620000000054e-01
2.320802770000000015e-01
3.401887820000000229e-01
1.174004129999999951e-01
2.460560529999999968e-01
3.023001719999999781e-01
3.782983180000000223e-01
9.806834700000000016e-02
2.956664949999999736e-01
4.022061630000000054e-01
2.911228929999999937e-01
2.878387230000000185e-01
6.030118410000000484e-01
3.205477640000000128e-01
1.894085179999999979e-01
3.462577079999999974e-01
5.441745970000000376e-01
2.191829379999999938e-01
5.179168729999999998e-01
3.678132639999999731e-01
1.742531959999999991e-01
-1.060881999999999971e-02
3.955216630000000233e-01
1.730426180000000091e-01
2.553010519999999728e-01
3.518670760000000008e-01
4.445765780000000000e-01
1.664798580000000083e-01
3.553393100000000193e-01
5.153563690000000364e-01
4.377557530000000252e-01
3.817649539999999897e-01
7.633725369999999621e-01
4.699642119999999923e-01
1.486186090000000126e-01
4.255830669999999816e-01
7.094702880000000045e-01
3.694167320000000254e-01
6.770209710000000269e-01
5.524464000000000041e-01
2.502151590000000203e-01
-1.012620699999999992e-02
5.612191090000000493e-01
2.711222790000000216e-01
3.613809980000000088e-01
5.086640000000000050e-01
6.186671809999999549e-01
2.837883769999999806e-01
4.737199460000000029e-01
2.349099890000000135e-01
1.925779800000000097e-01
1.696409670000000036e-01
4.738607420000000015e-01
2.192585569999999928e-01
3.140416399999999830e-02
2.296279880000000051e-01
4.103882549999999796e-01
3.165568979999999755e-01
4.859564120000000043e-01
3.726716549999999906e-01
3.141097600000000017e-02
-1.189367649999999998e-01
2.829225610000000168e-01
1.125518640000000015e-01
1.454745510000000075e-01
2.725259360000000242e-01
3.515298439999999802e-01
1.358093930000000005e-01
2.370211520000000127e-01
3.935235249999999851e-01
5.564864560000000182e-01
2.888048120000000218e-01
6.621941059999999490e-01
4.297492489999999998e-01
6.100860899999999837e-02
3.503394470000000260e-01
6.069223980000000296e-01
2.624182649999999839e-01
5.735066229999999932e-01
4.033524459999999756e-01
1.948069930000000116e-01
3.489795100000000344e-02
4.729690269999999863e-01
2.241175549999999961e-01
3.226483749999999873e-01
3.824771149999999786e-01
5.068276790000000309e-01
1.691654810000000064e-01
4.088532719999999898e-01
5.152040390000000025e-01
3.918493470000000145e-01
3.672846819999999735e-01
7.608930229999999462e-01
5.076843370000000411e-01
2.945006789999999874e-01
4.542144410000000243e-01
7.139339700000000288e-01
3.359470729999999850e-01
6.743734369999999645e-01
5.494321810000000195e-01
2.253262139999999969e-01
4.077532100000000326e-02
5.856524440000000498e-01
2.764253689999999763e-01
3.427394799999999853e-01
4.963950030000000013e-01
6.091805769999999454e-01
3.044162699999999888e-01
5.290943179999999524e-01
4.174991760000000274e-01
2.041736570000000084e-01
2.090766980000000053e-01
5.714509740000000004e-01
2.897312730000000114e-01
6.872556800000000077e-02
2.736047030000000047e-01
4.903809760000000240e-01
1.987930099999999922e-01
5.395874880000000040e-01
3.131418380000000057e-01
1.006343289999999946e-01
3.183455000000000312e-02
3.143808759999999758e-01
1.396687249999999936e-01
1.969948460000000012e-01
2.860576459999999988e-01
4.234229360000000275e-01
1.778532399999999958e-01
2.896989959999999864e-01
1.932553359999999998e-01
-2.041760000000000103e-02
9.506902200000000303e-02
2.015036709999999953e-01
1.038716799999999940e-01
-2.401561799999999899e-02
1.110953030000000064e-01
1.858401510000000090e-01
4.691821799999999765e-02
1.285995719999999953e-01
1.263309730000000131e-01
6.277045300000000383e-02
-5.368633000000000259e-03
7.849277699999999969e-02
4.355321399999999982e-02
7.420904200000000284e-02
5.529758600000000274e-02
1.932796579999999931e-01
3.458466680000000237e-01
5.526239000000000151e-02
4.438137970000000099e-01
3.143802179999999891e-01
2.072793069999999960e-01
6.301116960000000544e-01
3.447844689999999823e-01
8.141463499999999909e-02
3.141467290000000134e-01
5.508434330000000489e-01
1.808680330000000114e-01
5.118475009999999825e-01
3.985517299999999929e-01
1.152663710000000064e-01
2.330379399999999920e-02
3.846679909999999869e-01
1.788674450000000138e-01
2.959970120000000038e-01
3.544506330000000149e-01
4.577379400000000098e-01
1.560376699999999894e-01
3.807981469999999757e-01
1.449183830000000117e-01
1.333878310000000122e-01
1.163777990000000040e-01
3.389455250000000253e-01
1.587520470000000072e-01
6.918056699999999837e-02
1.133295250000000004e-01
2.770682440000000191e-01
4.465281560000000094e-01
2.481247799999999892e-01
1.716030849999999885e-01
1.339157860000000089e-01
-4.090780299999999953e-02
2.320026550000000021e-01
1.002157099999999995e-01
1.557238079999999913e-01
1.680832349999999975e-01
2.447876190000000118e-01
3.821855400000000180e-02
1.445401400000000114e-01
8.697625999999999968e-02
5.527834999999999693e-02
3.617548999999999765e-02
2.316754819999999881e-01
6.862647600000000569e-02
2.138651199999999988e-02
3.514402500000000235e-02
1.398038369999999864e-01
6.238383399999999912e-02
1.975594579999999933e-01
1.144759119999999991e-01
2.950186600000000159e-02
-1.797989499999999921e-02
1.141603149999999983e-01
1.022864300000000080e-02
6.397489900000000174e-02
9.857507299999999917e-02
1.805849649999999862e-01
9.742625400000000380e-02
8.763182999999999390e-02
4.295295239999999959e-01
3.101630300000000062e-01
2.096009389999999861e-01
6.292551109999999781e-01
3.592643360000000174e-01
4.572836400000000051e-02
3.517244740000000092e-01
5.827597060000000440e-01
2.550348619999999733e-01
5.424002530000000544e-01
3.947000569999999930e-01
9.756482599999999339e-02
-3.838079099999999744e-02
5.227662969999999909e-01
1.598279439999999996e-01
2.674720290000000000e-01
3.465165649999999986e-01
4.732630050000000144e-01
1.824124099999999971e-01
3.430623090000000097e-01
5.197404070000000154e-01
4.872547320000000237e-01
3.386193929999999908e-01
7.656429019999999586e-01
4.865937020000000168e-01
9.964745399999999642e-02
4.463334549999999901e-01
6.938372109999999537e-01
3.709219670000000191e-01
6.820110400000000128e-01
5.303614450000000424e-01
2.717449080000000072e-01
-6.361131000000000424e-02
5.977821580000000079e-01
2.870522200000000246e-01
3.518865270000000045e-01
4.938931730000000186e-01
6.409278529999999918e-01
2.624985750000000118e-01
5.150252920000000234e-01
9.175563310000000028e-01
9.162972719999999960e-01
9.126169800000000221e-01
9.798351809999999995e-01
9.100920980000000160e-01
8.126334229999999659e-01
9.237256950000000133e-01
9.155205650000000084e-01
9.231411269999999503e-01
9.335885800000000012e-01
8.888106220000000501e-01
8.639374749999999548e-01
3.411489039999999751e-01
9.392072120000000135e-01
8.965400220000000475e-01
9.117091950000000278e-01
9.170723670000000549e-01
9.317559050000000509e-01
8.748939129999999675e-01
9.053405650000000415e-01
2.986457779999999729e-01
2.361242359999999874e-01
2.016569719999999899e-01
4.977804419999999896e-01
2.923472069999999978e-01
8.445311799999999369e-02
2.525313499999999878e-01
5.001424150000000068e-01
1.695261110000000071e-01
4.075901399999999897e-01
3.282849259999999769e-01
7.840191999999999994e-02
-2.334647000000000111e-02
3.652226860000000186e-01
2.575503470000000128e-01
1.989496819999999888e-01
3.614486450000000128e-01
3.764660169999999861e-01
1.210911030000000055e-01
2.975151919999999839e-01
4.132068899999999934e-01
2.993701970000000046e-01
2.695435950000000247e-01
6.686840240000000435e-01
4.256220159999999919e-01
2.666651170000000071e-01
3.509578789999999726e-01
5.824779660000000137e-01
3.514718279999999861e-01
5.538899590000000428e-01
4.193790860000000120e-01
2.105170369999999902e-01
2.242301230000000034e-01
4.785294889999999746e-01
2.367150259999999951e-01
3.441402410000000134e-01
4.443064520000000184e-01
4.844287389999999971e-01
1.646997080000000002e-01
3.829870329999999767e-01
1.181617420000000002e-01
7.575059900000000179e-02
1.373031949999999890e-01
3.140631899999999921e-01
1.451637679999999986e-01
9.189666800000000080e-02
4.359275099999999903e-02
3.063095029999999830e-01
1.141287960000000046e-01
2.936726439999999827e-01
1.795677549999999956e-01
8.705961199999999456e-02
-1.879808399999999963e-02
1.979793649999999905e-01
8.537068700000000065e-02
9.999644400000000377e-02
1.608789529999999912e-01
2.088914050000000022e-01
1.002577939999999973e-01
2.357601870000000099e-01
-4.225258400000000275e-02
6.706232299999999313e-02
-1.477803500000000013e-02
5.104368599999999784e-02
-5.340851199999999827e-02
3.780820299999999856e-02
8.262746599999999664e-02
3.800222100000000269e-02
-2.821208899999999922e-02
3.934212699999999757e-02
-2.421401200000000004e-02
-2.020954000000000153e-02
-1.583377799999999974e-02
-3.327403000000000305e-02
-1.516407500000000082e-02
1.860737520000000089e-01
1.181753120000000046e-01
-4.397728900000000274e-02
3.004781000000000118e-02
-9.694193299999999403e-02
5.334396340000000514e-01
3.477004810000000057e-01
4.155344280000000112e-01
7.221209180000000005e-01
4.567543880000000112e-01
2.330549239999999966e-01
5.580394490000000207e-01
6.696874590000000405e-01
3.180074299999999798e-01
6.793033859999999535e-01
5.100931119999999597e-01
2.011887340000000080e-01
-3.287388999999999936e-03
5.497797140000000304e-01
3.455345400000000011e-01
3.273829289999999892e-01
4.602761360000000024e-01
6.099822019999999734e-01
2.852775610000000128e-01
4.521778839999999744e-01
5.687172729999999676e-01
4.614279259999999883e-01
4.236754999999999827e-01
8.070952380000000481e-01
5.581500990000000106e-01
1.256347770000000030e-01
5.174638280000000146e-01
7.507762719999999668e-01
4.528370199999999790e-01
7.290224950000000481e-01
5.933711489999999866e-01
2.687322260000000185e-01
-1.533542499999999975e-02
6.153250260000000527e-01
3.108257620000000054e-01
4.048310410000000026e-01
5.716658239999999891e-01
6.809530070000000546e-01
3.311879460000000108e-01
5.683212829999999549e-01
2.916001699999999919e-01
2.293106689999999948e-01
2.051116769999999923e-01
5.295937499999999742e-01
3.240619310000000253e-01
7.344212799999999541e-02
2.577518240000000183e-01
5.017917320000000458e-01
2.186986399999999997e-01
4.511872920000000176e-01
3.198683509999999952e-01
2.207476620000000112e-01
1.187805400000000074e-02
3.400848080000000162e-01
1.342246569999999972e-01
2.529759679999999955e-01
2.874788850000000173e-01
4.094548159999999992e-01
1.392026719999999995e-01
3.052234120000000273e-01
4.110722569999999965e-01
2.784229160000000203e-01
2.204766969999999993e-01
6.162757210000000541e-01
3.224229209999999735e-01
9.422576700000000194e-02
2.904228990000000121e-01
5.548978199999999861e-01
2.521222200000000080e-01
5.172356590000000143e-01
3.833870369999999861e-01
1.588180800000000004e-01
1.207138569999999939e-01
4.240523609999999888e-01
1.742486729999999928e-01
2.371236090000000130e-01
3.380301689999999915e-01
4.581902440000000243e-01
1.819024459999999954e-01
3.377894049999999870e-01
4.638458209999999915e-01
3.615893960000000074e-01
3.022471720000000084e-01
7.136456159999999826e-01
4.647292670000000014e-01
7.517587000000000574e-02
4.257268080000000121e-01
6.692154750000000041e-01
3.192545210000000133e-01
6.123333389999999765e-01
4.713878200000000129e-01
2.087870219999999888e-01
-2.804320999999999810e-03
5.679996929999999722e-01
2.654276070000000098e-01
3.192139399999999738e-01
4.387859720000000241e-01
5.954613949999999489e-01
3.483967009999999753e-01
4.440723779999999898e-01
2.565553099999999809e-01
1.297808030000000001e-01
1.574018070000000047e-01
4.587255219999999967e-01
2.005755959999999949e-01
1.050595049999999975e-01
1.742992869999999972e-01
3.798251040000000245e-01
1.832057310000000105e-01
3.629225939999999873e-01
2.145281440000000039e-01
1.637449049999999962e-01
-1.033446699999999996e-02
2.698559369999999902e-01
1.070900320000000017e-01
1.655825180000000119e-01
2.178395479999999940e-01
3.721655979999999864e-01
1.685214080000000114e-01
2.085060149999999890e-01
3.877011320000000039e-01
3.017876609999999848e-01
2.640112780000000159e-01
6.735541590000000411e-01
3.641187300000000016e-01
8.144829200000000546e-02
3.443725690000000172e-01
5.788600710000000316e-01
3.040641230000000195e-01
5.411936999999999998e-01
3.866433819999999799e-01
3.106112610000000274e-01
-2.624405499999999877e-02
4.863612520000000217e-01
2.019889229999999869e-01
2.417098689999999939e-01
3.800286540000000213e-01
5.074109909999999779e-01
1.848602980000000062e-01
3.712417109999999743e-01
2.711405219999999949e-01
1.679079810000000117e-01
1.931146380000000051e-01
4.282209200000000049e-01
3.028325829999999885e-01
2.271924300000000008e-02
2.253986060000000013e-01
4.204151790000000277e-01
2.161883460000000035e-01
3.663181400000000143e-01
2.501879859999999733e-01
1.386053309999999983e-01
3.436730400000000130e-02
3.450502870000000111e-01
1.543725900000000040e-01
2.723245630000000195e-01
2.410221220000000053e-01
3.480858419999999787e-01
1.582503150000000025e-01
2.543410890000000202e-01
1.021485119999999969e-01
6.973594800000000593e-02
1.783946560000000126e-01
3.404151670000000185e-01
1.805570410000000015e-01
2.511278999999999942e-02
2.880819980000000058e-01
2.753670200000000179e-01
4.096566000000000270e-03
2.737526140000000052e-01
1.466628829999999939e-01
-3.644769300000000323e-02
1.519581700000000035e-02
2.313784150000000039e-01
-3.875118100000000260e-02
8.187287299999999879e-02
1.794872150000000055e-01
1.976499840000000008e-01
1.433098660000000080e-01
8.308884699999999346e-02
-2.094849600000000048e-02
8.526229899999999973e-02
2.045184300000000080e-02
1.108318769999999953e-01
3.778194199999999892e-02
-1.735438900000000131e-02
6.777218399999999920e-02
4.642063899999999965e-02
7.271674399999999983e-02
1.415981729999999938e-01
2.549657699999999944e-02
-7.196872099999999939e-02
-1.054251999999999967e-01
1.269599979999999906e-01
-2.995663800000000071e-02
8.185533999999999519e-03
1.639209299999999994e-02
1.466798850000000098e-01
-3.281223999999999946e-02
7.428071199999999874e-02
2.551652079999999767e-01
2.398809929999999868e-01
2.555010229999999938e-01
3.856095699999999987e-02
2.268570510000000040e-01
3.421549910000000194e-01
3.735985900000000220e-02
2.974015320000000240e-01
2.238411929999999939e-01
2.046165279999999920e-01
-1.930269700000000060e-02
2.662826440000000128e-01
1.525182350000000020e-01
1.532897799999999866e-01
1.809472229999999904e-01
2.979144839999999794e-01
4.067547500000000260e-02
2.371668399999999899e-01
1.326691030000000104e-01
1.450659179999999882e-01
5.983610899999999844e-02
2.759852460000000174e-01
1.079549540000000057e-01
1.449786899999999934e-01
1.117761840000000007e-01
2.708928959999999941e-01
2.082484430000000053e-01
6.891620499999999427e-02
1.221216000000000012e-03
-7.672109800000000146e-02
1.404473300000000091e-01
7.028130300000000330e-02
4.362217399999999967e-02
9.169774599999999665e-02
2.649614590000000103e-01
1.075181790000000054e-01
1.004877650000000067e-01
7.244366100000000641e-02
1.967026800000000117e-02
8.991613499999999426e-02
1.061872549999999943e-01
2.459737999999999855e-02
5.842107099999999803e-02
3.003291799999999873e-02
1.700767300000000093e-02
5.919251200000000268e-02
2.956024700000000061e-01
-2.342297499999999866e-02
-6.287312700000000087e-02
2.172809999999999846e-03
8.900703999999999561e-02
2.148433599999999971e-02
9.281924599999999415e-02
8.867075600000000335e-02
4.187584999999999918e-02
7.802078199999999686e-02
1.654622400000000104e-01
6.875238899999999709e-02
3.499257450000000103e-01
1.964417089999999921e-01
7.154447799999999469e-02
1.561587829999999955e-01
5.110871430000000215e-01
1.272166550000000118e-01
2.851679269999999877e-01
1.067981729999999962e-01
4.304471599999999676e-02
-4.927652200000000315e-02
2.536336069999999832e-01
1.195469859999999940e-01
1.096134470000000027e-01
1.789152029999999949e-01
2.741750580000000270e-01
6.239842799999999884e-02
1.599540799999999985e-01
3.257923030000000053e-01
2.629139600000000021e-01
2.467159549999999868e-01
5.445232890000000214e-01
2.679826189999999775e-01
4.183097699999999836e-02
2.365328489999999895e-01
4.826056479999999982e-01
2.094932330000000009e-01
4.283813750000000087e-01
3.435058260000000141e-01
1.116473199999999943e-01
-1.094351149999999995e-01
3.727299510000000038e-01
1.973815539999999868e-01
2.162962969999999985e-01
3.055522010000000233e-01
4.238948730000000054e-01
1.424772209999999872e-01
2.745986979999999744e-01
9.193984910000000399e-01
8.797089030000000420e-01
8.672530960000000011e-01
9.734074929999999570e-01
8.962055209999999494e-01
6.521270660000000330e-01
9.336598720000000018e-01
9.198199710000000140e-01
9.021825039999999962e-01
9.239795729999999985e-01
9.329343230000000098e-01
8.121720590000000017e-01
1.488539070000000075e-01
9.181917440000000319e-01
8.691428390000000004e-01
8.655335929999999900e-01
8.916702829999999524e-01
9.220771239999999702e-01
8.441761340000000224e-01
8.993993279999999979e-01
1.828587590000000096e-01
1.663994560000000011e-01
1.290345250000000110e-01
3.130269450000000009e-01
1.417396069999999897e-01
4.490101999999999982e-02
1.497597559999999939e-01
2.607335989999999826e-01
3.714354799999999845e-02
2.132750250000000070e-01
1.267066299999999868e-01
6.904660699999999596e-02
-1.966055300000000075e-02
1.477295859999999961e-01
1.340790799999999963e-02
1.549843519999999919e-01
1.188419420000000060e-01
1.786574720000000116e-01
8.872676899999999700e-02
1.641404589999999886e-01
1.951866090000000109e-01
2.976016730000000110e-01
1.632934420000000109e-01
3.964142880000000035e-01
1.952741179999999965e-01
6.300911700000000337e-02
2.433594590000000002e-01
3.500218469999999971e-01
9.653256999999999810e-02
3.368206750000000138e-01
3.037869510000000273e-01
6.908251999999999449e-02
1.091853470000000020e-01
3.184846510000000075e-01
1.325508840000000077e-01
1.701916689999999899e-01
2.221896839999999984e-01
2.716927259999999955e-01
7.383377800000000268e-02
1.976195050000000009e-01
1.211273860000000036e-01
4.121826299999999804e-02
8.223905600000000482e-02
1.963407369999999874e-01
4.327272900000000283e-02
4.989416700000000315e-02
5.977229500000000306e-02
1.815943060000000109e-01
8.274527900000000491e-02
7.987272800000000395e-02
7.263159600000000660e-02
4.549408399999999714e-02
-6.367678699999999858e-02
1.146543200000000040e-01
5.943205299999999858e-02
4.539595800000000014e-02
9.434600699999999562e-02
2.877446889999999979e-01
7.980910000000000781e-03
1.241005740000000052e-01
4.348458100000000132e-02
-4.709315599999999713e-02
-1.762856299999999987e-02
-8.378916299999999984e-02
1.961201300000000036e-01
-1.000075599999999953e-02
-6.402159100000000269e-02
8.570583900000000588e-02
1.242028499999999966e-02
-4.355531000000000159e-03
1.758734600000000023e-02
2.259077199999999855e-02
-6.249599200000000021e-02
4.144180299999999928e-02
-1.643219599999999961e-02
4.810796999999999990e-02
7.826853200000000177e-02
2.811182939999999908e-01
2.161971219999999916e-01
1.916794129999999929e-01
4.202225099999999935e-01
3.076205419999999968e-01
-1.982422299999999846e-02
2.741220120000000260e-01
4.635677830000000110e-01
1.318210509999999946e-01
4.119382340000000142e-01
3.832070289999999768e-01
2.812118300000000098e-02
-1.004798850000000049e-01
2.372202700000000108e-01
5.585793199999999903e-02
1.981160429999999917e-01
2.764770930000000071e-01
3.728983129999999813e-01
1.088115020000000044e-01
2.788937400000000011e-01
3.762633750000000110e-01
3.647159710000000277e-01
2.225721230000000106e-01
5.717151000000000316e-01
3.756787520000000047e-01
2.732527880000000242e-01
3.149444180000000038e-01
5.253912899999999553e-01
3.673148629999999915e-01
4.989377389999999912e-01
3.348807109999999976e-01
1.318546280000000015e-01
2.500711780000000051e-01
4.156128680000000242e-01
3.910339689999999813e-01
2.590462849999999873e-01
3.335431150000000011e-01
4.772464510000000160e-01
1.980304439999999999e-01
3.397349069999999749e-01
1.840016509999999883e-01
1.442046019999999873e-01
6.352571299999999754e-02
3.277447680000000196e-01
1.549621290000000040e-01
1.525015199999999946e-02
1.454939259999999956e-01
2.748921830000000122e-01
4.439675860000000251e-01
2.744964149999999936e-01
2.030172000000000088e-01
1.242860570000000053e-01
4.178000700000000095e-02
2.387067200000000111e-01
6.308921900000000194e-02
2.245283429999999913e-01
2.014182979999999956e-01
2.744283989999999895e-01
1.054426809999999964e-01
3.604544190000000259e-01
2.133490150000000030e-01
2.460262009999999999e-01
1.010011199999999998e-01
3.678614610000000007e-01
1.732052880000000128e-01
6.552101700000000084e-02
1.830774649999999948e-01
3.789141739999999925e-01
1.878960909999999873e-01
3.122695300000000174e-01
2.276112389999999930e-01
3.277117200000000119e-02
-1.337291770000000046e-01
3.644888880000000109e-01
1.163474550000000024e-01
1.166200929999999941e-01
2.345602460000000000e-01
2.367669880000000115e-01
8.682757700000000300e-02
1.798169920000000088e-01
2.694922100000000098e-01
2.282126700000000064e-01
1.905435159999999961e-01
5.025071740000000009e-01
2.910898679999999739e-01
1.197362790000000010e-01
2.348697509999999877e-01
4.098730999999999902e-01
3.033514749999999816e-01
4.153035469999999951e-01
2.999872929999999882e-01
2.911665039999999927e-01
4.650870299999999846e-02
3.338053890000000079e-01
1.689236339999999892e-01
2.470838690000000115e-01
3.954196719999999998e-01
3.504616629999999788e-01
2.697924320000000264e-01
2.650433529999999815e-01
2.475185629999999970e-01
1.275024839999999993e-01
4.592958890000000127e-01
1.901026480000000130e-01
-6.148227299999999701e-02
1.914067449999999893e-01
2.888329000000000035e-01
1.139618369999999964e-01
3.095795579999999769e-01
8.933165699999999487e-02
-7.019420000000000173e-03
2.380324520000000055e-01
1.281301880000000060e-01
1.441088329999999917e-01
1.611133349999999964e-01
3.876842659999999996e-01
1.555025580000000129e-01
1.652575490000000036e-01
3.122683479999999734e-01
1.783666110000000082e-01
1.353635780000000122e-01
4.537538649999999785e-01
2.470355029999999896e-01
8.548484000000000291e-03
2.221701000000000092e-01
4.946263000000000187e-01
2.710521439999999949e-01
3.515195990000000159e-01
2.278601729999999992e-01
1.565990160000000075e-01
-4.381973100000000065e-02
2.609765430000000053e-01
1.327105590000000057e-01
1.991289380000000053e-01
2.308429509999999907e-01
3.539152540000000124e-01
9.779427899999999785e-02
2.600256859999999781e-01
3.626016160000000155e-01
2.757756639999999759e-01
2.281412620000000113e-01
5.592166699999999713e-01
3.020142829999999945e-01
7.211573799999999868e-02
3.082074810000000054e-01
5.780623289999999859e-01
2.541419360000000127e-01
5.173784909999999959e-01
3.838184550000000028e-01
1.777375999999999956e-01
-6.582818699999999634e-02
4.328635639999999785e-01
1.612317759999999933e-01
1.787646509999999966e-01
3.414676739999999988e-01
4.733929829999999894e-01
1.828985880000000008e-01
3.480036109999999905e-01
1.765619380000000016e-01
1.589868299999999957e-01
1.591639479999999995e-01
3.916343059999999876e-01
1.887070590000000103e-01
2.163949299999999923e-02
1.301428480000000054e-01
4.250493719999999809e-01
1.300221400000000083e-01
3.503440079999999845e-01
2.096145179999999997e-01
3.483814999999999915e-03
-1.088390229999999931e-01
2.530917220000000190e-01
1.394524099999999989e-01
1.169782080000000002e-01
1.813259750000000003e-01
3.487086959999999847e-01
6.364413300000000551e-02
2.866317039999999872e-01
5.047073299999999679e-02
7.210518200000000377e-02
3.988500139999999750e-01
8.901728100000000365e-02
2.355666400000000146e-02
3.103990499999999958e-02
1.363029070000000009e-01
3.604160339999999962e-01
1.122160239999999976e-01
9.253168400000000293e-02
3.233643199999999829e-02
4.057879699999999978e-02
-3.863539299999999704e-02
1.204114510000000027e-01
5.954850999999999721e-03
-3.095042000000000106e-03
5.240161299999999966e-02
1.252348500000000087e-01
2.629116999999999826e-03
8.631259900000000373e-02
3.312183049999999906e-01
1.887007310000000104e-01
1.805851159999999900e-01
5.379662750000000493e-01
3.091386460000000169e-01
5.897114800000000101e-02
2.881033829999999907e-01
5.002623430000000537e-01
2.089129510000000134e-01
4.298754060000000154e-01
3.037745600000000268e-01
-5.714567999999999731e-03
7.065669700000000442e-02
3.499710690000000235e-01
3.156090570000000262e-01
2.497809820000000125e-01
2.944524980000000070e-01
4.489104030000000134e-01
2.085094929999999902e-01
3.179278070000000067e-01
1.931457279999999888e-01
9.375484100000000542e-02
1.125484010000000062e-01
1.693933220000000128e-01
5.495484300000000322e-02
1.542557900000000037e-01
3.514772150000000095e-01
1.486190370000000094e-01
2.679420980000000174e-01
1.748616080000000017e-01
-3.268079100000000070e-02
6.455460400000000154e-02
2.210561249999999922e-01
9.462494000000000460e-02
1.056116069999999962e-01
3.866790629999999895e-01
2.231011509999999975e-01
1.560467080000000062e-01
1.376378349999999862e-01
5.128748999999999808e-02
-4.552530000000000270e-04
1.081034839999999997e-01
1.646645399999999981e-01
3.368203300000000011e-02
3.973747100000000337e-02
9.751576100000000635e-02
1.884809499999999874e-02
1.436939150000000054e-01
2.501212159999999796e-01
2.214522029999999864e-01
4.442963000000000294e-03
2.698468299999999889e-02
1.218514899999999929e-02
6.072995700000000108e-02
5.314571399999999668e-02
2.994791359999999791e-01
3.314527999999999919e-02
6.907290700000000283e-02
3.117475860000000210e-01
1.176017270000000031e-01
9.961143000000000081e-02
4.766032610000000003e-01
2.723854050000000249e-01
9.477433999999999858e-02
2.333251670000000000e-01
4.747525260000000080e-01
1.389916599999999891e-01
4.708611200000000219e-01
3.089883580000000185e-01
9.339184400000000164e-02
-3.653501199999999866e-02
3.029644770000000098e-01
2.143656199999999928e-02
2.129693890000000089e-01
3.684615039999999953e-01
3.816386540000000216e-01
2.116614619999999947e-01
2.485134960000000004e-01
4.343208170000000257e-01
2.989234029999999764e-01
2.906512210000000151e-01
6.771983169999999941e-01
4.069278470000000092e-01
9.201015599999999572e-02
3.533607710000000179e-01
6.322258480000000347e-01
2.911261030000000249e-01
5.633085770000000325e-01
4.510606280000000190e-01
2.731800070000000025e-01
2.256984170000000123e-01
4.850957109999999850e-01
3.657177999999999818e-01
2.924835210000000241e-01
3.933511000000000091e-01
5.114656119999999584e-01
2.308837629999999919e-01
3.990517419999999871e-01
9.313623460000000076e-01
9.310116120000000439e-01
9.313485120000000173e-01
1.003989835000000053e+00
9.156464859999999817e-01
7.517248890000000072e-01
9.423793289999999878e-01
9.514625199999999783e-01
9.111741669999999793e-01
9.372204520000000372e-01
9.064113019999999743e-01
8.611510700000000185e-01
2.206683060000000085e-01
9.439853919999999787e-01
8.933401640000000477e-01
9.153635319999999798e-01
9.293271029999999877e-01
9.309046199999999605e-01
8.891425459999999781e-01
9.391638759999999531e-01
2.193464679999999889e-01
1.557127030000000079e-01
9.391576599999999775e-02
4.016050930000000241e-01
2.459837609999999952e-01
5.490010299999999871e-02
2.633728810000000031e-01
3.428686879999999770e-01
1.371017180000000113e-01
3.213064629999999866e-01
2.115237739999999977e-01
1.184041589999999949e-01
3.252465599999999901e-02
2.581189179999999750e-01
1.382327710000000043e-01
1.645421659999999897e-01
2.323837780000000131e-01
2.960788560000000014e-01
2.418896979999999863e-01
2.124998369999999970e-01
3.386877249999999950e-01
2.351122280000000064e-01
1.645169469999999967e-01
5.532696059999999694e-01
2.918941230000000053e-01
9.250348799999999483e-02
3.325094920000000176e-01
5.110858489999999810e-01
2.358148860000000013e-01
4.500813900000000256e-01
3.298932809999999827e-01
1.167090590000000039e-01
1.426214000000000093e-01
3.469038810000000250e-01
1.488761369999999917e-01
2.574501799999999729e-01
3.057643219999999773e-01
4.451708469999999807e-01
9.835252599999999568e-02
3.275351029999999941e-01
1.079110540000000062e-01
7.612410099999999957e-02
3.040382599999999838e-02
2.600659189999999787e-01
1.474462639999999936e-01
-2.732346999999999901e-02
1.434084160000000108e-01
2.190124169999999870e-01
1.264321379999999995e-01
1.788882199999999867e-01
1.432114280000000017e-01
7.284831199999999840e-02
1.954584499999999919e-02
1.182688060000000041e-01
1.185558869999999987e-01
1.398183209999999954e-01
1.477078290000000127e-01
1.641194810000000115e-01
5.835108800000000234e-02
1.188851040000000053e-01
9.947087200000000184e-02
4.730147999999999991e-03
1.063765019999999978e-01
2.480645100000000020e-02
5.298657600000000051e-02
-5.271737600000000329e-02
3.179292910000000028e-01
1.218677100000000076e-02
-2.208984799999999873e-02
-6.117769999999999805e-04
1.642818999999999877e-02
-6.895477699999999488e-02
-1.066446350000000015e-01
-2.121989999999999922e-04
-9.130530600000000274e-02
-1.991933400000000035e-02
3.623501900000000026e-02
-6.883531499999999415e-02
-6.933078099999999411e-02
4.117168239999999813e-01
3.056392259999999861e-01
2.653017830000000132e-01
6.114584690000000045e-01
3.921551160000000258e-01
-2.113232300000000147e-02
3.079172419999999799e-01
6.130162719999999732e-01
2.478008529999999876e-01
5.644697779999999776e-01
4.716609290000000065e-01
1.504331369999999946e-01
-3.023601600000000098e-02
4.415884310000000035e-01
1.907719710000000124e-01
3.311489879999999775e-01
4.001660049999999913e-01
4.940492309999999776e-01
2.304736330000000111e-01
3.825968269999999727e-01
4.964442800000000156e-01
3.727920080000000080e-01
3.220668999999999893e-01
6.746820700000000226e-01
3.895891209999999827e-01
9.151989000000000651e-02
3.829837320000000211e-01
6.366815820000000237e-01
3.180919280000000238e-01
6.111030509999999527e-01
4.552174489999999962e-01
2.033980129999999886e-01
1.691649699999999909e-02
4.802425419999999945e-01
2.500333739999999749e-01
3.047386120000000198e-01
4.489356740000000068e-01
5.427669459999999724e-01
2.919803489999999724e-01
4.253288989999999825e-01
2.490106950000000041e-01
1.841616199999999981e-01
1.575790159999999884e-01
4.168428430000000184e-01
2.397581950000000073e-01
8.112203599999999459e-02
2.104749850000000033e-01
4.491818859999999747e-01
1.383309849999999896e-01
3.793996829999999876e-01
2.811679260000000125e-01
1.273630169999999950e-01
1.159552299999999994e-02
2.807706460000000126e-01
1.279826880000000111e-01
1.763962299999999872e-01
2.175344720000000065e-01
3.261250110000000202e-01
1.715763309999999986e-01
2.617282100000000167e-01
2.854804369999999758e-01
2.379649540000000063e-01
2.001507899999999951e-01
4.775702119999999939e-01
2.750430779999999964e-01
8.591862200000000005e-02
3.640293680000000198e-01
4.525115180000000015e-01
1.613862490000000094e-01
4.189431040000000106e-01
3.122023910000000235e-01
4.678821899999999895e-02
-1.960930300000000154e-02
3.357677760000000178e-01
8.346180699999999897e-02
1.912242100000000056e-01
3.398325030000000080e-01
3.673411380000000115e-01
1.467237180000000030e-01
2.907419740000000141e-01
3.695620290000000141e-01
3.179170940000000112e-01
2.400472339999999982e-01
6.389354250000000013e-01
3.739628179999999746e-01
6.301999099999999743e-02
3.618571760000000026e-01
5.701300200000000151e-01
2.789815689999999848e-01
5.270225440000000372e-01
4.162555019999999995e-01
1.905360110000000051e-01
-5.731974100000000044e-02
4.235986620000000147e-01
1.948151929999999976e-01
2.673597790000000196e-01
3.562761819999999968e-01
4.611143229999999926e-01
2.722708369999999878e-01
3.947717880000000124e-01
2.736492369999999896e-01
1.851973030000000076e-01
3.115762599999999938e-01
5.278848229999999475e-01
2.969856940000000223e-01
4.491861800000000043e-02
2.485140379999999927e-01
4.378817749999999731e-01
1.976777160000000033e-01
3.925560779999999750e-01
3.884987449999999787e-01
1.628400879999999940e-01
-1.543287900000000004e-02
3.643166939999999965e-01
1.302977620000000114e-01
1.845766620000000025e-01
3.173435259999999869e-01
3.795835160000000097e-01
4.411735600000000340e-02
2.981020059999999750e-01
3.403009730000000066e-01
2.035757619999999934e-01
2.005087789999999981e-01
3.284409730000000249e-01
8.530217299999999503e-02
3.097339969999999831e-01
5.259178249999999499e-01
3.315598359999999967e-01
4.707387410000000161e-01
3.189500619999999786e-01
1.648362050000000134e-01
-6.299326500000000661e-02
3.600955310000000242e-01
1.750111099999999975e-01
1.879259550000000056e-01
2.804242410000000185e-01
4.135104490000000022e-01
2.761493170000000053e-01
3.267582310000000101e-01
